student_id,feature_1,feature_2,feature_3,feature_4,feature_5,feature_6,feature_7,feature_8,feature_9,feature_10,feature_11,feature_12,feature_13,feature_14,feature_15,feature_16,feature_17,feature_18,feature_19,feature_20,feature_21,feature_22,feature_23,feature_24,feature_25,feature_26,feature_27,feature_28,feature_29,feature_30,feature_31,feature_32,feature_33,feature_34,feature_35,feature_36,feature_37,feature_38,feature_39,feature_40,feature_41,feature_42,feature_43,feature_44,feature_45,feature_46,feature_47,feature_48,feature_49,feature_50,feature_51,feature_52,feature_53,feature_54,feature_55,feature_56,feature_57,feature_58,feature_59,feature_60,score
20001,-2.3288545686405824,0.5597442452862049,0.6680133992166174,1.6923165032726222,-1.8709020365058113,-0.7028186857547809,0.3234256595782577,1.3851396036430315,-3.7033959064371547,-4.051344436185917,0.5670418582069119,-1.3812050545078567,2.2209021810604086,-0.6120025179870523,-0.8543438462406124,0.5361678361641931,-5.52669998140739,0.5399556993967097,-2.6598863866585156,-0.36566775020093334,-3.3593386731527852,-0.5913872770276118,-0.8905525243791677,0.35289392287149374,5.997029636381869,0.20818877034402686,1.6377838644092828,2.8825274256623223,1.9789007835949572,0.28280851146128866,4.697110468008578,2.8217697746830233,-0.7295244809933688,4.685124814537903,-1.7192396771258625,0.7349638220712963,-1.2729260219055054,-0.5415649583605132,3.9924263728900824,-4.615733441134796,4.187095585295554,-1.030099654945551,3.9905114212211408,-1.5372812858955613,0.8764399899281811,-4.159712403815078,-2.3309164999515843,4.306871667670379,-0.8358075426210313,-1.2542148072163206,-3.2136313724155525,-3.2333807949649227,-2.1877646401205877,2.1726065806237456,-2.66359090942824,0.72876405440992,-1.8192722149874645,3.2291254700265886,-0.26073789081956916,-0.7841504628135518,91.982
20002,-3.1354287831532037,-1.8003187599965882,2.943507574790714,1.1173618594155545,0.018803703594779814,-2.424260098528323,4.049545806372152,0.49572263793586874,0.8207669792279872,-1.301014383534532,1.2372549763026874,3.3520523699059277,1.841384695269604,-0.0034067822435890904,5.395298740842965,2.0216682911610193,-0.5399105874458119,-4.223490232486927,0.881772045323991,-2.2081919352789505,-4.978047714617698,0.42716278768342153,0.9250319432165316,-3.194032287591261,0.3419404736794073,-0.5942744237860648,1.2247423148557082,-1.034639864127465,-0.47408933075303783,3.1792444219603277,4.0512863675679816,6.991265850698436,-2.1898556694247597,7.106882066037531,-3.0555954046895373,1.4179913210136323,3.5463555656375347,1.3744835171143313,-1.0007580688078914,-4.463922735986472,5.224673292531294,3.923650954445516,-3.0079766789114117,-3.90500688407689,2.4790420188663194,-1.3878267085680698,-3.457181680516622,-4.317679951242455,-2.1889555933362637,-3.1763295819150317,-2.052731506199992,1.6181160817282558,2.908977631629928,6.613519374854067,-1.568338655194049,-3.9219772565084488,-4.068052562701032,3.211413178776425,-0.04606085333035442,-0.03806600605293552,76.187
20003,0.19842879287951484,1.4209009383539895,-0.3513616277772491,1.7007117212928455,-1.9222963834189912,1.347881409937556,-1.5614853127023856,0.8770761736449422,0.14625076044332158,-1.617097655794112,-0.05351552144208338,1.6722144075030456,1.3779689538266897,2.4951236679774107,0.9836564141159942,-0.2469538434854053,1.375391963024712,-4.019272578315319,-2.1999186672313016,-1.5849104974200219,1.4543941362455286,2.752960937509701,0.6722505886419817,0.7233121015412105,-1.1849182001460337,-1.0784216725424831,-0.5697763051592084,-1.8365192630665899,0.1317009998555678,1.5286840569616396,-0.8169787255410245,0.18968802395427917,-0.6476672435763567,0.7787727742382886,-1.8403563537986276,0.6319778568249164,0.0004702299249716019,0.9111466882552367,-3.659251036972853,-1.4147793553144967,0.9802905342584587,-0.4682843987156874,-3.3927507631133347,0.550659394981585,0.005120718818939607,1.3923979207774362,2.995337696376943,-4.410187746939588,1.9992714683116763,-0.9862463519589275,0.25145773582066844,-0.3870576829096746,-1.2382363067883877,1.900852151919373,1.70829351871798,-1.285480489736857,3.020175866293351,0.1063363361804346,0.9308614867576052,2.490208578455803,85.949
20004,-0.6920379577885847,1.3968314375287947,-5.808069303782885,0.9988323794678502,-0.924545357018879,2.3019233607688006,-6.759900887526485,4.803170612778088,-2.1706022688679254,-1.665039756054056,2.4534705317124623,-1.9902966001773277,-1.838964195075915,0.5532849663025179,-2.0169976070667075,0.03541041719836996,3.042217368283032,-3.260044234152404,-4.522159203976229,-0.02706988621895068,2.172099242719779,1.3107392702637635,-1.9491276640635073,-0.7248353807497371,-2.8312642537604122,3.2297030564906395,-0.6030018883571876,-0.39396229863722954,-3.1269404364150324,3.787728872473824,-0.46682555066260256,-1.49002676107468,0.914805069781599,-0.4567412441945989,0.3971523016127161,2.3787870558085262,-0.7930777590652889,-2.589375232310537,-1.668906735775651,4.040456603204141,1.9039700318889503,-0.3775655248477784,-4.799606855790174,2.972671379758378,-4.0361719252926935,-1.767623823292436,5.792226571594388,-4.182082090403582,3.7879648521616334,3.928640981600531,2.5955862292283642,4.4711069255079305,-3.862057435449983,2.0616921514402367,2.797504662752331,-0.7868181905399612,7.336333436999952,1.2414322237179347,-1.2422739250192159,8.458696340370937,15.39
20005,0.32059533989260924,0.6650856879077341,0.115543660064229,0.2910842744385671,0.02906033354960743,-0.11571575099870232,-0.014986636947042553,0.2531265612904255,1.1773904756534272,-0.7183569218185448,0.04698906117206165,-2.1077988136206076,-0.06908645321038076,-0.19441206638355232,0.08974552601527583,0.31520500957354014,2.7612449757893716,-1.1514101883674777,-1.059593520914755,-0.5563033770060829,0.6270458138646334,0.08460222254056385,-0.27545291892545454,0.9458174958036447,-2.123070806042906,1.2075442847181943,-0.2698153095417508,-0.8252228297375521,-1.3965765588220826,-1.566852371158249,0.25964071819969486,1.2744338135461895,-0.8171764558159954,0.12764491588384935,-0.7723002653641462,1.3609291657906084,0.26141808837642067,0.13644524100641325,-1.7506145516380318,1.8885473332423761,0.9576634378156215,-0.003975447775486113,-0.5407459557842771,-1.347904897606597,0.8048627709665065,-0.2406433829162635,-0.46626089440433527,-2.4631599801455364,0.022010531765632044,1.5997729701702992,0.43189921793184494,0.3724046218410047,0.4201760207565387,1.6921959498675063,1.002391553188085,-1.0759026938722058,-0.20404862478118113,-0.07127932329797114,-1.702429691099923,1.5799512121076167,66.679
20006,1.0568212002364648,1.9124762758123348,1.205315602977919,1.804991468517732,-1.2566571052578484,0.89039827508414,0.6247927737260174,-1.4806468587203356,0.761906935446805,-1.2186011391871523,-1.160097667085682,2.6741007662010614,2.99935090333054,2.4435245176837768,2.1978623872750207,0.10489068485014391,-0.34596350518799757,-3.771639394597565,-0.3191575716335894,-1.5098863275506356,2.354104140741405,2.696133292397429,2.5466100369546587,2.415317951762491,-1.6905913801191184,-2.626850934302739,-1.218857015314018,-1.9694758496613756,1.0455075956795201,1.2173336802300296,-2.1513554024378507,0.060969899244939035,-1.6132270532601312,2.003615314683897,-2.285212816805968,-0.8020132095450897,0.2970478582370216,1.5928993781076206,-4.163858597200916,-3.3425043028642665,0.08608561797389055,0.1446939720964277,-1.9655855840984793,0.11897614159088363,1.1774189654400566,1.482732578339694,2.026274609218903,-3.8096525719861427,1.905635945437555,-3.2877635329834445,-0.39323797791298626,-0.995179523339647,0.179715673740339,2.104510364123247,1.2398314316772463,-0.5056211128301614,1.412195189450368,0.17288983843601552,2.045914812958958,1.4978742328596353,122.929
20007,4.42847731040662,4.1144239124942406,1.3869569186954878,2.415935314716731,-1.362158704800772,1.3993224115218843,0.6165879440880068,-2.551718210986096,3.950464028448735,0.06712075327288239,-1.9324382256290797,3.0588273458899167,3.3753583248843606,4.153488368887828,3.4930958387855098,0.3116251323572246,3.7642555204551207,-6.793040605079782,0.6075115850351966,-3.099153966389583,6.664728033730842,3.95464543398219,5.189865662347466,4.698226238755784,-7.269112691563825,-4.360097544541629,-3.192223735211379,-5.729630036188024,-0.4736555542756629,0.1940109343107965,-6.0954470845280015,-0.9310701314015766,-1.6836571081717102,0.15932646435363307,-3.1522759714295723,-0.2110234694228187,1.1448912813242624,2.008950039892083,-9.665219753047493,-0.9874295660716971,-2.0972806675014266,-0.007952700025970871,-4.960751786587712,-0.6009738429199678,1.4581023805208915,4.342601170694602,5.009479575207313,-9.274140357786694,3.320537009362511,-3.704934041720161,1.4324365385418525,-0.05741309226390892,1.799888206348621,3.3364159959710027,4.07957033174971,-1.843866630046277,4.249399235107559,-1.7168548364868466,1.5392446249220324,4.710940522542169,153.48
20008,4.186471617122451,3.826733579746068,-0.07110039079668651,1.9366031581655094,-1.8979143808507406,2.5174302516586864,-0.8957394025105622,-2.782216614742942,2.412952082438213,0.8958040915297704,-2.3987380362544304,5.385554113015778,3.487104864980093,4.88840878849819,2.1603740932663,-0.8213699761890976,0.937638446617747,-4.8082048911502495,1.2545736636152012,-1.8225854377305521,7.161518198922877,4.39918025901886,4.759096581646303,4.159521229957844,-5.099104042779779,-5.873224781854293,-2.586728875226608,-4.054004346020236,1.4966462965251355,1.5862106090552022,-7.8593379668051435,-4.165587223091366,-0.39173404354229957,-2.457231453709335,-1.4809967035345282,-2.205630306898726,-0.24436540858035558,1.679068900816512,-7.804484350732285,-2.3739841795377434,-4.449620500727506,-1.3650507501839209,-4.199914125124564,2.777299706733068,0.13120488388876103,5.517141747077866,6.940817738778061,-6.336960095536799,4.78617590987877,-4.502562677813271,1.2670617206766186,-1.210131652612355,0.16042040144036057,-0.3344989422842149,3.0961315388323096,-0.32516478327312087,5.5387041302282,-2.6004261536558513,3.9430660072546924,2.9170891097006093,147.549
20009,-1.816154498761962,-1.5706882059907932,1.3830234098408742,0.07963424485426246,-1.4177835906672145,0.5565026181684362,0.3031614278080705,0.1324712004179313,-0.2660092462959185,-1.0547165169591086,-0.9019780441396655,2.273577647584407,0.18081490009250495,1.618582694234615,1.1625617615333768,-0.6676231597666682,0.7542069924329794,-0.1624789070170859,-1.246070429304975,-0.6150468635337829,-2.4686950421027696,1.3313084584179784,-1.2521740463432949,-1.291444945177037,2.0854049055642623,-0.2800155566151152,1.5290540466510578,-0.39475035963763005,1.578974827151427,0.5211486826125915,0.9761723553678552,1.1681789587960083,-0.025531878188735556,-0.27389418630168644,-0.9817956696761064,0.26308542906441934,0.44495459227428025,1.0679715748109462,0.41525828260914,-2.160145719672148,1.7638034185426832,-0.809842707565344,-0.7493303994744325,-0.19098459605717552,0.3429248184314561,1.782411625483626,-0.9179496148737141,-0.10831169405678873,-0.5714269909925125,-0.5520411314399293,-0.8725983903484272,-2.131772487965055,0.004143976689702844,-0.19601842732717567,-0.39501506304347583,-0.8520610297211235,-0.6917957641299565,-0.5837000774702443,0.5285963282233234,-3.3450237726221728,58.573
20010,-2.0214184033870835,0.717271494399585,-2.3073864340703576,1.841015293766315,0.19726338246275918,-1.5999453323118729,-0.18725333820234574,2.635430366483459,-1.297530583504999,-0.9209458916204625,2.2773023605015688,-0.020901208131824556,1.36522043914339,-1.2909988003574142,1.6460431057058458,1.0960787029141728,-3.081244596257812,-3.459208529452944,0.03186271087420699,-0.6867572724210329,-1.540646058171642,-0.7610587672379564,1.1866645383842542,-1.6912659716396206,-0.24254859293735995,0.3752510122345849,-0.8107209228892763,0.8559815226971913,-1.6690592198406857,4.0063759861656445,2.650227779117858,3.156870936549587,-0.7704688526220231,6.18015142482126,-1.0912309720537412,1.455410826420606,1.097841943661207,-1.68201097690876,0.8418172748349164,-1.8255942933404525,3.2273263099851244,2.823565783660743,-1.3728222184966152,-1.474720171059605,-0.7910818554423573,-4.373037188299369,0.7770377280790686,-1.7513799299940684,0.30711076477154897,-1.797239217360549,-0.6999242441100504,3.1394719711817065,0.08498446194881355,5.547701571575382,-0.6279743600783231,-1.057118560453359,0.23697016156846026,4.415809862660853,0.2378452246656128,5.3919211685876185,83.155
20011,-4.645199900069791,-1.4407540609697926,-0.4579126835551435,1.9770020120851168,-2.3766630589058955,0.2770984355492967,-0.8944137889296288,3.409813569654902,-2.773027047020654,-4.280402045228339,1.2812036855021625,1.9728330088177213,1.6074239279389775,1.861571255715326,2.5143002775924557,1.0068703032329338,-1.4537381519390082,-3.7849717671724976,-4.2184496406884655,-1.8872253227059337,-4.667175063081923,1.9709441444738764,-2.150141420278355,-3.0777809407675787,4.203913054290981,0.3421427885486153,2.480498868398009,0.4419709031586637,1.0295705449584842,4.461085026404,4.6160070845505095,4.460482954769222,-1.090187302371188,5.015733811183916,-3.0142721957016936,2.326304932368844,0.7501384991654445,0.40813286981193764,0.8494445241925113,-4.690151722647108,6.8696477437721395,0.9798269276617992,-2.2916414777269227,-0.46552145399346645,-0.1292296068952623,-1.5698616274076698,-0.3147015164254259,-2.398348535756374,0.5054847986376099,-1.0027344500304927,-2.186704904699696,-0.9324825909539752,-2.313063378727901,4.635600277380442,-1.6401643817660905,-2.6016039209216224,0.5994812060989965,2.9948317464711702,0.39049285707445314,0.7295607459475886,50.021
20012,-0.34371278249597587,-0.48641340872230293,2.2519961245198483,-0.420675183361761,-1.2740615692028696,0.5909583485141728,0.4425181212767073,0.04736875320489295,-0.20240519589767264,-2.920561044331556,-1.0884969589436246,-3.9682950089003883,-0.3113287183836665,0.027076035433115306,-1.2740842433194217,0.3358995775372806,3.3087437351970954,1.5465423955591167,-3.855496971985872,0.0268671424811526,-1.706618320301247,0.1887260101942559,-2.9161288807991226,1.4641391823457564,1.939361406670294,2.188557213042162,1.9338324066394676,0.31733066508406005,0.14264285413974528,-4.737209720867424,3.093811343720894,1.8361009864546771,-0.9624863274519605,-0.9471922037469748,-0.9932372075478817,2.008403897933216,-0.6528187836308963,1.2316749153788225,0.651859222628419,1.231998911026758,2.389446584378206,-2.0210636977699203,2.2317189635561543,-2.5787139095168494,2.08739358408458,-0.2534142080840164,-3.037485830345849,0.88306725992176,-1.1303912214537954,3.5878966003604114,-1.2145720702030673,-3.7180444247328293,-0.8403943437693875,-0.6331415662097348,-0.2795126049758939,-0.600610260781919,-2.3310027248190237,-1.2698414849799793,-3.954963194037513,-3.0001389138551957,51.103
20013,0.6757992810488647,1.4219068266576431,-2.5829617552639,0.25301552570619806,-1.447786226186936,2.0309510329288707,-4.994858102936348,2.0927610745947245,-2.6344567738854887,-2.04504981022555,-0.2062756142478869,-4.495018415170909,-1.7079959556434434,-0.2980255579208573,-5.0449640457728115,-0.9716644657757629,1.375574197928888,1.9645740126207447,-4.238716896375417,1.0781716044663894,2.1998295889924013,0.35829623799079435,-3.118352361034625,1.483126780337681,1.0798243790472075,2.5272875853263113,0.35515550227543974,1.840814422428941,-0.29176133972354734,-1.5893443014071593,-0.08485012894536868,-3.646424621718168,1.1093722046555268,-3.592401691215808,0.9076656090074183,1.307462716029525,-2.948944298199425,-1.6252377565962541,1.8348394142859135,3.207461088791788,0.052923999875741035,-3.6783237622418206,1.5750326105637544,2.6198199704855503,-2.050960463693748,-1.2524758700587522,2.2214120290500237,2.610659377051789,2.0636319375448857,4.5910756926216285,0.8887993375749599,-1.5994250952692075,-3.90320051405937,-3.0252345703618917,1.0656434326962412,2.1487663971372495,3.86836483106347,-0.8536687087009357,-2.0601747306459623,2.1423001000483475,34.996
20014,1.0621779097218675,-0.2106700614055567,1.2077259511629397,-0.9649380688877578,0.4981320744983314,-0.7228416822212415,1.7730932471590426,-1.851715903845121,-0.21956995833349685,1.0887548998839218,-0.8664827154052606,0.4308314470346699,0.8117212667991005,-1.0684260584118699,-0.934223072883368,-0.50772120151319,-3.6170037559839066,3.2935096867597564,2.0123715282715557,1.7547470608361837,-0.6864867978622258,-1.5206119601343657,0.7632072805049211,0.7557382502666008,2.7618074057539364,-1.2620231649100917,0.10483803281556943,2.0292528296413948,1.7991341751520986,-1.2994819492486314,-0.37905787205620334,-0.8125448293901869,0.584963531482639,-0.5966036144479508,1.1795848470332733,-2.0048886480191417,-0.7995835831555966,-0.06232760810487801,3.088869954259152,-1.661736480991097,-1.665752906869587,-0.44005818821260423,4.177822041504452,-0.04707935339104173,0.8295929382335778,-0.6650206470549391,-1.5698077531641794,5.094147775889267,-1.5315205160104735,-1.5168974992127189,-1.0998558622068837,-2.012661280266287,0.644553189915576,-2.843072918764714,-1.795668899465973,2.0453845113047096,-2.651052643331733,-0.20550346702593722,1.5292781018962605,-3.4824478603724947,91.09
20015,0.38830239328146243,0.46755763491107616,0.3094507432987824,-0.6072821316721276,-0.27358145984025395,0.04491504642806926,-0.9824047047612778,0.23583210666542137,-1.5364153640824767,-1.0801705928200338,-0.3850075274507582,-3.841769955871897,-0.6971083474360203,-1.0595912513708976,-2.803048371158601,-0.4959534038482054,-0.40243306954142155,3.485851304854348,-2.023570529247619,0.9704409419862021,-0.39117013847304083,-1.179638697334156,-2.1195328197520333,1.1391646176312387,2.4811375745063673,2.0056069503463876,1.112733722311556,1.8896864654809251,0.10619568358335865,-3.508335290717642,1.8511547744258405,-0.8656098333328779,0.3732773746415218,-1.2907938609837517,0.6951995482431135,0.6167337979385428,-1.6013588564192673,-0.7403900703405892,2.790123295501425,1.6284036789546288,0.4534592387966303,-1.6803410576522688,3.8871662823716098,-0.5584472571222636,0.5205364942074702,-1.7655644330977733,-1.6970586841958208,4.1479903398269675,-0.53471274973021,3.1343536453204393,-0.8253100880228577,-2.3389194627469756,-1.4351171116851942,-2.2874933954513907,-0.6614240914050641,1.5092534560400475,-1.202416359805824,-0.2628681825617307,-1.8767967175271965,-1.7435450086301791,66.298
20016,-3.671693020264625,-2.939545014331491,-1.4371998746864687,-0.5697875850486123,-1.4401719372909836,1.7840353732819418,-2.869218282496732,2.91248331240057,-3.155493050451946,-1.1359383198411177,0.20676953936752204,2.3739208509630556,-1.922476584435788,0.7161102540462397,-1.7270147754678953,-0.9552444683046153,-0.31948772280824633,2.314368511784801,-2.7877932227270033,0.7993768754364897,-3.572549931273712,1.0026617167446366,-4.6803723595680475,-3.5614546715978648,5.135799954931137,0.9623741789080998,3.332762148161187,2.2763290758558172,2.390923598745715,2.7466629714443225,2.000766667715119,-1.405836200791546,1.858768648565244,-2.5474930328971315,0.7502563544918781,-0.17670221019492716,-1.1484770860703322,-0.09352473328644298,3.8055254491399486,-1.5122487391372612,2.061308084932722,-2.2277323477320508,0.12469039257694273,3.7014609158807232,-2.367811035866163,0.8891000118195889,0.2767572797517227,3.4161226027437244,0.2348483774275701,1.9765613777813371,-0.8257187556933498,-1.5385467210781196,-3.5442112201556437,-3.2740497189098607,-1.3190948018466206,0.1457596885358179,1.6796802122007541,-0.212084308509989,0.7811641501185055,-3.503964798154544,6.968
20017,1.0062806464911849,1.0444883195461594,0.22821248474546552,-0.19918185919642495,-0.007664173847315527,1.0460955878474079,-1.2634969200398471,0.35939809622665514,1.179336621382268,-0.9227113538540735,0.13841592626643145,-3.2213004203937134,-1.0850628124464188,-0.049019699462871436,-0.5957840866941988,-0.0047117377948772965,4.602589929663569,-0.6079986289413642,-2.439267583818837,-0.4888003804086126,1.4987820842593775,0.41280294422531233,-1.0948695507370665,1.3255533993785344,-2.7891698717796265,2.1483123043003993,-0.12832439464924283,-1.4715808344049808,-1.846673809100841,-2.7169979076517654,0.08084465126133915,0.4242317690378575,-0.1463447220641389,-1.1978729102209105,-0.5795293318873285,1.6832705474442666,-0.18603067229667247,0.01521619344735349,-2.0539842632081973,3.713085469465469,0.498140153777047,-0.6540511497305356,-1.2208432362105441,-1.074803191265115,0.3426920980138872,0.07188312179258768,0.5545900728081216,-2.2730369975620888,0.18830841581137975,3.104549073864106,1.3312454548551618,0.38846578202312215,-0.27841528664752363,0.9752609532514975,1.6443617991347372,-0.5798682587593111,0.8283674202028757,-1.3211176890706091,-2.85282231427387,1.6986342944649278,52.776
20018,0.5517855807655189,-0.5021554094512821,0.027181753953818902,-0.7115568792384318,0.9196938199720932,-0.6735118608131496,0.37205641071049306,0.22122122503813657,0.8447110381067714,0.2734181291886217,0.8432984278528266,-2.56373404298019,-1.0373549404702118,-1.4752067137615463,-0.6321114934414666,0.44570012317861074,1.6287115720426835,0.5726659667356113,-0.543215191579114,0.26106658764394103,0.03751733910252114,-1.3476390314685411,-0.5630060474416669,0.18948695614376,-1.456100311095774,1.909689553268414,0.004062675356422185,0.07966816330715532,-1.5085422927109124,-1.7377171800092406,1.185401461443158,0.842618942669216,-0.3923035675413035,0.48238150759642306,0.46666358585959633,0.9813870302394104,0.17118929712332562,-0.5063357084118494,0.3595357600001903,2.7120070794728135,0.09997032451050998,0.5005703398953496,0.7315077457746179,-1.3629590181720816,0.5942720042318194,-1.0530601266316455,-1.5600690829337394,-0.02769477011602592,-0.7070536912088992,1.9420668646147052,0.8574543645472084,1.0752180610159194,0.929093377029381,0.6376509929821271,0.33364337266859445,-0.4981707769942002,-1.1816619014564542,0.15087754812639412,-2.12916319116764,0.8619886945558791,59.604
20019,2.1753680951338956,2.7057904110261433,1.8927814115357808,1.843373557742548,-1.5167546696187744,0.3633680813196434,1.1997995630391418,-1.8693889513964999,0.1076569764717227,-2.0865434624417745,-1.658189314311099,0.1044775775735394,3.906600216161853,1.9924660133482597,0.6931164636472822,0.005983549951836933,-2.315138250363207,-2.007439088784528,-0.22882467239483018,-0.9434496762508042,2.8488224944537968,0.9188480438758508,2.9108716760496893,4.0269724911778155,0.18373581233601022,-2.9530718469014996,-0.9959435462356944,-0.9330882128768838,1.806965874129123,-1.5725034551478883,-1.0695729629957724,0.32084089753797557,-1.3940749533005161,2.103500744081922,-2.1199565122461204,-0.22840018668804457,-1.4216712345824403,1.4112062972974437,-2.491247135082713,-3.4129789652903506,0.022393015402601732,-0.8713380661721751,2.0779352920736214,-1.5813018621011046,1.8792577604678649,-0.01811028672685539,0.8475378214718335,-0.8217433768821013,1.1114917874427686,-2.7772939541565735,-1.8058708324083996,-3.63942309752862,-0.3343298840403862,1.3323685403945569,0.5073473281943955,0.3317747614722724,-0.08948468344931503,0.7584255457423523,0.5282305373777282,0.465401241226055,154.23
20020,0.003375755496867208,-1.1806126267247343,2.01221508333668,-0.3316568103564067,-1.2859863334150832,1.902511183324068,-0.5037632982939086,-0.5939973461411114,1.7255307463761533,-0.4519939014966674,-2.2246957402552106,2.098850079613318,-0.9073846348466579,2.566012153113616,1.0105953098322435,-0.35458034858558574,5.660574480008462,-0.1329578327391359,-2.086596377135694,-1.0925479207513311,0.09954374138015122,2.84850187906243,-2.2998289738507327,-0.4627814661537152,-0.9308548489329761,-0.08759047299351928,1.25057357312898,-2.556646089271326,0.69000138582207,-1.8481440905856736,-1.447084117168037,-0.6573036412221078,0.07635320073405277,-4.413741864950984,-1.0261633630373566,0.727198759785407,0.9473567648961765,2.671037334718144,-3.2258309238833163,1.1574086205476521,0.06434003977141245,-2.2660689335086124,-2.59239785422036,1.4905860794897867,0.7688386271480204,5.005074000607444,0.1915827399177538,-3.1181712650315774,0.330956680676459,1.4597475209868436,0.6074216353726918,-1.988665988186486,-0.6260435467318877,-2.1950716498134772,1.4284226949916163,-1.5444906776922682,1.3235297191297306,-3.5952272693063403,-0.8763257599061309,-3.8471335719706254,43.217
20021,-1.5748417557204013,0.2100832049348529,-0.1573268989909014,1.7575595063034966,-4.485541269941994,4.015364428198486,-4.0672451674114285,1.7404647229423513,-3.2656842808838507,-4.754641277737532,-2.023419759405432,2.3976336722871143,1.1217531676714811,4.810967917864318,-1.7857337872070362,-1.213907070855074,1.0287163032378126,-0.2195275205538249,-6.570066635894698,-0.7977756718185006,0.18626161974684316,4.357845921811669,-3.704901623428168,0.8632807927344125,5.001651426307811,-1.4182707141397841,2.6040090768275452,0.1548059740613074,3.73014540620625,0.7714045998094337,-0.6716800401889969,-2.827483894080302,0.7031899205066124,-3.271590517028839,-2.2472472740649256,0.4358402928405064,-3.02835665965809,1.8782658644436916,-0.6114947975250422,-3.2182500625268915,2.319229006530268,-5.356847442851117,-0.2591780896333765,3.708794712804232,-1.0183373967735665,3.1897830909906646,3.1130304867085155,0.18669119473679444,3.194749191687429,1.0255828773252247,-1.8323326236705675,-6.115162327649391,-4.793032454009574,-3.207326777794651,0.27731836456480435,0.3958512750599181,4.282325065866727,-2.1364431419376064,1.21725818768468,-2.6030849240005867,66.352
20022,0.9335303707845058,-0.9472836966714256,2.5510693625332057,-0.5368642233763048,0.16453620714862274,-0.5702635080613896,3.8196576443255097,-3.2849726640800556,0.7095451249177727,2.5569871005644123,-1.5949497178714342,5.089637964904223,2.022115942034751,0.5382973695470472,1.3359458475908195,-0.6718630976253717,-4.6162333217605545,1.9937596841899663,4.540126410571704,0.643792692777372,-0.21079578950924327,0.09822352633676351,2.6294976211174843,0.47474397459416534,2.1983163696736443,-4.774323304794904,0.21912134885763035,0.5022216805552961,3.643837231068166,1.2861940433792431,-2.34732002535991,-1.330217568843362,0.43614904805860577,-0.48493503716927777,0.5977728565863702,-3.615191074423001,0.26128585958441436,1.4765513201733493,0.945012423441264,-4.667357184022822,-3.033464450522334,0.2304206741236204,2.5817508905535833,0.8944922039732353,1.0597313128871457,2.620137325794071,-0.7905147431208736,2.8979406595022588,-0.7347997729837092,-5.3204786086149065,-1.5093145089376006,-2.245866303420742,1.8885222230877583,-3.2813236791319618,-1.4407210501700196,0.9464135170138492,-2.7471805775126477,-0.7134550025909935,4.482567673165803,-5.602612819532388,122.798
20023,2.3298352801305464,2.0872339493218166,3.0759293303551565,1.4440149615360673,-1.0077289823888114,-0.2895362771630309,2.7647975735835,-3.3071937920810224,0.8595306455227714,-0.7627408467844947,-1.8294312847755154,1.5118874199450276,4.140997347915539,1.4572175673584908,0.5456329816024048,-0.13477618691775872,-3.5727856619797382,-0.738095481785991,1.107191067044,-0.884110713141782,1.4588452813353938,0.6071710464785579,2.8816119376972367,3.435828155721362,1.2261419894869112,-3.840875124501426,-1.0651475888209332,-0.38678272406957054,2.3549566369555848,-1.5551160955797083,-1.5596861871034284,0.14261948476177158,-1.291327409515056,1.6508490958474162,-1.2881980483291147,-1.2752119838514389,-0.6074925498185324,1.5133838888377342,-1.2739424453944879,-4.231379819949898,-1.0302780610122704,-0.6081959122935104,2.704956253259741,-1.6231107604916823,2.4299691842209565,0.3430301566919971,-0.4142850056627786,0.8822793810761144,0.34058566671390933,-3.480948726537696,-2.09953523648077,-3.6814231628886165,1.0090642060178157,0.15328389626033767,-0.6303319992944069,1.0374575715718404,-1.6188827267889345,0.11773870727173472,1.7992356277200487,-1.6080854051083866,151.131
20024,0.7733265857781491,-2.754275495504945,4.451063200146966,-2.3610575986705715,3.886282553058547,-4.09069482969344,8.116801523159014,-4.432844323752195,3.4610550580518336,4.903721745066214,0.08008136446997716,1.4148877829058377,-0.016325316925693747,-3.4365563347040933,2.6517538092680115,0.8011661186401315,-3.114705859904457,3.8426118594439225,7.6694686379358625,0.9230858244554951,-2.789817257295137,-3.938431608679181,3.037636679778066,-0.9681158085003614,0.15868862444134693,-1.1622185742571607,-0.5594785828226082,0.8883450169936922,0.24317792551027065,-2.4848845598483833,1.035725898933116,2.364746976620725,-1.001792293507842,1.5442866094663639,1.44256503387325,-2.9604646452039143,2.475729823451475,1.027047905474815,2.0206287570475077,-0.6248306380935896,-3.367570254610282,3.48562496633545,3.870243803295878,-3.886728964560993,3.344535223928105,0.15067014225257438,-6.661987805253735,3.6690308968322514,-5.113059691459074,-3.3288683269783057,-0.8160910344809298,0.7666542251862346,6.2588871990247625,-1.0323306131576246,-2.6874441011503145,0.4312518059588103,-8.569516609529124,-0.16296982851459874,0.5953793445996257,-6.536861059499274,110.877
20025,-1.5178470900419532,2.825584225310508,-1.4744628891317737,2.953159357095056,-2.4635986693930314,1.059481862587877,-3.4743869085034924,3.4977370028455597,-2.7165386780731344,-6.530590983440779,1.111483621794204,-6.062334904232239,1.732942161162228,0.9081425503819465,-1.680742645130704,0.8230102353124171,1.820692334367377,-4.496002161269872,-7.597405350841352,-1.9722310096776199,0.22823189221120013,0.8225692272370901,-1.7643047909527472,2.157518006094356,0.3802202450873995,3.5565939649714204,0.7356867498297663,0.17331826246806725,-2.084308472535934,-0.5601207228576615,4.503075440169187,3.655311329922565,-1.974472355733109,4.789204310450998,-3.8363876481502013,4.855629435580808,-1.2414566534852831,-1.092414484621036,-1.2996204964376725,0.7250589751924748,6.674286159681451,-0.7507869544545772,-0.8492621625171918,-2.286752849239207,0.07296505099076253,-5.183595290680208,1.473498187458129,-3.4782681468852013,1.9035503007598977,3.308981521227428,-0.7457202345494778,-0.6919822572226885,-3.4503910572452083,6.477124717265207,1.0396558265407874,-1.6900211380717454,2.3373945764329656,3.0093410789755053,-4.213752764994673,7.4795987992126545,65.591
20026,-0.20484583690070768,-0.6298970997424738,1.4728268501826265,0.2073119042976371,-1.694536054289152,2.474296727559787,-1.163073799723321,-0.24641326983902048,1.4088437487163048,-1.1726027806424406,-1.5711797369691005,3.6500538028109664,0.09071369488430969,3.704722936954736,1.7529428048440592,-0.45974093780839564,5.511444243110047,-2.229984966620246,-2.688585527853489,-2.0209108719215463,0.7402890915832752,4.1901688020103265,-1.501092663079158,-0.29818775265451447,-1.6061464872450706,-0.7659205172723906,1.4986511348103626,-3.106482639708563,1.2598531368740056,0.4033219252285911,-2.5529809759798328,-0.8485218573723188,-0.19085621309720058,-3.46099583027132,-1.5518483659089903,0.3654717338814432,0.8737723464703543,2.7424172244923706,-4.623203632917754,-0.8427703723587003,0.4488110131084936,-1.5820688165042773,-4.163480304282957,1.9542991328548813,0.22709617508480603,5.668992652209689,1.8340370013071308,-4.659469559398968,1.664722630363467,0.3754873470905314,0.625781105801421,-1.7373608195107297,-0.8351494544326143,-0.8107010270781383,1.5329270773039163,-1.7838485286433083,2.958700254398053,-3.2031429980135377,0.4732010270505115,-1.9231583576317093,53.366
20027,-0.13619465766350788,-0.9236628881801462,2.4565923454632053,-0.7104793578876353,1.4183209751195276,-1.8050692898620124,2.768795153302929,-0.8746609886010235,1.7277362245969126,-0.1850516922877706,-0.07021904803641622,-3.9985790195349598,-0.29426419574002405,-1.9825791406284223,0.3431594881812255,0.8027005990236713,3.0343503317446645,1.0192325319290778,-0.3584399747200535,-0.04687735505411147,-1.8790337385831513,-2.101972255865251,-0.9897854579650043,-0.08713723027023798,-0.9705891568126275,2.456419526747714,0.6574690849858672,0.13926688548879734,-1.584001615277099,-3.8065413567315467,2.8669175653184027,3.778370440969593,-1.2558396271297774,1.4645432453472644,-0.2694529058191479,1.5844451753944293,1.359302441612817,0.5775543887287896,0.06591302808318505,2.675467196805282,1.5924774546584202,1.117010041951711,1.7161891128981819,-4.142219443365558,2.5051742558628955,-1.3559344339625412,-4.483429191315649,-0.1882511791234706,-2.489935781706966,2.367354779631602,-0.008589290576246508,0.3671324757273749,2.3483839501735715,1.752280511960298,-0.5567566211230696,-1.2733146928341503,-4.474717187398279,-0.024314214182143502,-4.347556141263337,-1.573862173143495,63.877
20028,0.5409815181135286,-2.004920735228395,2.8947025469644734,-1.8301338620652503,1.0015342079079657,0.14945841542947488,2.157526335471062,-1.8449976579318004,3.1164574862062304,1.8277152521026594,-1.4649205570637145,1.771161752096824,-1.0698169807537214,0.7659944941925902,2.158783718543279,0.201524284888012,4.977717586030761,0.720121125857385,1.4013181442255007,-0.5232226540051088,-0.6420871236595678,0.5706140280554578,-0.20117949198222995,-0.5700847324826583,-2.6277580343928246,-0.16034504133896904,0.5301089675123233,-2.2761436965082926,-0.13026116431727242,-1.5361880451058454,-1.4101722637247258,0.6794927362591949,0.05324347725763065,-2.7492950512755017,-0.1163334759567081,-0.3763313292435515,1.9189974190243502,2.3856205481457424,-2.66483335542201,1.5841825769772664,-1.4522587643449927,-0.07457909951012762,-1.6314919115585313,-0.5231331481765551,1.411838548543027,4.506629451151549,-2.20430970027274,-2.5454639138070863,-1.319785146167922,0.4581712368808376,0.8669470739405631,-0.1589007450341709,2.509141886741931,-1.6325361626071275,0.7740367676723278,-1.713237414353497,-1.3314822877313586,-3.2464317301102303,-0.8075892715210147,-4.124278828583104,55.899
20029,1.2770219462098569,1.6424438435500743,1.0453134168623766,0.40738167855025276,0.6112681258895712,-1.428272268474369,1.5690261289003398,-1.2272349477496154,-0.014620879641673384,-0.23847411801862506,-0.13762646522747532,-2.016284278134446,1.9251086269009363,-1.047809380023264,-0.9677115393165121,0.032516638922289676,-2.869628196910447,0.5592575522004283,1.0914371614030205,0.6901826282263599,0.9034472355191087,-1.664218919916988,1.598102877682754,2.468889096489615,0.7145107727294202,-0.8269042342608842,-0.7955436786857032,1.0804776383083388,0.4586726676496171,-1.9362759465641117,0.5143446222528597,0.6929083447532766,-0.5707378143476067,1.9215971247564139,-0.2293480012860599,-0.3203307549997378,-1.0104725644628059,-0.12685432250083223,1.1314104123402162,-1.1099319552336717,-0.6469565533344892,0.06773708007976724,3.0437080426393623,-1.7463291141778863,1.1723544530356684,-2.258616526747688,-1.0710681136834757,2.600678090022069,-0.6606734103873191,-1.0133616811128319,-0.7910095505473987,-1.1809510118211903,0.6274211007712529,0.5488293030699011,-0.9139551980193675,1.3640259972095294,-1.941166132294546,1.3477949651870649,-0.29876133156720913,0.5562159184281692,115.019
20030,-2.269531857297521,-2.7725088245830984,-1.7629061079842427,-1.8544247339477649,2.8999471933421317,-3.428489912790042,2.4074353678559346,0.7064455809027405,-2.5507537907943334,2.8729816529761436,2.0423121593832785,-1.067018838729087,-1.897625232294185,-4.946556314425049,-2.324869116468022,-0.03363628122229517,-7.6366012879007,6.5147451437441894,4.823774710901064,3.2322651873867088,-4.7491226715829,-5.667467725215811,-0.5899160714064867,-3.6691034624020054,5.027482230624365,1.3913897252582086,0.41011969426899786,5.262659240977521,0.450037119351251,1.4443715511350383,3.4073140214627395,0.1801976247660795,1.814035074356348,1.6709121619543663,4.251568197592904,-2.188307871820587,-0.29874815089150886,-2.6714389479211067,8.700925166676123,-0.19248460646911186,-0.7990438533721248,2.275440631819455,5.603600311710278,0.11726341511454902,-1.3020580337848342,-4.945728190306038,-4.222455778589832,9.373119817380545,-3.605665982481803,-0.5371531285737696,-1.5277058711160505,2.153759380787674,0.9261343680516682,-2.099439908631562,-3.949750323936111,2.854242309306963,-5.122337493977296,2.824723225349891,1.26332561790988,-3.164638082255375,46.482
20031,0.2869112363702061,-0.29091001632484553,1.403038518307768,0.3550698374708518,-0.57663698529998,0.59755887802677,0.21707455298282313,-0.02239390552820801,1.3676450719491078,-0.8639725396018225,-0.6729996521307172,-0.29699452829812834,-0.41091330871876375,0.7689019430695416,1.353385856824665,0.26418767110957875,3.724536768424048,-1.8928992041842407,-1.7370204463816032,-1.377200854367501,-0.11960682010196763,0.8741325620420348,-0.3333179917112019,0.24544785076349948,-1.7845270007615461,0.5486377316841147,0.37653057279698054,-2.0184454488222863,-0.8097794819400878,-1.1990164390364642,0.11009362248411922,1.251999568369355,-0.768107545642073,0.2518672792545544,-1.1965395480517635,1.275758431425249,0.7667813790471022,1.0583184898564948,-2.797713419333306,0.9438723984238915,1.1022892567421523,-0.3145352346171836,-2.0779774708111325,-1.7277125346191462,0.9749039974352476,1.1877064868718827,-0.0463902527379238,-3.4242709198243295,0.4615466366381754,0.9430742236822177,0.2575344376803434,-0.29463099199810955,0.4832448972090267,1.2439953569161468,1.2714442640741621,-1.7790217410641032,0.38663527811843285,-1.2028489813715402,-1.8116751663582382,0.023107839618800696,63.258
20032,1.3540311106182188,0.9050149277438255,-3.283655398066116,-0.5783455717752226,1.7389114185904144,-0.9380461003014929,-1.2159416366857925,-0.23642519465697076,-1.4680568628602826,3.0961860332087774,1.7606646686917662,0.2782629432333817,-0.9725388504017756,-2.3670494543070393,-2.7223273402536208,-0.3936622568687441,-6.011524631418496,2.981466244115659,3.3777512587934018,2.080622267996645,2.1461373582833136,-2.3724091421160485,1.5392838042513894,0.2362685490587524,0.6664926789127453,-1.0322661287254806,-2.122162037759997,2.7820660508027926,0.08737508691053768,2.410553200781038,-1.9781574848330603,-3.7477887428005277,1.8318599250259275,-0.5894462992986857,3.1982448878306062,-2.7611854097071893,-1.5129864433219051,-2.8013301226033414,3.597299931584676,0.2859328688950963,-3.6871708901693117,0.758921163231073,2.4896601466451282,2.160528213584488,-2.5827529966789498,-2.4843704589556856,2.137131196027499,5.325874350721022,0.10122718238007025,-1.529141241823614,0.2853132171096957,2.0817979388792436,-0.46289326187053215,-2.5319174478220625,-0.5535130595885273,3.4553726986292417,0.6244210332467046,1.1621081220878873,3.083871208846769,1.6819992800259387,85.023
20033,-1.3004364382413622,-0.4415428556073756,0.8227318622367502,0.40465714730668323,-0.4484380172811208,-0.2731587966031485,1.0424492062306006,-0.05460947503400004,-0.16833020404825416,-1.084638654640024,-0.0815841088052669,0.46957859650687295,0.46185355598590355,0.10514151168346733,0.5638189375135405,0.0021899417129396803,-0.2241422143625142,-0.26610450029335325,-0.37464574418130414,-0.1598015901076723,-1.4774277683800636,0.10929385910943273,-0.39546720069989855,-0.4850339947536887,1.5739790492172792,-0.3324411002655632,0.5047766770370986,0.5333082321291363,0.20668719664449398,0.14318007937411564,1.3841154318441635,1.3974316536384996,-0.569083316615696,1.2078419457847986,-0.681251187565374,0.8150172220766432,0.2535260090154121,0.7428700645192516,0.37453805929566986,-1.312516247890889,1.5165506441105419,0.07715053930029968,0.5263771445574352,-0.4148273970380459,0.6644102074011123,-0.4458129462405645,-1.3389283094735538,0.5078138441437027,-0.4925434765955908,-0.7083355349768965,-0.8609595970995468,-1.1675510122303183,0.05303282965303484,0.49161821775528625,-0.8335906287467273,-0.5876067055170284,-0.8359426989305532,0.5613157822162208,0.1277498348617926,-0.7432135913893966,74.701
20034,2.213491881596817,-0.1762712389253726,1.2729131707842227,-1.4726224179020848,1.1036940999016467,0.11165177233806794,1.3572217065751404,-2.3078320629641986,2.041815606635261,2.4784090382182056,-1.1080046435131563,-0.33819865359597007,-1.5462278942040821,-0.5276870132372197,-0.4808142923443419,-0.4553786090464156,2.581876279962522,2.6306230735721123,2.0775409698862024,0.6671256421444314,1.832507502072113,-0.6309904395305626,0.3580392302216056,0.7649977001065303,-2.1886382192884484,-0.27685169057434045,-0.959928513946191,-1.0919975064000333,-0.4654427836916182,-2.7958117946302874,-2.9776401765649387,-2.1468402071074033,0.5910489978303244,-3.8154561035815195,1.3373685068226446,-1.217232430072471,0.3645007382859575,0.7122299641472287,-1.369438371513937,2.949879504294934,-3.6176565621436367,-0.5704391194456132,0.3951824971578851,0.1378804427752459,0.5526435915187605,2.5844164517694543,-0.723593763722979,0.46421945205468274,-0.8400128826953273,0.9180292355534576,1.1896282338512627,-0.36294685372159863,1.6397590345052289,-3.4746832733099327,0.619897211935742,0.8023588980332846,-1.1909488966841923,-2.644295228960777,-0.3512811430533501,-3.334259865683306,72.114
20035,0.14742124545186763,3.193767721074054,-0.9689064142037614,2.426670958531642,-3.0921221941127497,2.0247385801223734,-3.9719830686491133,2.4443339657850993,-2.3842250742239313,-5.9260067079023,-0.17914168041070505,-5.507888799929823,2.029151732766202,1.5056085765880807,-2.988870570500654,-0.12078025446723559,2.922006976356805,-2.520880576460721,-7.542811284010256,-1.080917764726177,1.795304911948222,1.5304239545028735,-2.880819003938435,3.3453577927619422,0.5057637315084742,2.822240030522527,0.3347117012707161,-0.3535599136591454,-0.827765122276822,-2.535388755304217,2.541168842724894,1.5279433185628706,-1.0346081963069547,1.179197366651421,-2.5902606827247543,4.419755719929086,-2.4603900918795008,-0.3729727195422592,-1.475344294155282,1.1293549546781947,4.486843980128674,-2.789023530306755,0.3539982180813312,-1.022499401045128,0.06996577840362594,-2.797361119918938,1.8569425744643766,-1.8699824464549322,2.4740233722896012,4.3336768003760735,-0.4592004229655817,-2.857608080260593,-4.124917999926847,3.177630415881529,1.3196732930169472,-0.5442911514783706,3.3061639025716345,1.048711602998099,-3.802881231278783,4.968789641603592,73.412
20036,2.6227723392596927,1.7575602409741709,-1.0202715649337328,0.8779536368002805,-3.0452654434510436,4.636731852599766,-4.464093212201552,-0.8785841172549713,0.5450231602502366,-0.5954620196916218,-2.3894436469567264,4.471401384021426,0.5682482539447442,5.170208617569568,-0.19921686162659774,-1.749442346961522,3.2741258802987376,-1.62514014115092,-2.071552608969318,-0.9541878776886651,5.145971232484627,5.366073474698786,0.05348349001683498,2.8817002565741534,-1.9955041464967636,-2.898563199392855,-0.7108038238635933,-3.0447293348217364,2.4110609905019538,0.7549143864194995,-6.496287881787564,-5.662782991345973,0.8126982573355108,-6.259742298950598,-0.604604179554811,-1.228349948374363,-1.9224797119799546,1.6624121863116992,-5.315198530345014,-0.5762399795044156,-3.212257453938776,-4.102725365455402,-3.6255576767254905,5.551908762147457,-1.6449983031283915,6.780862451943326,6.773470469668446,-3.763232478875386,4.629784230413048,-0.525530723733523,0.961919850049729,-2.487854609734422,-3.122741063524133,-3.983170791498783,2.8655836825979453,0.6848859919751001,6.767596970351126,-4.05326688363977,2.5782247049453,0.15160530404236977,86.107
20037,-0.6369956270452558,0.9617313963571399,-1.1665639173375428,1.6558611702329638,-2.6337517531255674,2.7886812380936674,-3.440872088386648,2.109718031972367,-0.9355368405303494,-3.537364920106927,-0.5795077526759725,0.5693109987232492,0.7239823498031492,2.8862723917021706,0.1486249303545404,-0.36878493742793655,3.0055745134470824,-3.1621570456538954,-5.096634914843731,-1.1021326553606206,0.9577234342327279,3.3868031784768537,-1.4857952959012233,0.5115871844752117,-0.05512077506038393,-0.007934155870557513,0.7328895387081872,-1.5441037027220448,0.4575491789616897,1.4155644149866804,-0.12637991261422524,-0.11908074814330069,-0.1317589648490951,-1.0778115996774675,-1.9415763846512162,1.7612827789410945,-0.671617877978432,0.6821102280202259,-2.8444434262178664,-0.7434886407824035,2.288119141949679,-2.162491043698259,-3.273997226627738,1.4900040800235252,-1.173910450554101,1.5213846852370168,3.0897626021077986,-4.140995917342742,2.903079055044804,1.4749468147465383,0.031152508161528092,-1.108854102506954,-3.0017333221288056,1.0734017163659064,1.7294335730698895,-1.3505483616747753,4.547644463472615,-0.35091871879199504,-0.5019587456790834,2.799001611348055,56.933
20038,4.9661533289114175,5.689525513184773,-1.6348268890013753,1.9364962867001285,-0.6933683313346528,0.46129053116852964,-2.9135906276963626,-0.8747882010536188,-0.5885404736041616,-1.8564498331505133,-0.6188534301427193,-6.384493948806857,2.064732155675718,-0.3702449098216836,-4.726680858736733,-0.7443839174125343,-0.9261411166918749,-0.36219344823143795,-2.344615823553612,1.0324512754707555,6.789956388550976,-0.6880600571443461,2.187776923457905,6.931611551868276,-2.190799458258768,-0.020428780600225516,-3.1272612280059273,0.44428161802609717,-1.2837900634874722,-4.2792637605314425,-2.2264236856754183,-2.882377947875105,-0.778744944852527,-0.4283267223103171,-0.08868622829889439,0.7762772774937877,-3.6294018627978755,-1.593340974187313,-1.62500124413607,2.8510452470317023,-2.225937973172922,-2.610141347544841,3.2360599915259445,-0.08600907173940858,0.29522671404796685,-3.30577005990462,3.6695246337731797,0.8000837709852542,2.7431715302068587,1.7528793941388563,1.0936125002293773,-1.8629924965443472,-2.2449193689181,0.20121745466642998,2.441535242368993,2.851877764981132,3.2215810201397774,0.5107790945290759,-2.170477351776995,6.883709750658188,131.146
20039,1.5024999673736839,-0.006119617309980285,-0.8360719507094505,-1.0903904626965197,1.1975397457552024,0.16023833593668546,-0.5566053220382643,-0.46675970905020503,0.17017757534588038,2.099126440910483,0.29868645810763944,-1.7261097921816593,-1.582209628120279,-1.363679405616409,-2.1384872046668297,-0.5520719167512087,0.20286889325141982,2.993532719508915,1.2317994047042236,1.0630570152597523,1.553580341101384,-1.2584445750046893,-0.41746801162794966,0.7770040524346118,-1.1786059806988889,0.8611955495085865,-0.5984884320890036,0.7213506772938407,-0.9456865136873265,-1.6228399269244105,-1.1594513289629558,-2.3204917871744266,0.8726517786785883,-2.3267421733252274,1.7812730341718512,-0.5472219345325573,-0.7807556707051411,-0.5314765456032158,1.102253436693776,3.1414940442432937,-2.539327597130024,-0.8559271150908052,1.2676791907393556,0.8248620659447494,-0.5029613330313503,0.24693707222543115,0.16756012090614306,2.3747841542090407,-0.5549518942052958,1.5417927011923886,0.6411077053249605,0.7202669108599264,0.05389735648453899,-2.591087647303867,0.35823829934953577,1.7034276293055115,0.14107665358544838,-1.1785333085160183,-0.5373404356992739,-0.30053279247246883,58.959
20040,1.5066772328259477,-0.9306016711351701,1.9409996739685729,-1.2177160873311068,1.5669269461514408,-1.479726287320691,2.9504400702415983,-2.144223627863183,1.4420712398860787,2.6810519275973643,-0.44707933935224176,-0.09799537319838658,0.06837139917731408,-1.428963563136851,0.4972408488303567,-0.1430125141699859,-1.508869504391137,2.484647822958866,3.467450270847354,0.8343463959067488,-0.04410943832779626,-1.6425021976890706,1.1132271343446023,0.4689783387349934,0.1666600399972798,-0.8139079175520089,-0.699802342164251,0.3756942588541558,0.4538279660252971,-1.636897898038279,-0.914804682208227,-0.008214796194473475,-0.2193627525251636,-0.3585003697347085,1.2307426804493902,-1.5395070565775801,0.5953073495307821,0.609759306865691,0.9855589200694477,-0.034664694834034365,-2.0682550007734593,0.8819359647509277,2.5877641671593645,-1.4614057557138893,1.577553544842474,0.7124852802904866,-2.4658081721792673,2.393920175744309,-2.1433462963498693,-1.27393007504522,-0.4737549542268685,-0.353319907874543,2.321149411692868,-1.5564379154494046,-1.0795736450349145,0.7056667370529034,-3.500364068601783,-0.6681478485653963,-0.07745411617284143,-3.084275203521031,93.62
20041,-0.21801163509630112,1.5668811176599844,-4.06831236241159,0.8097018786407865,-0.2963372578409527,0.01397294297010302,-3.255833805541626,1.3771421059077316,-3.8439701180877925,-0.33501546427583784,1.381545260774911,-1.6556193541460633,0.1229521551229733,-1.682035471926753,-3.7365851557472105,-0.5818125552997162,-6.4089648601498945,2.3472808062526402,-0.3568961593940321,1.9474651147549988,0.48441360437512593,-1.5262232391646346,0.16687703565698664,0.4374715738496737,3.789633340507315,0.33051381802647156,-0.7341215627186043,3.873804402377101,1.1291041260655021,2.150932403800292,0.5378608953178603,-3.0900449294099,1.528220419486563,0.724354149285507,1.6369493930181795,-1.054341209158071,-2.7516564692836423,-2.931830023021146,4.793653828423129,-0.9465701493594716,-0.6069921688743837,-1.0609792647180123,3.494225770175415,2.467881120497233,-2.423430147620418,-4.099140922002468,2.351785217923931,5.82183105284126,1.1866290308271865,-0.052872050465556424,-0.6144425998217471,-0.43504988130847166,-3.004898915674476,-1.1407719976557802,-0.9493538877101911,3.2718011380983394,1.7536012649759807,2.503989419223262,1.719257871192919,2.934957268945001,76.2
20042,2.4883531377935353,0.1521847214590703,0.37149633099561497,-1.0511880380562402,0.7031665990174277,0.613759724531935,-0.04448270524612663,-2.7810619988514333,1.3643961673256013,2.858990058738381,-1.5934725292554008,0.7359551916787597,-0.42768811238656346,0.4798329445316475,-1.188196509227982,-0.7965054118417769,0.4649782459882025,3.4740447322975125,2.5383864580760784,1.0444867409031824,3.072174593750518,-0.3130720728659183,0.7721155387885388,1.4880851975040803,-1.0570603491881663,-2.0327642631251246,-1.211614549532754,-0.25360414461399905,0.8060035257094824,-1.6407067006177112,-4.012076515645464,-4.090236114776684,1.2338852611875928,-4.73168838299401,2.1138937738414536,-2.2983564728150094,-0.9889818292274384,0.07002445969170812,-0.192757980143466,1.204936022530812,-4.844686395563373,-1.452227505940698,1.2662982578600697,1.9547864987260086,-0.1524053601714939,3.0664066940592276,0.9410258701231917,2.0569987942130297,0.2979784172059651,-0.41816467875062674,0.6428146185122484,-0.9269590699454415,0.8188036027877987,-4.815661834263343,0.5691179043495055,1.6409365478565727,0.6212964453007348,-3.283326060938582,1.4126521097786866,-2.412982434718736,95.54
20043,4.026000847508871,0.8183498181565805,1.1668514209652292,-1.4888807190831879,1.879623159474384,0.022988245446388306,1.4816535783357403,-4.1633069009039065,2.8706484226877436,4.160719063156237,-1.6754541445199393,1.8330975077442893,-0.06933508927520893,0.06183238020562494,-0.4190082346543231,-0.9292216035071015,-0.45463818454963056,2.8880380900988403,4.726311722558032,1.635598343290453,3.9740974243976193,-0.31733790230671405,2.6062838943936106,2.5535145557475145,-2.6808864331840923,-2.882361779694653,-1.933624174956499,-0.5278671440130438,1.1952873533971737,-2.0575795978530134,-5.8169983619934715,-4.791273755706525,1.0178368661125559,-4.628244650371529,2.2487560622239635,-3.4814923127511186,-0.2220346339892535,0.3706336041699955,-1.537659294540036,1.1096364180793727,-6.770747067263552,-0.4889180228255254,1.4321483216340707,1.555864150491643,0.4728697344344385,3.591792210215628,1.200265178116003,1.7165661691471874,-0.16011736106791458,-1.9494815177970417,1.2256450170560123,-0.27437376046581424,2.302129165830703,-4.600990371194511,1.0011429507247374,2.0844466615307082,-0.19175615956812198,-3.259119985455535,2.0785795369990465,-2.6641784114328346,103.488
20044,1.6461846228905614,2.409041425745829,-3.183624786760204,0.1284559432737029,2.4542140047025574,-2.6016040882589726,-0.40744011292134863,0.789552558286788,-0.5665971553944189,1.1586366900156295,2.4741835073613445,-5.614040942913475,-0.16797865971193762,-4.473646054676917,-2.470475467326588,0.7979471673413088,-4.513564331556409,0.20035538916045706,2.3682906332690363,1.3906669088588102,2.100593683118467,-4.414130817134983,2.6766653667601457,1.4268725408006953,-1.264154559492022,1.7355991987238808,-3.1660684672239525,2.652035640945166,-3.0521310344979975,0.12435183900241295,1.5747287514786952,0.6847801797188933,-0.3534513815091458,4.384074794494043,1.9905729954479885,0.24984751634061433,-0.8209033508134856,-3.8675546264102563,2.9536122286366746,2.7110609939256687,-0.9053645083919244,2.4886398792813815,3.2059595802898184,-2.10818297404204,-0.6400200841402365,-7.332735941911483,0.4341080842381159,2.8217532176593965,-0.26078587407143006,0.6467821902962685,0.9103888761942334,3.9558126269758156,0.8243827926838534,3.072246645972635,-0.596684449888231,1.6308484496531783,-1.1168418838969965,4.205844868584017,-0.6683291261121234,6.687969482474436,91.978
20045,3.534416212613659,0.6781522081292707,0.7558654632391814,-2.168226860392092,3.447244730009903,-2.3691591738050897,3.5785412969034174,-3.8702936074358276,1.7982279055412094,5.130242241949164,-0.2196336048758021,-1.2828353132048556,-0.6444729240265958,-3.8853836444477423,-1.8675067768400342,-0.1765219854867313,-4.229679097264179,4.923018512078616,6.53493277003285,2.7393606588787556,2.654686494791602,-3.9271167877745103,3.479626240232831,1.8078229208106018,-1.4867771204623272,-1.5572710091825417,-2.4604839036385395,1.9274302638563492,-0.2576888998468999,-2.4450049668897393,-2.7048634537369325,-3.057397277429194,0.9128270810128557,-1.697380689799405,3.6282703866204464,-3.39093078344979,-0.2658869777050718,-1.1056119003443818,2.5821551402961296,1.9127621148135336,-6.611190920979414,1.1768998708845004,5.16888381702272,-0.26825112571938947,0.16381321301841312,-0.46348407943498404,-1.3851363027605523,5.7948990771233735,-2.360012926044011,-1.779877903180488,0.7819059035100948,0.7618061666412734,2.6027676612714252,-3.7419112310393388,-0.793591413320575,3.5217783094511788,-3.4642933737987063,-0.663874366300725,1.4422439575192962,-1.6957897760243295,116.862
20046,-3.780905472237788,-0.09487048051102348,-1.9344713078013662,2.1378857891828074,0.14836498529731074,-1.5109289375113952,-0.04503882545057757,3.570759531044192,-0.7665127139935287,-1.693041061070688,3.27688683065089,1.6760433075469308,1.027083931516086,0.11650721323336317,4.366165860919842,1.9133176978147182,-0.1259555725081294,-6.721631552689669,-0.985367699841006,-2.230415148940728,-3.433228665592457,0.5352416698614382,0.7867785390311234,-3.3780938542473495,-1.8122516529730697,1.3782259307295344,-0.16676714354019595,-1.6002675376771422,-2.698194929230286,5.803681027528405,3.9713582386024555,6.218086912884966,-1.7038800933948082,7.903465222039595,-2.720908438372726,2.2118998468728766,3.053459052838887,-0.974799610514598,-1.5802336667981614,-2.624036347290582,5.9852300266612355,5.0068553016707185,-5.706689559616383,-2.26510081155866,-0.49162067212959326,-3.689501769458461,0.36382404517620326,-6.643329646070189,0.3110125175197441,-2.2006125190047476,0.24510543579020383,5.124535076034384,0.7454976889770384,8.931602813836362,0.19628225258810303,-3.8418106270394294,0.5235775993170368,4.839433572622322,0.008617574185068849,7.128025230842703,56.171
20047,-0.29266046787899525,1.8457868091451741,2.2830376964916907,2.262751170634373,-1.6078252143559628,-0.26728763710806436,1.2930047060151317,0.13766050101140856,-0.22136983983493633,-3.7617781413598412,-0.49203394762778735,-2.3198506451200034,2.886033681037519,1.1882694497095259,0.5693713026341617,0.6429970959354119,-0.23032101369466865,-2.7769307543868123,-3.383488341936068,-1.7968939886173114,-0.4556383315540539,0.6104014346149897,0.38940354385038134,2.301975730611521,0.9884475809282253,0.10743392033297526,0.5078685739871338,-0.4713650901971924,-0.04816469501943027,-2.123419329872618,2.806001590570924,3.6789145360868214,-1.985136407450368,3.765078833248025,-3.2499077940219747,2.1603351769606527,-0.20882998909859615,1.059758754710595,-1.3360798327782144,-2.2830573378457366,4.070802418097319,-0.09706853287253547,0.8474913148786862,-3.2449415438206866,2.583167364564284,-1.9590929482729744,-1.3468257420739453,-1.6609980569337084,-0.13987768984608165,-0.3795320554436047,-2.0508363179108624,-2.634495329862409,-0.7454633845105183,4.100855855906457,-0.07917497185054456,-1.2430444856559693,-1.323284416676934,1.5893623348909918,-1.8235673570195206,1.2609767986764524,108.171
20048,-3.4987400429626665,-0.8681697185932432,-9.758701252219158,-0.065938093903017,-0.14848217994850757,1.9099428225569188,-8.728740124319328,6.375691680807622,-5.695457336840972,1.2513571818031506,3.7029941816583856,2.8023770233748087,-3.844142803119829,-1.2252921865988153,-3.9244341618213014,-1.2853912635339082,-4.747984875720048,1.4480964771856235,-0.6979555625614629,2.3282100141553883,-0.34029216357081116,-0.20398550886370131,-3.3353400940686018,-5.212513263312714,2.783385093005958,1.7787904772402974,0.17852599505268485,3.846687668108734,-0.7000599450857552,9.317626647476787,-1.0625332395323308,-5.91972312945849,4.0184475084866795,-2.4776113440536642,4.063952771376803,-1.3767740676033748,-2.007630802480369,-5.42594344518616,5.483577465105389,1.0991106664804915,-0.9306246827525989,-0.3861272358204115,-2.78185086715869,8.738628762247501,-8.004581198486402,-2.005263386175424,6.749874539200271,3.2823039403439647,3.30578481844006,1.8999392942401085,1.6874021342093297,5.334645567383543,-5.627875263713681,-2.8872455268547816,0.08120030370350108,2.689374003620681,8.03021515961769,2.09196119692111,4.3301443066565035,5.603973854621565,-21.891
20049,-0.7035228315009187,0.0038382638419340864,0.06050649550538484,0.5850657197589276,-0.19479937465376299,-0.34220020843392185,0.726042237084164,0.10428490533157658,-1.0023755638823568,-0.6290655898840305,0.39394739126925105,0.8923598961461847,0.7593823205185137,-0.3932045859017448,0.3266461300110486,0.011629854110360743,-2.982299607912109,-0.41751856588976943,0.5696556996656656,0.059926361007013866,-0.9463202805071349,-0.3424796610249504,0.6164203728121799,-0.262274825773672,1.6265293682075874,-1.0587156314613644,-0.03102939966933363,0.8896042550501072,0.8024162530522961,1.4669078838398215,0.7513482660426594,0.9469457713947886,-0.073583963995235,2.0118855949507495,-0.47193296186713507,-0.48681318354110276,-0.32358887766033717,-0.22719018357493517,1.3662196086924616,-2.0551439669565967,0.5925065450538953,0.7535721519143312,0.8488720224038024,-0.7562345286196436,-0.00516009207807544,-1.5035912817242836,-0.0738895442715202,0.9558370656292499,-0.13153385506849785,-1.758506963331986,-1.2606316084604121,-0.2861435197227514,0.19552781331731195,1.0012506024202719,-0.7550741322099046,0.3591369690327083,-0.775578813809807,1.2980207776057489,0.9255757891882177,0.4749871861860786,88.813
20050,-0.3875017557020446,-0.8317968764788259,-0.4996903650120471,-0.0543612651727266,0.14106135692233232,0.032049070103848505,1.1533963873237525,-0.3608865799270152,0.8343309628339656,2.463171289841123,0.40675264167283853,6.445539628416003,0.503090390047346,1.4500152440263223,2.948466510019232,0.19687991636863478,-1.5204539195881763,-2.7108098561992886,3.39061839204202,-0.9956959792028892,0.3665454677178796,1.3063654008176913,2.223674880289825,-1.6207798138466925,-1.5665114283812602,-3.2289549325013587,-0.8565890539270486,-1.1817534345257241,0.8103486809315531,4.75392589251943,-2.956627352278144,-0.6777603792158708,0.5157298627427539,0.3953981057394506,0.17127518164450628,-1.8348027457611595,1.6335489165416943,0.4916067197030621,-1.659449141364823,-2.769108906168573,-1.431252502141078,1.8046667001460788,-3.8067225000778517,1.6643778472830002,-0.9419942430699447,2.4257498211205846,2.007701911560736,-2.4569802548909974,0.7657591282546424,-4.382328437046987,0.19074751839804877,2.4424092376973077,1.3950675561919612,0.4373145963701565,0.20505726902202387,-0.32301835291376113,1.3069853517295804,0.008152383949593,4.35624199911701,0.19473989805984773,81.0
20051,2.937373982989103,1.1733740024221417,-1.2302677989149946,-0.9349422436790799,2.0779427127159313,-0.29879718700175556,0.13101622654836326,-2.218413040896765,2.653556359317209,4.892756046147514,-0.20039189318864076,2.143106640742391,-1.22341375336807,-0.5611805405044905,0.039308192554354,-0.5258993401284681,0.4730548781305145,0.14969225337358455,4.832825137884306,0.8748256111456832,4.022463176322817,-0.3690351971503574,3.4723280210836114,1.1270982673010888,-4.965280740249973,-2.111484933175165,-2.759847835045458,-1.1841267387855985,-1.030563415849271,0.9428671872932086,-5.377717657348378,-3.842394886624093,0.9152991662701337,-2.7305462815238015,2.346236057463161,-3.048431610635629,0.39126182603202675,-0.6786200516721421,-2.4263102433999935,2.4992939216192265,-5.233674019866255,0.8000173501117571,-1.6776763106919739,1.9408732798465085,-1.178668485905195,2.4228246971373117,2.926474644899434,-1.2734265068378903,0.82168876862575,-1.7239813004208497,2.5262778074116254,3.280076248076331,2.0155289187428376,-1.651155351505935,1.7526365975638936,1.2763878732798992,1.588548993855856,-1.6083608532067828,2.4642304337225616,1.270497489764109,86.637
20052,1.5333047912007023,-0.04498127330609819,0.875248279466185,-0.9014707384205297,-0.33443415709441404,1.543569519616284,-0.06535970125368945,-1.9451907177077306,0.8208561084047634,0.8651122790088903,-1.896924383555712,1.0439539185353959,-0.08561486867080598,1.0218331960997427,-0.6146471917912464,-0.9556019126856652,1.5653541391915713,1.5067831144063897,0.27345787534554145,0.10340095762850682,1.6035954826061243,1.057537431586416,0.20793781471939365,1.4894592707480832,-0.4091515476757651,-1.3481718067056274,0.048101973392400896,-1.09075598015165,1.242204331747953,-1.394527154589923,-2.758351124827023,-2.454063298137237,0.46224066721418827,-3.916137599412664,0.31457170246896515,-1.141272296569309,-0.6037281542051375,1.0747105014434128,-1.3714101221650228,0.6223830069036443,-2.633062574606283,-1.8481810754116441,0.07031603242933385,1.1231855139277043,0.07876701974364514,3.0639790774766777,0.6884760059433412,0.20454790164555298,0.5604009570113067,0.08401646512369759,0.833315580804914,-2.013345068119319,0.18177356077170725,-3.4967420895803683,0.6770125174374986,0.8983324236505991,0.7639930608111586,-2.9364529617708564,0.8396888967964122,-2.959337779981492,81.791
20053,0.20290422368871702,0.2624547054003793,0.23790611901161127,-0.42959858304042225,1.655243265736396,-1.4511461155329033,0.5716393439140479,-0.3565163533115941,-0.3190075429486372,-0.02774731851059059,0.9074382185484091,-3.2898027743409153,-0.31900718066887856,-2.525490318800862,-1.07957052795854,0.04993900846691551,-1.5858767835809349,1.8048548546179908,0.6745015089941397,0.6796317496604751,-0.5434760067843603,-2.5550430448294685,-0.08620359664554836,0.7648560120183732,0.5696807020250185,1.1046819349161807,-0.27260428967418315,1.6247153934438543,-0.6862519226663051,-1.6765446554094041,1.8624736496266368,1.1951918133048218,-0.2560312330345254,1.7534253848436891,0.8571774412191763,0.3793073565465332,-0.3936729632322694,-1.0047124115891997,2.3073677956787098,1.290508595912,0.4691217945087839,0.6639765421893808,3.297702736273701,-2.0231893438739736,0.47453214824030954,-3.020468322293367,-1.9647954282270943,2.719258890609046,-1.297760082243858,0.8537691437101149,0.035523369706246866,0.40105260475320714,0.48752371065041883,0.5853245408063898,-0.8629025462070175,0.9011972290183449,-2.3616694542791357,1.260936961058751,-1.214678531729991,0.8468606470554205,79.705
20054,-1.6007526112100088,-0.7739243356381839,-1.7133235803579172,0.1783849906312291,-1.4027046613853853,2.1863419773124195,-2.927501420008768,1.4453395419626354,-2.2596809592371603,-0.3692174120446068,-0.24136999935074233,2.535317036722887,-1.1810161941968675,1.5974479917028896,-1.3192742551808867,-1.0710410268122315,-0.5869572625437903,1.3598375821780098,-1.8825674990550836,0.6777150496943263,-0.6152375262694427,1.8129601744803097,-2.658563388862384,-1.6511333794689742,2.874564484159675,-0.5481241458416992,1.502701674795372,1.3223373905185807,2.056710613476113,2.727051283552302,-0.8796812082890213,-3.1121409518710665,1.622380344631405,-3.4550584033076768,0.6080470633351831,-1.0607293259014559,-1.6327955433458727,-0.15679438101136242,1.6805915864208831,-1.234894265795515,-0.10288497392474047,-2.629803592455172,-0.5115807419970989,4.224252559977574,-2.2419686276636153,2.0899071207462585,2.0764376194053047,1.8828566292106326,1.4069424460737847,1.0678294636134602,-0.18481251193110243,-1.3754810349513045,-2.8500389724972983,-3.6515345371941175,-0.2011917248015328,1.0279996427552969,2.9496053620603973,-1.0031354878262246,1.5698125787697639,-1.8394389190906282,37.327
20055,0.8601003153808431,-2.3694311459047714,-0.6267315179411157,-2.8621285360817166,2.6263180114149374,-0.3901647246270087,0.9116897553479286,-1.8035648363023606,1.6410514245118213,4.903908001698172,0.04007880972191054,0.8146543341323111,-3.60922518796383,-2.300415491158073,-0.5968771840582313,-0.6105748764407892,1.3765690889318356,4.210884962041424,4.514511887408282,1.8015681412596356,0.2533428044379902,-1.9208702113284353,-0.2730409573289931,-1.4822006978066964,-1.5686334251551335,0.5425566691954529,-0.4926192374734107,0.5887530496660976,-1.0969523493115165,-0.8385292369706872,-2.1692418974362453,-2.9297306145224247,1.9278596032454767,-4.506762849481489,3.807170193974525,-2.245524435133221,0.4221813490296395,-0.4405868407142896,1.8483931646479563,3.6458107105916047,-4.723193424777525,0.5805802079085859,0.9073491661569659,1.7053624257679574,-1.2904709389563196,2.0840033521953942,-1.0364279905542497,2.5555074190951497,-1.9452923910042084,1.3180005141550117,1.583565690002023,1.9500731579295458,1.6730397489748972,-4.624434115872883,-0.20723098026527553,1.2956943614903924,-1.274482847843597,-2.3123620270366545,0.6185831235574216,-3.6748686278073928,41.894
20056,-2.9238445815331144,-0.7729561267277356,-6.331934279411081,0.19129573844254097,1.1541491923470322,-0.3623182593807143,-4.721709741432858,4.521373623535778,-2.6099904743284976,1.0201892844677727,3.714153841869174,-0.4006731648071399,-2.7596273797770046,-2.0845953751276833,-1.9907632747273745,-0.0695354771681125,-2.089121778149107,0.2003782846504637,-0.5477105737122799,1.2148907572715422,-1.5330541724318698,-1.2013272880410473,-1.7449515713886974,-3.4751519660256145,0.7249755543943421,2.8893706269688666,-0.20309585239301145,2.694139561960215,-2.411576749288318,5.437421190218034,1.6906411805301365,-1.4268803291721044,1.9295054073092335,0.988625832864394,2.384878937653995,0.721785957422418,-0.1597644261653679,-3.7137797080686044,3.7058678767149322,1.8577155670735532,1.0745290536218577,1.9301821216985053,-1.9259473994369916,2.926958179352046,-4.6377949754455745,-3.694216977502064,3.06515561082908,1.3035840460567365,1.5066282094953058,1.9825927194347588,1.8146522677394763,5.4458372738596985,-2.462145476448912,0.6859247083060611,0.11118196028042421,0.8932829402855345,3.774206089719136,2.735023503600062,1.3751136381056537,5.745947895532095,5.387
20057,2.495276233188029,0.6952471740281745,2.446666855952235,-0.042308562672325495,0.7512697446295357,-0.6351170513275697,3.2976632916574107,-3.469209929301364,2.5380368308289194,2.5770416264244362,-1.1267253068398608,2.3700373656806875,1.5160059702525008,0.31545673200776464,1.792309834740801,0.20323265103375487,-0.6555770917611138,-0.32891317350677957,3.8535070582020086,-0.5110964503461816,2.455852772188787,0.12280955192610557,3.934315011920271,1.9703366102821944,-2.532772608765663,-2.9210546617220006,-1.4707016756214417,-1.7453036946914142,1.037723273928938,-1.1532410548817469,-3.4097275723550973,-0.842666974970764,-0.5932525173575538,-0.13613880737166995,-0.05087783630949337,-1.984789967666745,0.7415452011146645,1.4204691751211445,-2.6304287632057926,-1.5318634938742948,-3.3204342156486906,0.8696251394096409,0.12626971590961208,-0.920159654782039,1.6298668648298456,2.139052616445001,0.36317189804703076,-0.6331618931622164,-0.807411573644538,-3.464711579394243,0.24541373496449825,-0.40461103514840874,2.922639446766452,-0.261276028595599,0.2144566737442608,0.20184942639286274,-1.049216374701729,-1.400323966293981,1.787513498953104,-1.4592835304936658,126.216
20058,0.4984572389198137,-1.4293215122104728,1.7613599217336697,-1.7294601695634846,2.159789694001808,-2.0845831074586414,3.8378260662799852,-2.2149445868385333,1.6930634702415808,3.3813485250752877,0.3814593638850024,0.8653284897696798,-0.5544168687254992,-2.339300346882922,0.8172643085904538,0.3801992524570419,-1.9722994852890174,2.6147965798250006,4.7269783497730025,0.8732368822220083,-1.5774385283580719,-2.3650230437135256,1.6310128124806347,-1.5825258165070284,0.2789782433372128,-0.7311346979579847,-0.28760954070456124,0.911357031497751,-0.12592741237106814,-0.7879409226640484,0.10053077123594562,0.7863095534413519,-0.020509239870466434,0.3075960314388895,1.880571434090084,-1.703119402528902,1.4263349903536984,-0.09766151388506508,1.9966281806998298,-0.16104538776457872,-2.071059936132057,1.9411942553073107,2.472209543928072,-1.5067189091874367,1.3873526675013677,-0.10943284199537126,-3.308481236249392,2.6412554267477435,-2.811142423339093,-1.7592328514009865,-0.3358213846292936,1.3061480273285946,3.3056108088887575,-1.283152886715604,-1.4575518046486686,0.41132856056997413,-4.602344769973816,-0.1512565547167683,0.5951350844494484,-3.638499253545437,78.946
20059,4.064821863859966,2.3271427430557976,2.2310835618809532,0.18719619439762064,1.7733200292483318,-2.1737543354640536,3.696184763827085,-2.9458145291413196,4.006734741429395,1.0515174810184014,-0.07927070837599112,-4.738997764563929,1.5564354184526799,-1.8578296003969303,0.5626620079700202,1.104503940844485,1.9352189272313451,-1.3112935300813586,2.011956419541133,-0.4643865882557278,3.0640342581364086,-1.8983994884165454,3.9463160840688154,4.370639621572556,-5.0656595539026,0.2616069257827191,-2.717783232923063,-1.8550136190195754,-2.9028942651675784,-5.391701120398304,-0.48231383287580626,2.327081597046297,-2.5400723103258858,2.3363117861425273,-0.8245904909511159,0.8746855735064673,1.0569890780725024,0.585684922635848,-3.757566459444795,3.125728042348152,-1.6606449107757042,2.15806789206315,1.134689209505156,-5.035400691811643,3.5299043592853874,-1.4322838191388791,-1.5267737829381742,-2.9659786229308835,-1.0873730125266259,-0.05191779943623963,0.9499985611914182,1.0274709912079198,3.8844859483298118,3.565532667703111,1.4822684716713153,-0.608477977442149,-2.6671527589952317,0.11360680299337235,-3.4164597518184894,2.75185612521105,129.862
20060,3.138180046109251,2.2392900154393724,-4.455648668582606,-0.7611970144709835,2.597291011235029,-0.8537276755451632,-1.5271229876758206,-0.9252118446272359,0.7206079508599685,5.295910543738522,1.4251286479137433,-0.5820118858151541,-0.8142640231138552,-2.4151573639305974,-2.2465158415935305,-0.7763862294602503,-3.7399680293627493,1.7927059314257001,5.737796423065337,2.229250750880178,4.5994015367176,-2.7310029325751715,3.2845717755042823,1.2709542996474315,-3.7306954299316817,-0.5708905824879577,-3.9227445552670117,1.2711335159809736,-1.6888365802660392,2.2263532589317223,-4.589449281135407,-5.145931844821704,1.6728331727204546,-1.7742763216224278,4.12029359616369,-2.914889267572385,-0.8736123461670903,-3.194525321853571,1.2002469117495056,3.0200726578544037,-6.35947855900246,1.6464820887549232,0.6209128479436835,2.6388912939287774,-2.982394962466704,-1.6020292974179442,3.53651653203907,2.4670305844389766,1.179085197136533,-1.4290856527535076,2.713457623881918,4.496352058849059,0.5357330745782238,-2.413325541266154,1.0548661410167128,3.345111691795091,2.4535073627049364,0.8759185854675294,2.9193837730985623,4.571435708828684,86.485
20061,-5.1669429528002455,0.7615599715092094,-3.776230280517298,3.593801212484734,-3.702437822743083,1.4242274983907552,-4.459746689958905,5.292792588440102,-5.488823947172085,-5.088728777796914,1.6074575818457264,5.183884837384614,2.627307237787425,3.6794902320363048,1.628271554071349,0.07704457364253506,-5.727423033841964,-6.042001909427597,-4.3737161217852965,-1.515601670863191,-2.473485169567833,3.6621106937486125,-0.9679375536198063,-2.7159784426821254,5.124415945983606,-1.5036719434531993,1.3695298623429106,1.24492509340587,2.7214116429472788,9.39069921136463,2.6423444902003035,0.9067696676325954,0.17238505982735064,5.266207033621494,-2.846455960043718,1.1718221404966427,-0.8174213660660865,-0.9972885194468724,1.03002256890437,-7.844613486304278,6.223963558939856,0.13104842858822893,-3.9159937976673103,2.9658883940531195,-2.9558206844585415,-2.646215231693742,4.7781527569419415,-2.0086781858175478,3.6210369614343167,-3.1719483944814004,-2.0444930255567124,-0.09162549415153678,-5.328427245422812,4.597748736011383,-0.8706026318971681,-1.430565051271603,5.382655620822928,5.1312193368734755,3.769591492188034,4.949947866135788,66.92
20062,2.385316543179663,3.1183364527873807,-3.4734843853470307,0.9421503051652786,-0.9121965689515444,2.7432670065744764,-5.323285421144774,1.323217396398486,0.6308737649332895,-0.5412639668365765,0.06240827675980094,-1.6707690418675447,-0.9273358595915437,1.9616797243272899,-1.5370384204815024,-0.40029383561158777,5.396328393960132,-2.6557334268714357,-3.3436086055172005,-0.9721243516596235,5.787460173709285,2.392727784717511,-0.2832458609775247,2.3116304079241994,-5.674574002424833,0.8322702865246883,-1.6361612753720958,-2.685633440749784,-2.3654671555470452,-0.27017098849074717,-3.7375607067548002,-3.334042939955047,0.33787568460612255,-3.4386081487191618,-0.2836664370215528,1.2942519962777725,-1.1012655812156207,-0.6021508533211979,-5.1419950267003225,4.642203066345353,-1.078010146247127,-1.6602230464997672,-4.458586315431071,2.7347472666853205,-2.0492353532514156,1.6392755439792854,6.283879959144526,-5.198227093962246,3.908977043872087,3.0728244630422283,2.986019116679132,1.890367446725615,-2.297951862089384,0.09171289156066775,3.8100528460580705,-0.1537428416247674,7.00657492253722,-1.964140421985798,-1.5792518455689772,6.338404981448059,54.001
20063,-0.8725560860925442,-0.7035654032419306,1.1327529977952207,0.11319161153290486,-0.1662125493299315,-0.5830702905814018,0.4559704664885452,0.9759807829840138,0.698728749691859,-1.7078713170882172,0.4611589782285671,-1.4666864358697576,-0.8286124768548703,0.1915692945255029,1.1928849083672164,0.8067420682362642,2.9520744092056646,-1.1319313211680668,-2.117144261356564,-0.9612429733576047,-2.0737401163444646,0.10599482175312908,-1.762022614468197,-1.1010944795984785,-0.1776533708915675,1.3945648747943706,0.7739760908148108,-0.8520968818032142,-0.978250509808716,-1.184749236285905,2.1859889722076087,3.344438841968329,-1.2727221076103807,1.3492738676115723,-1.6395140927256195,2.1917356695987955,1.113954823755396,0.608991652800131,-0.7354005885582456,0.660645000780168,2.7235386444778102,0.5334595616574905,-1.0316281808424261,-1.9506931233954539,1.2239733593171493,-0.5599236353286768,-2.343507907365376,-2.0997354334303457,-1.098693563485071,1.5795015120985032,-0.2872800766214833,-0.19805051975584598,0.1423644801796649,2.5191508274303502,-0.20648876091587698,-1.428875118585462,-1.2865886773043165,0.3744775886667665,-2.364636282019133,-0.150011504011907,55.931
20064,1.1654718907334507,3.7695709227945597,-4.757945140291265,1.9657851093856955,0.15283898321349793,-0.6039205238123034,-3.2156052278182754,2.703396053233478,-2.514833042740216,-1.7217495126019093,2.0313998753228875,-5.0192950610090135,1.1260965865747365,-2.2966923913005806,-3.2807181089376,0.19463214026543296,-4.25337607692049,-1.0919196128958946,-1.4834595016662366,0.9201517990881671,2.485328468108229,-1.5528139939569974,0.8208655920402639,2.522740700660672,-0.5122761488376555,1.7610006802648124,-1.9785347141096308,2.4744814227818006,-1.8396919144766462,0.8457604200643327,1.1721202131249842,-0.8579972217349703,-0.2625178102247932,3.200383661025026,0.6819819744480444,1.6248107929575861,-1.9340316905548933,-3.600315025374584,1.77372698528323,1.677737863788357,0.9872454302867246,0.2733531456998771,1.6621131665539315,-0.028110669322061323,-1.9205217903602307,-6.338194701453005,2.9616532824513135,1.5393793842723584,1.6514426534724365,1.3928448661977888,0.5772103020314727,2.400241385426255,-2.5028414831940236,2.932111883512826,0.5300246518087932,1.9706301328844626,2.7960685051210694,3.7299925135880962,-1.0543815281164368,8.137530997956839,85.687
20065,-0.4190343020442277,1.0821792752683224,0.8788006014253387,1.3055803241102704,-0.430051616736518,-1.3214741684492222,1.4352856298522854,-0.05168467067115881,-0.7277917442252472,-1.9275624101112698,0.5535228040128528,-1.7630265942296655,2.1993281915479743,-0.779453675985124,0.4706375764558377,0.823585316037615,-2.298231138725563,-1.654225094820874,-1.0019308373857112,-0.5352657311167923,-1.2866072920936666,-0.7159227073748684,1.074572166379219,0.743091749318461,1.692877508135101,-0.32097714120949533,0.3096390125954079,0.7907749711533473,0.12151530349537783,-0.7362588682803906,2.7191611921632517,3.215725129509215,-1.5098322160825501,4.167545568223517,-1.6718076390512542,1.2654224980824544,-0.43211480895979165,0.23384329556756403,0.6814481878654898,-2.333788933826363,2.4999034205927724,0.731389780237869,1.7913451522773545,-2.4728817652273176,1.754992494921833,-3.237025605924698,-1.5306960855649037,0.5358315838798828,-0.6677071293838698,-0.9371188538580959,-1.782142763224449,-1.0142041534470478,0.18914810016756384,3.1540830266109343,-0.9533426595947222,-0.3111000994775732,-2.263013017745756,2.2766638744874843,-0.9332520185997144,0.960255004552761,101.499
20066,-3.143171637354346,-3.2652397234330417,0.593749137747394,-1.3521295728979477,-1.1890927014316677,1.8040929783105084,-1.9974000993377117,2.4291215885360105,-1.0338486449506525,-2.708511842097131,-0.3692993804127434,-2.2352563122989992,-2.8953934335855718,0.3910611786203675,-0.8198849397119744,-0.3655965911652197,6.701372573835283,2.086067256955447,-5.524546385548405,-0.40930629829273946,-4.26980652800826,1.0919346667321657,-6.298962542993984,-3.0482552488703276,2.55850009278512,4.483545938757925,4.326840432992462,-0.10383813542998918,-0.5362483287151474,-2.420203427910806,3.944005111050879,1.934381218638978,0.08869078204801525,-3.125940486100318,-0.5994645311281723,3.155831151722054,0.28836818967384176,1.2751449172851008,1.6797934938444714,2.8136064835571863,4.254216328213669,-2.5005077194367855,-1.0883134006422337,0.25955206118291196,-0.028904299602589202,1.814161983524294,-3.0834709546363888,0.07415145062374878,-0.9243761581802318,6.040970122841741,-0.052954014396060435,-1.8364587162672281,-2.0679560364171268,-1.690500452908804,-0.41116519552708886,-1.7966989556390496,-0.6805614797700614,-2.0196426831729033,-3.9970699324219603,-3.957207123338439,-18.971
20067,3.6486048420805366,0.4376857301827684,-2.000663674327157,-2.0879985756413175,1.2861088725562295,1.8850923938009978,-2.183549688253232,-2.3175417221496453,2.1545477339929726,5.925249462599213,-0.828145625915065,2.0503137548756163,-3.042836622819672,0.15901353255561593,-1.3979973110309403,-1.3943241910810589,2.5480805082304037,2.680232171256321,3.8618721437813863,1.7245712132755044,5.069950066470717,0.4014541911753264,1.2895305584355274,0.9517774103542498,-5.021279185114105,-1.3971139333954108,-2.1345882792607798,-1.2254151887618772,-0.44981777183799987,0.014307864124731742,-7.7165878872356295,-7.114379513420982,2.459905973640525,-7.780510582768238,2.990510051781867,-3.0387261449861023,-0.6226094043021702,-0.3452612820831329,-2.016078406959057,4.483248433558979,-7.651615844870226,-0.9564654189105186,-2.0471271086781186,4.688916807529923,-2.570484788129859,4.996703079853561,4.546358424539846,-0.3271951685328682,1.846085861551869,0.5825165269542423,3.648396893292812,2.2831833650393185,0.7758570243463849,-6.168731941162048,2.7461045158662043,2.5434170826158895,3.9031701627034954,-4.477609617934939,2.146247187521499,-0.41574264969430225,56.416
20068,1.0968276776646684,1.026590536522717,-0.37520181576700007,0.5461933498039049,2.208697944122676,-3.159971450641686,2.23124514357502,-0.6376406980775198,0.7651574899061555,1.4119345931385603,1.2808888257888347,-2.6732966300984695,1.4517674621091414,-2.953793630279935,0.37375625011747793,1.319769222434243,-3.950084977534978,-0.5312590614521517,3.2567338170328886,0.273629876886674,0.6838187057505335,-3.103458082893908,3.509838986447064,1.1211446793239348,-1.5856814068634701,0.023154784232168317,-2.1490399860275393,1.1859305580614912,-1.4501378611349087,-0.3217150674205038,1.7886966366994625,2.0913293440662577,-1.0023920611253352,4.758855664819465,0.6115589922625604,-0.03196126024124604,0.6888185893750964,-1.4805368946855701,0.9136312342589801,-0.236072823343212,-0.29804405678931123,3.223189776410096,1.999075345132808,-3.342747161840213,1.1147125277191745,-4.905195655038018,-1.347489128975891,1.2552944773606904,-1.095345215540179,-1.7532554716524982,-0.055237754696040905,2.7384190946366753,2.3504723495654103,3.630300165002952,-0.5579898489311749,0.3983848285059918,-2.8746914025137893,3.106676475122326,0.004303571310453058,3.5856611627101316,114.695
20069,-0.13100283847371702,0.33754458859880776,-1.5418031512094914,1.037107895949931,-1.647402992587868,1.4592364189925247,-2.3293870724011807,0.7601135102941676,-1.158045625184402,-0.6540507796836654,-0.5864953560992943,3.3197054160740698,0.7899415049081826,2.121510993910248,-0.04869806225126247,-0.6400531461904857,-0.9215889312326482,-1.1524500080832658,-0.8916402867551846,-0.34539659668001477,1.1958927339472605,2.1156826805003695,0.03282412334375097,-0.06370347458041527,1.0794584154837148,-1.8643918918710818,0.2901013890650642,-0.3037787600455325,1.7432676782636747,2.5956329013280226,-2.0125473346368734,-2.510992739664233,1.095435805413235,-1.4772630627309635,-0.2756146518700249,-1.0042135164556238,-0.6268592160532328,-0.10791263925129946,-0.7225355393002001,-2.278974934660457,-0.6632953382622166,-1.2884602253189752,-1.4972939462787034,3.1655689679858043,-1.6163650165135441,1.778439443178076,2.939064520270759,-0.31061746394633793,1.775283562414451,-1.5093172145920537,-0.08290274912434512,-0.6167067545699899,-1.6016771183912544,-1.5159352629209037,0.33667516907771877,0.6715351559823184,3.685812818046091,-0.19958939383665314,2.4608832631766218,0.3014579342930833,75.301
20070,0.955018910570131,-0.6032436041619538,2.428424019181775,-0.6161495731154717,0.8273581681876807,-0.6431773949034599,3.440934151434301,-2.747848922541729,1.9165263598667377,2.608361316115732,-0.9165159236649865,5.1090815434729775,1.4610070187225874,1.003868837257933,2.606648021970237,-0.012325362150081023,-3.0786714903071815,0.4920412814080408,4.855284587673822,0.019952681733503924,-0.12216018273706025,0.47592949565380194,3.174237491921619,-0.38904149117814296,0.141326706666263,-3.78927673702723,-0.9408767681048831,-0.624394925869576,1.9537459335134575,0.9333146377824616,-2.4779970089001218,-0.6072792697092824,0.306640876927012,-0.07370328344229739,0.4162517716514994,-2.829873526506252,1.4128348287050363,1.3847756720821098,-0.7673604703922702,-3.4735376308657373,-2.689839103634272,1.1905408120495684,0.05821138995652385,0.0823627369244612,1.3935762582045585,2.384953262065899,-0.5795768846333358,0.6364608734605883,-0.8631840144506691,-4.370653725172439,-0.5707687456039314,-0.42330695575055327,2.5597052209961952,-1.3580651717881045,-0.6945871201698922,0.07632250182499369,-2.1812695950687,-1.0750646127967087,3.477516614766198,-4.033720816303298,112.108
20071,-2.32757742031492,-0.0787035696514033,-4.674003473948251,1.4330464307858013,-1.9360844687774021,2.8532048292272627,-5.869149198338871,4.4353196281816665,-3.1542971803909015,-2.227113877942046,1.4039240657180851,0.7887803632433086,-1.2557090723675868,1.7559585387732577,-1.5893163948753324,-0.42116487041485096,0.7418089178719639,-2.045370493381022,-4.461486562040507,-0.2313501327590596,0.5674003423970957,2.123266911597017,-2.784563682881509,-1.876518163496619,0.40995317150725663,1.604049814993745,0.6397541813552815,0.47453005053277303,-0.18738289965937957,4.488912495439195,0.09132347105318517,-2.175748699670718,1.5234662240278107,-1.162500100902595,-0.4324812243999272,1.4921657797282557,-1.0877994952267211,-1.3495322935227392,0.5415406564312635,0.5173083247078881,2.2864988998908675,-1.218211691944892,-3.9124195159124096,3.8907729226738703,-3.9801035040479897,-0.08265161163435283,4.660278725948359,-1.6762464693582755,3.3659460029103485,2.263728648143416,0.7588557168766326,1.6049461711225146,-4.494646802492627,0.6174060155830435,1.430371195331422,-0.08875281452156863,6.588363333530248,0.8553264198926692,0.5337926194362083,4.532804584163651,17.639
20072,0.6582562092949786,-0.8445915429826478,2.6419279912403,-1.1219054153274157,0.6052261271380011,-1.5110074184053062,2.583047625893096,-1.5803266043661732,1.067840212532737,-0.12354041908394046,-0.39665696761459357,-2.392203744552096,-0.07043226754244034,-1.7167331828162267,-0.18154551286444987,0.21736837447471136,0.22071927193243474,2.5792527671835748,0.24320270738668187,0.386086036128172,-1.4803065463947345,-1.9501646370119408,-0.3792268661034935,0.5647106230651342,1.1697687024240373,0.9584782301546394,0.7864873799198716,0.7285219611426391,0.20850340353974017,-3.798003192573589,1.8263212684525227,1.8073221879685208,-0.6979913414919707,0.7808067331173858,0.2975017563888541,0.38537462084566426,0.2996177693397253,0.8126644347876103,1.4588391241492,0.6173581603920298,0.8130114086057952,0.20539320369942726,3.4931487023911436,-2.698198453164927,2.003447751684091,-1.1241938185842872,-4.1338950370934056,2.515494375993178,-2.4199046721923754,0.8427980803900759,-1.0227922274304877,-2.015077355427042,1.6989655042537812,-0.6638884233684327,-1.3627049938783975,-0.10469877720493426,-4.319294455896792,-0.16788249717292514,-1.9065513050635539,-3.4283140332687734,75.23
20073,1.1867896036621088,0.23580661407908943,0.18035154381692414,0.1360386190903174,0.4514318212633972,0.10617329477496351,0.12256135974489586,-0.7439707724163875,2.4077850721551104,1.1342174720722322,-0.13773616790915955,1.0470903622300265,-0.44481411514103014,1.192824974946605,1.8951022361187981,0.4786710583619793,4.547441501057858,-2.6718532010817295,0.4887415424115645,-1.0516447236152735,1.9222322159768108,1.7676023912285093,1.0550562500698373,0.11571320710661548,-4.682807606617784,-0.5044588725348883,-1.133992253860685,-3.293186604393278,-1.2335133769728428,0.3380069137924943,-2.0691126252644834,0.19678703838760597,-0.43201563683098765,-0.7288661522506075,-0.6207910828402867,0.33779554180358906,1.8568377469086061,0.8198790863243387,-4.745680842405813,1.7643873455348145,-0.878694282507941,0.9448702981345248,-4.019232624274453,-0.30565218181462156,0.4417126330221787,2.7185601378199187,1.6935337513029591,-5.171806717395943,1.1746572311903318,0.2645927650932841,1.8074782442839288,1.7939239507333493,1.3538554140888834,1.4860377226234556,1.9348582831059444,-2.164021283715334,1.8161992035611185,-1.646008480616205,-0.21610001124359782,2.560333830623315,76.392
20074,-1.0485421624253695,-1.4205253913433369,3.841439812686452,0.008388786942410076,-1.4892981116564457,0.45291797044524773,2.6047666779266048,-1.2030305635249547,0.5192576109272495,-1.5066947830924513,-2.0470014175035858,1.4413555932312427,1.0252510853564196,1.7429810929403582,2.2412441763085176,0.14965013244858139,2.1092875197889005,0.13164780391196107,-1.457214084749272,-1.1665004736326163,-2.1599470884598024,1.3689239486099127,-1.0853798277528057,-0.28792176970048927,1.5456992906887304,-0.4452731263575439,1.8933333666236183,-1.1316489593747334,1.7396792018921075,-2.2358438315142335,1.1341470359772843,2.2497395988855198,-0.7510200090233043,-0.32683634607567347,-2.0636938919503596,0.2042127514100075,0.8659884996342418,2.558373499254409,-1.0751936053705413,-2.1772981890382894,1.783321531961329,-1.4011405432633994,0.21438686921048,-1.462490737269808,2.277702230738564,2.6631651230096023,-2.834553770564165,-0.5218297381050834,-1.2947494328301816,-0.2704660396670444,-1.4981367946638224,-3.7398080723405656,0.8266390039584913,-0.7268816135838216,-0.9401410083055173,-1.7978856656131204,-2.545345157701693,-1.604855307509396,-0.7543874927450281,-5.184780628374402,75.385
20075,-0.07831788836395767,0.4924498351586635,-0.6597249601585312,0.6170568688468075,0.3271844710518258,-0.8634439491865118,0.4519861790048084,0.07334012313613766,-0.726745615306305,-0.49692040906348534,0.8907604039566641,-1.0004992905791152,0.5104250499945528,-0.5664693531446304,-0.0033380385588361317,0.24999738986294673,-2.3407084886654905,-0.19768557807423365,0.584594781840231,0.3143220006172285,-0.2824036044826157,-0.7303052611645983,0.8674385295502816,0.30770359628069605,0.8146462284428097,0.08729390626666879,-0.23495161506530635,0.6693635086666745,-0.14043720733737608,0.16322485519656585,0.9565879180423639,1.0189873410446637,-0.5795351651404996,1.8196244395189294,0.09635373310817567,0.15139913049800732,-0.08974528188758632,-0.8779522276776277,0.906618174278498,-0.5750393032396234,0.6194656852162927,0.27921246884732487,1.6141695472434967,-0.7768293258862478,-0.13250151068515748,-2.1187572315856467,-0.08854541880529353,1.1017028959277242,0.02977444121924916,-0.6784941426994571,-0.7857307193292247,0.35645093953275847,-0.3804821822550416,1.597702732405943,-0.5723883083757195,0.5042931406487511,-0.6528362764862086,1.477215718492589,-0.09724011138192223,1.6582552914454447,88.884
20076,-5.009114873382147,-1.9836667352827015,-2.6621703972819963,1.0006622591450585,-1.8286979477715783,1.249304318905207,-2.9472125156611426,4.174977155256644,-3.1193930186358245,-1.8708956654052207,1.3829443926558571,4.929738629265836,-0.6141727919446303,1.774624876659122,1.8196777675209288,-0.053931168378366943,-1.1422353553149094,-2.5206849161893756,-2.7201769838236363,-1.0700765539812573,-4.248759256840672,2.537556776322016,-2.4485357131157084,-4.858806871218789,3.5312087984992866,0.12664980951194352,2.392008081190976,0.7182040794909149,1.4079312601866134,6.654786723074359,2.1272259799315436,1.2372246974133498,1.205597650199842,1.8779482704385821,-0.6700704041347398,0.645031371834114,0.4803937417246108,-0.4349070515102317,1.701292611798822,-4.242578574548496,4.486378839191996,0.24611398773594767,-3.630259264810347,2.9087633689559995,-2.6079679309540116,0.516915902875998,1.6678821061772917,-1.5161433567720162,1.0788703520585652,-1.0820304787073114,-0.8935635556215766,1.08665571754932,-2.8825650836958587,1.5599228906552904,-0.8753159131653089,-1.7279111122387651,2.87419306716332,2.1444237646299964,2.260868323501444,0.9727050362468261,14.492
20077,-5.116289493276292,-3.9136377015779247,3.4358511955991364,0.212555938306567,-1.270823869170548,-0.09841765381965858,1.549032625513472,2.2034390956806353,0.4408674664702534,-3.4952978781980635,0.04527128158973083,1.1289715627796766,-0.9490721460681694,1.3836893568163178,3.7280993510903335,1.0798315980746405,4.861677119882816,-2.1277893358466873,-3.8792144541395546,-2.408620127702808,-6.715298522720822,1.0284003024268116,-4.322031394230207,-4.846044603800317,2.572922608030325,2.8207421270295967,3.863667704940471,-1.422469721667577,0.24550081563688428,0.3247046821141457,5.803896034194678,6.0959901638655065,-1.6315935883399706,2.622950495089269,-2.7742588853114563,3.209073082543348,2.679876175610375,2.912626748134991,-0.2109859718010912,-1.8333279510758602,7.009790918666552,0.9120167391961062,-2.931685102879732,-2.628818716894611,1.5978552382248261,0.8634655172495964,-4.834252146225524,-3.8218365273310346,-2.0653807589154476,1.981414327955864,-1.0485688751741855,-1.247760389907981,0.41706209736899674,3.341147518704392,-1.2142294276451437,-4.274395735318077,-2.998165992262589,0.5400959739555232,-3.0978592556430424,-3.873091595466023,9.026
20078,2.4123908554116156,1.5309916131983141,3.2005087809288892,0.08034714526208547,0.8029207894996783,-2.0475055792822157,3.3630226854170293,-1.8143989672553489,2.1985819267990996,-1.0071917350483224,-0.41265889130369426,-4.64347650340878,2.042042171052344,-1.386194284863374,0.39667205199611905,0.9977146411874059,0.8717006894360303,-1.3049274341995647,-0.317206454303111,-1.244298882137843,0.9860086718308819,-1.5579385886881572,1.4961393934863099,3.350882816709314,-1.9609187220771183,0.4399533208917732,-1.09497100660686,-0.6669360652192132,-1.6710266767394253,-4.813369096155403,1.7783614461114639,3.3648937064667277,-2.19479676472223,3.413819422066654,-1.6867550440125962,1.9891696863464325,0.6598271998876379,0.368447263585533,-1.7238454563096712,1.519655273579929,0.8109518526583706,0.9524328079336408,2.6873036238854984,-4.974282536427011,3.689529810076737,-2.272380869173249,-2.97874175874462,-1.193285550783625,-1.396856108704268,0.13128244763704028,-0.6727253133971907,-0.8403749651837122,2.1632249854902703,3.7522181837294832,0.1802709391616422,-0.7844113327567799,-4.037518506694568,1.2449499490897509,-3.3692838603784847,0.6548264078451946,120.956
20079,-4.007968241449639,-2.0599116300542604,0.10236673448236466,0.7264288170515771,-0.2148940941894167,-2.3105087457527658,1.7309708922632805,2.5347371585104614,-1.3502507321709807,-1.7616662525756495,2.0821356389043904,0.8631300680324296,0.48108824989734694,-1.3146131165685864,1.8960061739530045,1.713658509264384,-3.1261287022181934,-1.225903460236831,-0.3946349099242427,-0.5574023184681588,-5.790094634314355,-1.3523116224209586,-0.7146961789666224,-3.388709951135336,3.514769311351224,1.435683574319845,1.6057504340348616,2.2098348161078274,-0.20269614830532387,2.9657289663018127,5.9299685389765,5.849261390617445,-0.9234127513655326,5.869190913754254,-0.7571530326281465,1.587764040445624,1.7152557939186466,-0.2531114225566419,3.415066699242767,-2.839772332530246,5.290693014944996,2.8672063872268194,0.340557145974744,-2.671095926997471,0.4473826489292706,-4.132525546898957,-3.5373600826860705,0.6900760266807235,-2.1687535748051663,-0.9519692681068251,-1.8840889794568356,1.2798994707685292,0.43106274039377396,4.457363175870764,-2.933873062281519,-1.8245701867802346,-3.570435776098493,3.9609825940444234,-0.5108735063335236,-0.4541380121867919,57.552
20080,1.3548280798750723,-0.19734743377441885,0.3635253868621401,-1.2226538251535874,2.580138117553112,-2.150701904807467,1.6574673445493067,-0.9648620352019202,1.6321489976838455,1.9559417854936503,1.0531969257525342,-2.875338085148284,-1.045464128752357,-2.764681341856856,-0.3272291576295937,0.6976541593241782,-0.05922663745408828,1.8513856937127688,2.704049622762214,0.9357140132487335,-0.40755813658860185,-3.032243294891391,0.5657596207063208,-0.061993020672506546,-1.7392130114569717,1.5090489747168139,-0.9111181329315016,0.7812616984594204,-2.1249223179028607,-1.7767045075844958,0.8936811148106728,1.162517882827734,-0.045734946207907384,0.7333588801200386,1.7084855120144078,0.015203261044298033,0.7511590378784574,-0.955760609982652,1.2545381320555964,2.897003028775707,-1.2489799426332302,1.5543181872650702,1.352413072422584,-2.1827552740152343,0.6876143123472686,-1.9157426606899575,-1.990080268470709,1.404898937958413,-1.9716599512766988,0.9320081922140842,0.5925074793018426,1.6518956376127958,1.8216614433679281,0.6825707653265422,-0.04746307182779197,0.5685613016734067,-2.7023846438882306,0.3464201309416518,-1.6122331814812165,0.6468464273121507,71.256
20081,-1.8808340719055159,-1.8549525173315429,0.22693608673212531,-0.30322000013320916,1.3280039283142435,-1.8999501016837412,2.8851360224473948,-1.0537273699475085,-1.7299631719892974,2.7556996989935985,0.9293761092264057,4.700472663558395,1.3044764955395296,-1.8817916787576037,0.9801536528704045,0.36554602528494007,-9.146785112525691,2.826639840403771,5.70273591421677,1.141958189735039,-3.5545489773564367,-2.504394884259919,2.0795658228410625,-2.942038717130831,5.337922520935252,-3.015786788580213,0.3739449998280565,3.301140821060393,3.0517299598876693,4.544626233872825,0.7723375465977668,0.14054128362062362,1.316581206679158,2.828101078503183,1.8339896392440507,-3.548324469970007,0.5126354053951678,-0.9645095580329884,5.392505150512209,-5.663702791971659,-1.0683715317165907,2.582756743251531,3.438490629836511,0.4845447157037317,-0.2322348848126518,-1.695523177293972,-2.532454884617712,6.178963043181722,-2.4245130508262105,-5.324978151751235,-2.7302486914575503,0.37882793985702096,1.585769538586292,-1.9225708317122916,-3.513306168131843,1.8594621886955058,-3.833488430646045,2.386253886410303,4.835335887532803,-4.38063728638146,98.621
20082,2.049166978423096,-0.7993256497833736,4.953059418022203,-1.0360926677356295,1.246353929234569,-1.1027596770049106,5.2410129593610195,-4.015387973500368,4.576778177200498,2.0261130768824738,-1.8290242726596708,1.2629398647491155,0.8470371859267574,0.5773991679221189,2.873121615983483,0.4290709203649151,3.078885453909583,0.3989830218305288,3.1348454318726193,-1.0486925771469977,0.6295812499661034,0.21273472792518194,2.15931141590898,1.0136939823576767,-2.5868012769602378,-1.615800437194336,-0.314224682302524,-2.6849846953592924,0.0056755612074036454,-4.060389251659453,-1.3424243454808624,1.6809233755491244,-1.3729190050356936,-0.6738792371009465,-1.0402601966396015,-0.5955374869309324,2.305002862117675,2.920482167739516,-3.155597087338161,-0.0762788126115021,-2.136724834772197,0.7576957724859912,0.2790108734872046,-3.1800682088969783,3.74563370980451,3.661541768179803,-3.7210615281999178,-2.338389555935845,-2.1657907691668936,-1.6823484118875653,-0.27654602558491315,-1.0092798905086044,4.70237686741127,-0.23125075145243734,-0.14323731740282356,-1.4747718785456805,-4.288472241026641,-2.591533730192582,-0.6658838440690887,-4.703433573835587,106.022
20083,0.9305173568585363,1.7442647898998302,-2.2211011520955415,1.4711215028892375,-0.5039880104645116,1.082924706251995,-1.8613220001921345,0.26913243044980933,-0.9053988142269752,0.048452161827637064,0.31847357065711285,3.2117713587804024,1.154095306368277,1.8230108848485995,0.43927308501075396,-0.027406327022114707,-2.64816893959271,-2.618136406415614,0.6702008848981478,-0.25194245777421964,2.632590938401821,1.5355237523263654,1.8576322086550432,0.7572418030015047,-1.1701980752065597,-2.377441126633038,-1.5193344674758025,-0.39175546401242184,0.9682962327310798,4.031525413307126,-2.986601553694627,-2.0248516134727237,0.6540529696941514,0.9272589409922918,-0.3721213741440917,-1.6081449725035353,-0.29854428813452943,-0.5360085903242485,-1.4909342332633613,-2.4654789167105045,-1.3073638783745318,0.23305052937321724,-2.403829260025355,2.7126128317492526,-2.0737088581077296,0.6879889073017857,4.544456399608186,-1.8037054429594985,2.225417423983562,-2.62092353719205,0.17806500681825094,1.3294739339400619,-1.1305015495131734,0.3315881143544486,1.253368300043423,0.7230131409624598,3.7959578523990034,0.32415763717357476,3.529178308893021,3.0772615639063488,95.499
20084,0.7887197964741862,2.056122799245689,0.9279633494707279,1.8572818921167442,-1.3008142136815932,0.1264840186857102,0.8822901789709792,-0.47648597140779547,0.3905486567709626,-0.9725546046103881,-0.41505864040912366,1.0887297499984026,3.1505565060778946,1.4873346470303197,1.4363681153717474,0.1640109435012422,-2.0442165445788136,-3.3176520818709125,0.01447068938097092,-1.5174598034321463,1.8324179979626036,1.2264160491551246,2.9075948633514774,1.510742695843184,-0.5728108972968918,-2.50587159607775,-1.0985947303560546,-0.7914561802255299,0.7870231669891652,1.2361881419881484,-0.734183338270919,0.7416620610423668,-1.3221074825691315,3.277063649112904,-2.0040101727227713,0.15383293451173666,0.18823316060315665,0.7401560728187324,-2.2725395522719025,-3.310825886080528,0.7101236416763718,0.6443336877562988,-1.073043365453071,-0.632091545148775,0.790766662751118,-0.6496817433766221,1.5009060579040339,-2.2150087521217183,0.9711737644490492,-3.1330955599982957,-0.7535300472775737,-1.0205407661938188,-0.19381902425620193,3.0996138040666215,0.5624335632901518,-0.4400636557118773,0.6158824588770917,1.566694250545749,1.173356657310653,2.4497378309806384,124.235
20085,-0.2367467426584328,-0.7945530680665055,0.2847048873920621,-0.5054025573727544,-0.5918756989598051,1.09379883485508,-0.31720227833340875,-0.7184016305636669,-0.40114768213990476,-0.005678010032618641,-0.9911243468052046,1.3828226111194724,-0.3343754879221629,0.8921211750644159,-1.3506930728341253,-0.9282611878519649,0.6460302905440629,1.8410067626121929,-0.7468795401431649,0.5114117595738006,0.03845713937295956,0.7151952457579454,-1.2198648197263147,-0.22628920050945528,1.6732688318981752,-0.616813986742859,0.6725651128222472,0.24556440680190506,1.4851094112511962,-0.25280198069201726,-0.9475693516341311,-2.08826348001347,0.8635042761137179,-2.8718057377252384,0.4816917050184717,-0.7348738534581143,-0.5450167320040225,0.6059692746418532,0.9595424021227299,-0.12354926704789099,-1.1009485394927936,-1.9253614629734097,0.7916542427120185,1.7072397777769954,-0.4859810954325226,2.3849540369526814,-0.0073909506681889,1.6041161138239153,0.16864698668525757,0.16507594752913982,-0.1719151989603116,-2.0431633348673732,-0.6471991411403368,-3.367920098047753,-0.2513975523117995,0.6383323681972085,0.5366136765809857,-1.85124913817946,0.8495293994261468,-3.155136427119597,64.082
20086,-1.3535389091320877,-1.0552609531033534,-1.6932093456275794,-0.5958629841808134,1.3145163437580167,-1.5427768073055177,0.21985969746026368,1.5554246338131839,-0.7074170632928962,0.8214324223077317,1.8908933398297574,0.12201497627785379,-1.120861344796493,-1.8527711378364695,0.352616125288198,0.40868909897548383,-2.000188486041,0.7053960297800244,1.5342874022450719,0.6281800625134811,-2.1815958935985535,-1.7301291274726214,-0.4011218358322053,-2.761400805764251,0.8823414318742617,1.248071822783502,0.12113478806097486,1.2998447510381848,-0.9078197081613651,2.4649281634933637,2.0498178910483573,1.2070237852300283,0.7951974089384668,2.4983157951416994,0.9886156461645883,-0.10183507861980529,0.866037347017964,-1.5750253614239407,2.6512710013221814,0.050029331307361764,0.9582206409340001,1.8301880207422572,-0.1914947175895097,-0.5580095083329851,-0.7532747924921521,-2.200738950488904,-0.8219648476627263,1.360734885293621,-1.5052961874252537,-0.29594681528557665,0.01821319835466855,2.3746512390069685,0.1770635751973707,1.0213735965473623,-1.116255494389984,-0.06376852950933377,-0.8744385606208347,2.345451496648874,0.5457791787432322,0.9258400348940048,52.56
20087,-2.5218611477093535,0.13568066389464545,-1.5826583092564923,2.3135592254902586,-2.9221890573704306,2.000871506653842,-3.4078192829261296,3.512904040252817,-1.977916580445874,-4.880788695244179,0.7618606590137531,1.31597268942019,1.4269234265636341,3.104893948748199,1.739676127391494,0.43397692919036607,2.722466988706964,-5.437493428822417,-5.628115950073827,-2.3160845851988836,-1.4414270749786229,3.7208591178774797,-2.0580340501929792,-1.3395371261732056,0.6349361396188291,0.9943714056913125,1.4081123088389607,-1.7271454555483499,-0.30103389157297605,2.8752384352494915,2.09889611040556,2.6960664414085422,-1.006126381711227,2.778040193214542,-3.4729393771155737,2.946154579980281,0.2717322419052685,0.8551163032477084,-2.886097428603707,-2.292090799548205,5.5452084889723725,-0.7071337590191468,-4.7794259393583785,0.61577361269143,-0.6696965868657251,-0.01322873924451938,2.60338280735748,-5.570814917703498,2.7812067458229994,0.6530234073008621,-0.509958418214346,-0.1102185844703944,-3.0675308838433497,4.539365035000043,1.4676921494836979,-2.9107716160678594,4.23177888342266,1.3213723147577752,-0.327613951613492,3.862062366560843,46.758
20088,1.4441274764862977,2.8428622375266883,-3.0988711838840612,1.002686659655321,2.086021410511641,-2.7700202285516564,-0.20425449287550065,0.7473970491625008,-0.41144675980499457,1.0179631142889074,3.0273207454748254,-4.4820680123667955,1.3789771406392495,-3.472872362786689,-1.1094416087895684,0.9614143209421908,-4.06603299219643,-1.4111883807792214,1.9215673521806997,0.46395708805900965,2.1023773439014524,-3.30138026479188,3.2439153333468753,1.4115942763592604,-2.776935241731871,1.2555553782772373,-2.9061294096730883,1.5056066835694013,-3.335329744828221,0.8668573844153189,1.3188149550722603,1.6060293065998625,-0.9050452310772928,5.511321866419727,0.8088262249790598,0.8467365069192546,0.0658055845278663,-3.2073376548531005,0.6453796467862796,1.6243910917740694,-0.03269617248436449,3.119169038443003,0.9790943639447609,-2.2191040104236377,-0.44092617969626724,-6.78849951431423,1.0101907431621333,0.3490701127152626,-0.03301450130360353,-0.3703184622567258,0.7781589848676119,4.510252980068676,0.6765145221350167,4.811271083484765,-0.010417315055295917,0.6832772073624929,-0.3095296218567098,4.404326687439404,-0.7841258914648275,8.042433164074808,101.54
20089,-0.9431708284967244,0.8488482300109905,-2.949765670403937,1.0662915128121555,-1.1286703900815667,0.6503047865724592,-3.089604409123117,2.9824239478666477,-2.853092673819717,-2.6915682596715502,1.5129163770913499,-2.90372096901575,0.09616136744469553,-0.16772944146264707,-1.7590425070900801,-0.3585351579859656,-1.6030406038179896,-0.9656081124190327,-3.635667250956509,0.23174192596240645,-0.1323825033457084,0.14713936053096766,-1.7019935781945505,0.11430257137665115,1.916833841043801,1.8609998999083779,0.5965483708169413,1.6124400615414247,-0.2709047468014561,1.093290671702167,2.2170846586733792,0.29990948532201267,0.39825225792314095,1.3268521881057325,-0.3087030757762971,1.6328141395632456,-1.4682584983834914,-1.690852233873377,2.0899769139921878,-0.19553920970454391,2.5200778385192857,-1.121302650279007,0.5293074557115836,0.8727558538013767,-0.9765516327938667,-3.021256981774609,1.5791782894848942,1.0711693596722713,1.2491511478945203,1.8061306807211863,-0.2762289111478374,-0.2525660751204186,-2.954986622885535,1.4846181787405677,0.26458368114311004,0.5924812994403137,2.088913053304114,2.136304306383349,-0.7410229337766129,3.604258123366322,54.339
20090,-1.1693080647530634,0.4598457143077178,-1.9391104919317395,0.6181037342206177,-2.5701425767102304,3.0940265802353393,-5.3306627225226775,3.068407614837543,-2.3766562546084278,-3.6405562005432137,-0.5208829259574356,-3.305432924223987,-1.5135240232075255,1.6547557837783322,-3.2925831226310702,-0.8662062615965873,4.2964556442804644,-0.03445315545219349,-6.90737713809492,-0.26983370189706446,0.6207262864852555,1.9576698830752495,-4.75135738230332,0.525372021902242,1.4577945386558346,2.796703285672067,2.2391972138841605,-0.3340916975643324,0.11482859037590586,-1.3153413896874522,1.0815610015431008,-1.5843416398060248,0.8960145388698337,-2.9444026528422165,-0.9919059312969855,2.7773892420615955,-2.3764632323130876,-0.38732797669769387,-0.1452913887694513,2.5659952390497938,2.348377691864332,-3.892300772133617,-0.8632007315464251,2.132811667004219,-1.657396229715829,0.823350938859927,2.5071559030302244,-0.6961143174431927,2.584528814235665,5.26266859304596,0.3518052294187902,-2.3242515890638518,-4.892451423036088,-1.4060716550841723,1.5188665640686292,0.08151945753140948,4.43531602667301,-1.5078866375377555,-2.939526597509301,1.0326353109492419,20.039
20091,-3.2051943790571524,1.8057734492624964,-0.7151859914175123,3.4620785485760552,-4.843214555150271,2.4533746283669937,-4.524049818369863,4.718515403078024,-3.797297462976186,-8.120068998581019,-0.04033636552606183,-2.3970622876611,2.3721325549666497,3.2979010483444693,-0.9775422482104259,0.22196442232980673,2.103564561819111,-4.827447449129086,-10.141819288923612,-2.3284862429568305,-1.8586853551708322,3.469067435242872,-3.7243138835531564,0.555686275445142,3.21636105628735,2.3294538318436206,2.521206830731738,-0.2748603033450936,0.5368723575584249,0.8601745204829001,4.832884281716924,3.5686814072121793,-1.336448705281669,3.4832012037700175,-4.727753264076989,4.837758663608402,-1.7790984704412538,0.11033287544696574,-0.5454760821005111,-2.635771406601841,8.311798016994112,-3.2280390758798023,-1.623461856349928,-0.5019927589454283,-0.15759435943177702,-2.8887418384179515,1.5655789097613728,-3.267674334327762,2.8237963265792665,2.801254564166372,-2.0181774293312333,-3.404380663201122,-5.680344521360561,4.706779471390874,0.1696630341519354,-2.039210141453479,3.526625312026527,2.478980525279647,-2.8269239991574646,4.14047640751999,58.681
20092,1.4547318267643408,2.3079097272636884,-0.08233487428115886,1.7109967483220783,-3.195284570053932,2.620561402386248,-2.762272445297582,0.2538075498507496,-2.978053657796144,-4.12929898998993,-1.9265666906143626,-2.5633304270799333,1.9534833900722735,2.1424721502139787,-4.2862590185298615,-1.7753875230842815,-1.6699461244336935,1.2806512759157225,-5.246021686310183,0.6684077508428794,2.4403190720934496,1.488295287526135,-2.1655505062951814,4.174340507323361,4.472323217174923,-0.47697659699984873,0.9655554246079483,1.5480402963709798,2.802145975747661,-2.89084858851937,-0.34220673358454484,-2.8753119583865994,0.2856553904111462,-2.071938347941788,-1.2947119117376522,0.2838475455700137,-4.181174212817729,0.026807588300437085,1.2882887318551952,-1.8604644677635591,0.7925655720085636,-5.2359861846890565,4.414794781868416,1.762628534924538,-0.18777718900103935,0.10957133538632252,1.8721048368980124,3.8231260421754394,2.2741649019878,1.68568138908753,-1.7461666727174434,-6.387822837692537,-4.638245680728284,-2.9439409219935064,0.2708487801074414,2.6488797667088213,2.5224905729974383,-0.9680210203533048,-0.6591534788709339,-0.9683294851932732,103.028
20093,-2.2194673875251985,-0.3454404857171659,-3.2345984113862127,0.8151169740081734,-0.975428427785845,1.049701000203993,-3.9078088439562606,3.6219277585287144,-2.289996818006307,-1.8182009889429918,1.6881921894216596,-0.2658118758589747,-1.285763578810066,0.35395326318034664,-0.463417968144559,-0.03837265249414405,0.7315088386620276,-1.4259923305812081,-3.1541563946082705,-0.2595349084883425,-1.282296782532726,0.877624746290096,-2.2989351479576374,-1.7677721394752364,0.500628880580896,2.388332167225407,0.792498362162218,0.7343519360990718,-1.0768814003164036,2.6529762599833857,1.4147536425635805,0.1271018751042345,0.7146185602662757,0.5793967726119634,-0.25590711732277643,1.8397079092151023,-0.37866765745307507,-1.3053397152851611,1.319251015494791,0.5943729899300693,2.6534101170582836,-0.10916345764047375,-2.3544570187842884,1.8273857958184798,-2.351891511545168,-1.1578673777025612,2.3131997548286267,-1.293060513273336,1.3627461341712022,2.1419667298406675,0.42594497757917876,1.8537694087621068,-2.5734334763185047,1.9721976797689804,0.6639395877017191,-0.76619106892482,3.1296808486183294,1.0238663362128362,-0.7314686837668556,3.424903276236334,26.139
20094,-1.4490088774539376,-2.665701054495263,3.8084135039170666,-1.7758943458175172,1.6324515857013242,-2.259292282565409,5.86194685432849,-2.6955700270997642,0.4828222133689838,2.211740870884231,-0.3746314312597221,2.4184382148816854,0.38152403153731096,-1.4791232585742748,1.6031194163624334,0.27303338324805004,-4.292057169409116,3.4193852370500766,4.578296951170959,0.6748219589068087,-4.11682578273806,-2.304188387089814,0.9394776883842073,-2.2622078746240404,3.6388011520919035,-1.6096612017475893,1.1314147117855788,1.8212457357573344,1.7992158399326477,-0.4898232192513017,1.6971430996396684,1.9273841392379432,-0.3169537960611697,1.3041140293018663,1.0717087121202116,-2.198236449461625,1.18130108894065,1.1722094484120387,4.060075248404679,-3.341166797570948,-0.7604216302861482,1.2535484274833142,3.7300944244853396,-2.0430891213303686,2.287052821513798,-0.06481783565724042,-5.058035308316939,4.9202214730046565,-4.243613046808861,-2.8865368222389924,-2.3953254423623664,-1.3182666375516032,3.102091399918844,-1.9931364985255384,-3.1616151844731326,0.24195208637693993,-6.269132228851074,0.07996428007682921,1.2086693024762427,-7.405386964057205,88.543
20095,0.8965345937109059,1.9761061616321698,-0.8621636977652882,1.592259766757737,-0.9799450581574631,0.3114724865833022,-0.19049947557381072,-0.11023519390336749,-1.790439481791716,-1.1068549374443566,-0.02595080986322132,1.0963637678373355,2.6745783603474633,0.2043425393356605,-0.7536342663102084,-0.3180755065695591,-6.203341449375782,-0.7046656025945923,0.7505794256150264,-0.009986288477259131,1.3547565848829133,0.10537634311786867,2.108358143794893,1.4483746419343484,2.302001945851059,-2.548327274557167,-0.7807568484356037,1.4988806512538855,1.9084418306334583,1.971201514394113,-0.4429101459187191,-0.9354007001730419,-0.18459779813386973,2.2177253585389263,-0.46795815501426075,-1.55540716104506,-1.6158238866705412,-0.24137788458805232,1.508925612893336,-3.645858203526397,-0.1530468992651448,-0.3001426058058603,2.185017466771942,0.7356839345640689,-0.4191070695563468,-1.7914725119508024,1.8261577411181293,2.7272376833317544,1.1088866910555897,-2.834037952850535,-1.5219979798110328,-0.8858926669069679,-1.2479688006381071,0.3169551148131859,-0.9634346278131944,1.5096191673770136,0.6538858755989565,2.0123854822152083,2.4750254759278154,1.7311265743479418,117.23
20096,1.0192512292677982,1.4042643796034453,3.2235368241127027,1.4846583817198584,-2.1635090686212655,0.39503718496658524,2.5064500708001933,-2.5552144791419904,0.8118022312458356,-1.8490188887537946,-1.8463231399555977,2.4121629714090256,4.1268496004783,2.488952065607578,1.699078157381567,0.19272083059498696,-2.0981899230976855,-2.0118629616668735,-0.2601512402551051,-1.6671830512386103,0.8888241519680032,1.5908991634447822,2.145178275221143,2.5987855040426995,1.4760129885393805,-3.649761797957401,0.009236527380273377,-1.0851864925526957,2.7076784471969386,-0.6572577330592717,-0.4116317270541766,1.127841458002839,-1.3984738997273454,1.9884867021371493,-2.8176518018642462,-0.38203220679275457,-0.31682077337966985,2.271754936187497,-1.8061860368261908,-4.932641414628068,0.5274498019515714,-0.8031657518757248,1.0868187607411681,-1.3152271819663228,2.4107712944714814,0.987102867369214,-0.26850290487695333,-1.2464486581337206,0.186915012427491,-4.0211219323643785,-2.240365692355947,-4.154271635865054,0.555807359512192,1.3974914425316807,-0.48308830364153943,-0.1870331412594689,-1.1846060383003336,-0.08956251309059156,1.7486472575252812,-1.9856081559053231,145.86
20097,-2.2187717432386282,-3.7127386377052276,-1.078884234073616,-2.5776858973154835,2.4034491654463803,-1.5123050304037329,1.072870222043227,0.505283476352648,-0.6803993415515271,4.043978264117071,1.3552132863021729,2.729220579554313,-2.8813858770888103,-2.8995685317003224,0.39385542838162413,-0.3108115240187707,-2.7171273730543213,3.814129646960671,4.3692348874205615,1.7629046402523423,-3.432699661799491,-2.3142307307545784,-0.9563972508521439,-4.94612387091229,2.1590991148313328,0.8061752787604239,0.9838252008133938,2.063153237909623,0.13884402867467222,2.8015014734430315,0.5057509300756808,-0.4374442768996415,1.8873066690602371,-1.3091627897163896,3.252017636367622,-2.2651869203503376,1.4217978820446548,-1.1757542574212463,4.676469322146617,0.09539196131314043,-1.6501249258876316,1.8998058459319878,0.6737684452301679,1.2013372925187824,-1.7970639048403632,-0.009181565741680761,-2.51291198501729,4.465897577861041,-2.6099082319055804,-0.22361311906801695,0.5633279355482157,2.707848211232365,1.8505721606724492,-2.8251925484500133,-2.296028612773976,0.659524984217484,-2.788684777245822,0.21503080238198863,1.981545537535226,-3.777068005973126,26.382
20098,-1.5943468360832433,-0.8877448522768993,-1.3437414114987838,-0.31101277221422224,-0.8513488995882454,0.46329924713772713,-1.4021400284686274,1.0948337052336305,-2.69146796584318,-0.48819127729374134,0.11408281279633578,1.2052982938939354,-0.2922690344751138,-0.005475158078428495,-1.6277879675206934,-0.5720107441311939,-3.0433571110312063,2.0958985792345524,-0.4394263505604085,0.7857302120543129,-1.3528077500246187,0.06958871024746369,-1.4443315359867377,-1.243447896973832,3.8517091423652206,-0.22927769777707135,1.021407499344574,2.0241590550171553,1.7493117943468681,1.4876698278102585,0.855635077160106,-1.469231345066286,1.2013261135164424,-0.8564022427976687,0.8731252031429345,-0.7572468887822028,-1.2269127488129221,-0.7725964178158178,3.38066097197485,-1.9990846364979402,0.49460538681787863,-1.4025552279456082,1.5482337192132483,1.850602229363076,-1.6357969282955909,-0.655926809428675,0.5403448719456523,3.6338086431042167,-0.2104876036854875,0.08192856364718205,-1.244499788256538,-1.192806214810037,-2.1191944867444845,-2.281716270835317,-1.0417841797426945,1.5196718326577614,0.39169910503566346,0.24793055980717807,1.1104426395365978,-1.176997723001611,60.547
20099,-2.1535593218238063,-0.9335170278043039,-1.356763715312668,-1.0074294847885492,1.2462014486255801,-1.6411256144034343,-0.6277635446280743,2.7590478511882828,-1.747128093239133,-1.5875642429783463,1.812978900988885,-6.5915981888919974,-2.2522246862717354,-3.605990681666847,-2.5391082472550375,0.5126355963327621,0.5946207722045274,2.2097222052515257,-2.2717970675638397,1.1642341461562797,-3.263174969042339,-3.3799832410270767,-3.3271141081451683,-2.0158091730688557,1.769701061602684,5.173310209151649,1.207262535461352,2.930139223084254,-2.5672758002911227,-2.074886417267013,5.51716612500021,3.258374170156385,-0.09042551421606604,1.6079738145355882,1.0562384190487182,2.4423160354232567,-0.5886521001936431,-1.8461603124971695,4.6670359757698225,3.558293871790762,3.082008350372118,0.7761315485747968,2.402804588695326,-2.43470370802978,-0.2952148786966897,-5.103137413792286,-3.744368079371138,3.138965203506322,-1.9187710546402785,4.708107548242772,-0.0031316072355293437,1.5205534042947662,-0.5598712401896003,1.929752332200163,-1.576322722798917,0.2049670205144422,-2.5750234931255584,1.9368762845569618,-3.8461987949183376,1.6426335983870985,19.055
20100,0.09619907045905379,2.0487860541608653,-2.0101279643560144,1.6953669202829762,-2.1508599642869277,1.8972645566591677,-3.735810658227644,2.4886707772719854,-0.3248237272375175,-3.2574942833222833,0.2681734541820703,-2.274918442221416,-0.05907288176324356,1.919857768504806,-0.20592728755573073,-0.22540880248559664,4.587876670246436,-4.497487415177767,-5.311431824608605,-1.5923030841763306,2.445985549162954,2.521503164272927,-1.4479857224962651,1.390248079756156,-2.948026411381232,2.175138124600442,-0.29507007792473655,-2.0887435514273736,-1.6906042746578922,0.05360310591156918,-0.14824872756226073,0.15305504867577063,-0.6216443983113301,-0.0679218357786017,-2.1135579131764093,2.705260351658241,-0.14500809290065142,-0.011777321356081782,-4.247805845329762,2.057214433718605,2.278533132006461,-1.0550122912766486,-4.058604999274965,0.6554176615160258,-1.092658644283071,0.10430263888815725,3.752851553648396,-5.427216604434122,3.1801984320666103,2.572436941197615,1.336768150815856,0.6784914277266266,-2.6942034087057385,2.6238220680143955,2.4308819882565427,-1.2499118005655947,4.624542774992204,-0.07457146388000656,-2.190711392554842,5.582401166663873,49.978
20101,0.6856773136719881,2.5621996640879496,-1.3202252124827967,2.076770989987078,-2.0029228011528395,1.335462994660289,-1.9861354742385966,0.3397488619327389,-0.9018047509513467,-1.4916949270717204,-0.44407406972116964,2.381008489865693,2.5487543559227808,2.6419010614913705,0.6271941889626842,-0.16036052858242195,-1.1586252826842103,-3.3850831656549767,-1.4708339638882881,-1.370067632022147,3.0071259021689976,2.875576511031074,1.627813248766758,1.8722051543811562,-0.24644204577969814,-2.5305046696812155,-0.8923307376692428,-0.9227121203249353,1.5344455989573456,2.8270781759901804,-2.163975647682785,-1.5351852279271263,-0.20331907709993102,0.7449793734780114,-1.9677098937918036,-0.4829738141479013,-0.7667612847745181,0.3366563362997619,-3.1697268343586766,-2.59459532849004,-0.025101326909431676,-0.7681310922194632,-2.4576711268609093,1.9075900006232431,-0.7638102072436473,0.8958732426684264,4.520853508897433,-2.8306261449047425,2.8632195547742523,-2.2189535917401253,-0.3231929595838997,-0.5680267274521699,-1.9724245227414874,1.5597479914634287,1.341385697984685,-0.06087982767393915,4.45675216507596,0.3582067217862049,2.361305799324823,3.4489785752414277,109.535
20102,1.3371598151454118,3.61787275232021,-2.017737675267475,2.4652115241795167,-1.0303378140356076,0.5965668966958679,-2.8774297724854434,2.2101838383033408,-0.2671996968237592,-3.3001944959754934,1.0781139955322554,-4.075413885710665,1.4482794799703584,0.9016508865360119,-0.3960731802638907,0.748564567231046,2.546812189978533,-5.503635331914768,-3.660340148224471,-1.6634694903983922,3.4273165126936576,1.234213274877026,1.1170826387188768,2.980218638901204,-3.856139649396874,1.5431634295128651,-1.6456188215556449,-1.6319535607076605,-2.878725114570177,-0.09846541964212467,0.30335438300402656,1.7808413486912331,-1.8951558359452447,3.3609021869297604,-2.731778465941998,3.237646710493861,-0.28274769967978464,-1.2444262724128632,-4.4338005634177495,2.0042934099166807,2.92349277014926,0.494052319710104,-3.200757463310773,-1.4168326115773366,-0.10187371092875254,-2.978312274790782,3.4070447938342396,-5.994828402197104,2.568288619627065,1.1466255048445169,1.1142091994100594,1.565288810457406,-1.6414525550356973,5.705586445865596,2.7861445842297496,-1.0273047040630185,3.985572518916501,2.314533222400643,-2.272953493356418,8.91332621837903,93.472
20103,0.7220586941171846,0.39800897566661303,-0.771304842203886,-0.4451645686032777,3.123825256640999,-3.8443694530704486,2.84192863322926,-1.0506310959282594,-0.14183542932599136,2.885775544414222,2.145486813046955,-2.6324585684070576,0.5199181554111747,-4.955570924124329,-0.9109881184722408,0.726061964987296,-6.86069048497324,2.3771356734744513,5.351371835037591,1.7860057260583977,-0.792275610068678,-5.080903803636066,3.4646365438941573,-0.02454765730409838,0.6186712487786155,-0.2373965189341464,-2.2063808079405876,3.1740656856555405,-1.4597210936651428,0.34817708038988004,1.7567398345275116,1.4921399731366531,-0.44975424714634626,4.3459219763367205,2.3506221888094694,-1.549610243794553,0.17467390481260422,-2.62054530771244,4.2192514928028215,0.03063096244619826,-1.4449079783386765,3.470846570382013,4.542259862892021,-3.0407784725740474,0.23985665679716872,-5.697491579675589,-2.726687356564319,4.869981118861063,-2.6601934461153562,-2.2065723749397526,-0.5673383435411328,3.2893792842484686,2.6271132640381505,1.5452817453196455,-2.3561627373404113,1.9583761495266667,-4.547820792943964,4.125612851793236,0.7423061434705421,1.9643263381737497,108.213
20104,-0.8308578168564308,-0.9854759472061017,2.231911589604978,-0.4127088700232354,0.3002113984688288,-0.9546824792212175,3.0808414121857997,-1.6688192286820658,0.18230455154485414,0.011287142682236032,-0.5165685282252845,1.566114365976811,0.947800959818734,-0.25140015366765933,1.5007306394303512,0.22779231757332338,-2.781820233979114,0.8776745086723177,1.675139433677342,-0.3513901126630875,-2.4655876735034803,-0.6828467375458435,0.6077946426750931,-0.593549896238122,2.6575933070805946,-1.1165250004917553,1.0727034509755542,0.5953685730399834,2.1949341202354455,-0.03166578339931658,1.4478116145435804,2.054329202205485,-0.9672335259249204,1.9061695044577514,-0.28640173396817653,-0.26874579825387557,0.6946890992018836,1.2037594403133032,1.5692717605132973,-2.81319808088682,0.6140395496035611,1.1280080839356574,2.0165369382247462,-1.9498458060741188,1.7245131232134523,-0.2776504503511695,-3.0001612618808666,1.6026558833827722,-1.8871586561402414,-2.1937308407071576,-1.6068715109136742,-1.6730113600473686,1.7129161651854832,0.06693317639136506,-1.8001539348600324,-0.7144811813299001,-3.640680261520022,0.6253436049879564,0.826309675823456,-4.123448281941243,92.444
20105,2.9218760041576752,1.1093003830265455,2.1750327303380956,-0.21578465508818473,1.4408547205750906,-1.1978580710416507,2.9586399692490586,-2.7939542769334587,3.616214675937384,2.0829405497656177,-0.2079248912636218,-0.7695479911140556,1.1020049099872413,-0.6284296570572163,1.6395860922259686,0.6706241481880781,1.456822499287841,-0.8301759411043473,3.372321747179271,-0.6064914440689023,2.637919500290837,-0.6465545734626196,3.1877488833386898,2.0344451202516183,-4.157392699845733,-1.2512234173321641,-1.778852440457433,-2.0173916152523783,-1.2164065890323994,-2.595343812691634,-2.3620900149959967,0.8788298506480495,-1.2433337012076895,0.2900745529066027,0.013591529608156822,-0.5823804926901193,1.2213256298850579,1.009932724449415,-3.170232767875047,1.4217924281974128,-2.3966004745414176,1.2377466192927025,-0.07163251717617154,-2.2986902494498747,2.2915284873954143,0.5936839455413014,-0.7858876273244784,-2.5959079405268,-0.520088477471482,-1.5096587125353216,1.1097089411779613,0.6139573357828082,3.3598576119914414,1.0313366402948956,1.5408505233395693,-0.3174045209839442,-1.7163676322156554,-0.5903277540792575,-0.5807316918767549,0.35260353343326645,115.348
20106,-0.49032610909464647,0.8814998281197491,-0.48401866410173505,1.1124932731687607,-0.7488107384390794,0.16011502332638824,-1.1105507745000387,1.3829115620750685,-0.1292751325513463,-2.0331339265000494,0.394896000138536,-2.5096513750133136,0.4686491336877074,0.7323665529528879,0.6156865459132295,0.5107759697178885,2.647204070785261,-2.8929248436664947,-3.0749881590425767,-1.4541006523105813,-0.04022057505634021,0.4833948392959977,-0.4883000697387415,0.6898941504157936,-1.622334605430434,1.5063351318673668,0.09807387173388436,-1.2226961879020637,-1.5145200430910186,-0.5771719061383479,1.8666847781598668,2.8033197920425814,-1.2246593769896184,1.86280470977403,-2.1769014515438956,2.738340191975366,0.551779933464029,0.18562042163274117,-1.93188680482608,0.9599407892354623,3.067704258066206,0.2215952732524249,-1.5992247516404627,-1.788056423726236,0.4639611632412403,-1.5108847547242137,0.09668546388168754,-3.275899975719159,0.5343393342385834,1.3150407852796993,0.28689904523687326,0.3047275611153466,-0.23998081263391363,3.7656749851451248,0.6867369535397347,-1.726448408779561,0.6135745192456581,0.6935720879228721,-2.365832028117274,3.2060304965927924,59.08
20107,-1.052887401371368,-0.9204500630560004,1.0071844138181087,-0.25094582716526725,0.10618305243529885,-1.0600460014797495,1.653823088837793,-0.019658729684821838,-0.3261493686387461,-1.1444438361858935,-0.17555723299703963,-1.0727659194183377,0.1644951829361659,-0.8494474427936257,-0.22163790098266622,0.6122276354261422,-0.43552258236786057,0.9032191624717516,-0.5329447610229945,0.15638527168801125,-2.2856550857630187,-1.0849340159927716,-0.6791318807060724,-0.5109247002015473,1.8062923486441274,1.005637840310382,1.0922011245375514,0.8695018839624461,0.05350967473101628,-1.0088051966023261,2.5559523829432056,2.36527569107468,-0.4182506505831405,1.677373290318374,-0.5503938615879372,0.8567107695926979,0.44256843020839964,0.42494945446845767,1.5846493921145655,-0.5551810506847439,1.750855852002265,0.4625349685832547,1.3814789535935184,-1.8033856012258263,1.1050326502675607,-1.3769512686169303,-2.5900004571003588,1.1267378090006257,-1.0560735028008947,0.17073625797665185,-1.2885735459197905,-1.3088994089195884,0.402718073495844,0.9667511347310411,-1.1108169340976972,-0.1506643599640507,-2.6446263434776163,0.8277439707619915,-1.2930944472581873,-1.7127921914885404,73.789
20108,0.7262984208722406,-0.05510732146549885,2.0684435764836855,0.2776493160175423,-3.1942456329791895,2.5060664543957256,-0.7751333351878886,-1.6920212580226899,-2.4088605334513082,-2.110813429739018,-3.076982686592359,2.500266497077318,1.4255322812990214,3.300554618897424,-1.9922249061933521,-1.8210334607812415,-2.269796862675694,2.411080094739904,-2.175348991646892,0.7250139965909155,0.714890652219137,2.359763291830497,-1.2684709071917355,2.3708348001300243,5.292796622640942,-3.171318764383296,2.0981931098708255,0.8249364940756164,4.963105840563589,-1.3909930103027701,-2.025399705799458,-4.0684434149424025,0.8727535097718089,-3.9912637458738978,-0.7801634178476056,-1.4922306897879047,-2.7622491616405243,1.8644909563843888,1.400621353938688,-3.9461163938990746,-1.0270891583943353,-5.146364155919027,3.627148962492984,2.8579982205810235,0.3405622341179496,3.2728661190856227,1.0188842477218665,4.143263546068359,1.0007965120226767,-1.0129807816945178,-2.0500666572162607,-6.7572157568542055,-2.9462637085413057,-5.58582498163466,-0.8233300603306851,2.4121561418870705,1.093480611078737,-2.6655895611382,2.1401336728927167,-5.971418659095364,101.464
20109,-2.080548032521066,-1.000367663212582,-1.0137569222695457,0.6333528155830134,-1.423397412099496,0.8492742347980468,-0.7734745966971952,0.7327532761512077,-1.9299283921919472,-0.4517390853765345,0.030602385452884545,5.606231146371801,0.6067858635504443,2.0919293465066318,1.337987584863715,-0.7621419071557508,-3.7442230287603357,-0.52473758536609,0.06581469700961229,-0.4304075910924897,-1.6527861691688952,2.0639962876443168,-0.23365332134232886,-2.119655527156136,3.2090028080575723,-2.3575317763554327,0.8279334396006222,0.4571148526725967,2.6247681953225,4.789701149181498,-0.5945605743073135,-1.0783197670206834,0.815792573608428,-0.08130653049276025,0.2350969604567085,-1.6676293813882914,-0.3670723338996478,0.40771951696708586,1.2204470297217305,-4.729849482641156,0.32497186588539584,-0.6292906109530472,-1.204855383074913,2.909379156894388,-1.8220205417087352,1.8359193700063043,1.7055868699763992,0.8766397824116438,0.9969083899383302,-3.092149466610486,-1.1881111835911702,-1.0000330587815884,-1.3655340605503508,-1.125200569561692,-1.0203654582915933,0.1405412686839721,1.9936750481813323,0.4281860530755073,3.792203519226505,-1.5235455239128246,73.257
20110,-1.9983412729788301,0.6438975452516318,2.1161027977618807,2.1995444180582577,0.7036230605159841,-3.6496146887764103,5.090579115074114,0.08068124541045088,1.0796420604228198,-1.8232743374756288,1.7809131724241325,0.9371209155669977,4.144094670102587,-0.43156520745999094,5.4032291200627665,2.4175201591985322,-3.147631331806592,-6.238391695798371,1.1032189018385667,-2.6570272829443127,-3.1848169074393913,-1.2249258641480367,3.596475325265112,-0.9275011419361084,-0.7755855441029796,-0.5235722275368446,-0.78376937167062,-0.7415430956192564,-1.655151120002363,2.0490513417696965,4.556990709733256,8.345269029485907,-2.9845981667698567,10.542869136827843,-3.7653342460669226,1.8667328112333075,3.1866719160979633,0.678915461573293,-1.6730567003915295,-4.97752969706178,5.287246401990577,5.216844246794721,-1.2238468728720389,-6.423606595291556,3.2357711005356564,-4.737361383946645,-3.2981001715782714,-4.2614496673827595,-2.0479796794622396,-4.583129455759868,-2.214757616531049,2.166235742660318,3.3396667362106616,9.533865920746806,-1.7183096136001197,-3.5525291338811478,-4.725226606596666,5.444369550232559,-0.4521358342525826,3.4044302259207506,129.476
20111,-0.7790244230296977,-0.4274143851540862,-0.09327850700084003,-0.09736367790057966,0.13925002475181283,-0.6246712275050722,0.4014130389490892,0.32260648359223665,-0.911987503425717,0.4773488217422727,0.041809597700697754,1.021073718379357,0.19761262368581564,-0.6839327629211195,0.04522246246846284,0.03968008365498939,-2.277780160329802,0.6024547088509553,0.9272773886637133,0.4078970205406422,-0.9670780986753311,-0.3438633443879997,-0.09190439529769817,-0.8766107762951482,1.3570683037167484,-0.3481309800249336,0.10271190839230032,0.9678128583591885,0.7152809509320909,1.5470057103974266,0.22347159488758556,-0.3392563633683437,0.0630564437068521,0.8106320169739542,0.5349698556215695,-0.8108552403325424,-0.11807966453290517,-0.32070984885222176,1.483793316416489,-1.2677122084968024,-0.33290697130048164,0.14199399916543964,0.5037573332667874,0.14065490365867037,-0.6382282941445807,-0.3287418367008602,-0.6685284453638898,1.6130533457028267,-0.22119062899610156,-0.9887741608510313,-0.46421765740311366,0.4401894513497869,0.3820798893298395,-0.3357386307830186,-0.7547360222558505,0.6802088651353317,-0.6992560963755445,0.7068379331597945,1.1127280746982575,-0.5105167730549107,73.303
20112,-0.802082156558086,-0.879167532131449,-0.08460951095592796,-1.1677180641324847,0.5092334112303645,-1.049751976575097,0.9281266478081955,-0.4424725888956177,-1.7752528449744902,1.0751826424271336,0.3020582235287103,-0.8855273906635476,-0.9551178151302965,-1.9085222464863145,-2.251088363438486,-0.3858785278016729,-3.5267570041202427,4.346175117825478,1.4640130515774232,1.839422153614452,-1.634273138016505,-2.3216981022566,-0.7720346089231843,-0.8396779237470824,3.847032896523162,0.33633985909710123,0.827177449110762,3.1245453184479755,1.144215414380193,-0.7205763605031081,0.971108981365739,-1.3278700858570205,1.1368430586260403,-0.9791112981923651,2.3438566455203667,-1.3950642001712354,-1.2127264078777693,-1.317527249916478,4.859681266818792,-0.010481660439804336,-1.055227526844931,-0.3718710599218253,4.365099637335017,0.6015007950541276,-0.2776417713420223,-1.3282794078346416,-2.4351584646365847,5.894762025076968,-1.886817136852875,0.6226582680836492,-1.073143225680536,-1.1606827334979335,-0.20144498973974273,-3.416498522888974,-1.8834625282671489,1.7757338283280908,-2.5334939251168316,0.2679044957702343,0.2374488336434173,-2.996457556748787,65.044
20113,-0.9207288880573403,-0.4769619778127224,0.5566899555684562,0.3526770666228328,-2.088870831279891,2.453226643114245,-1.6467972005139817,1.262258335483781,0.32670202285657646,-1.7839350250333792,-1.0579013840138691,2.0566987386794815,-0.2073303518196721,3.0777081331880325,0.9253768629871435,-0.6475638763122507,3.9963136786633173,-1.9152124475963517,-3.3033162746421736,-1.0477624904124698,0.11376813641304911,3.2609926328742347,-1.8036601579081035,-0.7286828824884262,-0.646331481025644,-0.1334765006167491,1.0193251554655431,-2.2478180805252803,0.6071044016669171,0.38410482894505865,-0.6620491385643203,-0.4494480098438626,0.12422842685259433,-2.4560710352743156,-1.5727220945468738,0.8142190685569809,0.43301114390498785,1.6416573555739,-2.558514305229122,-0.41146760079519057,1.4568997918285858,-1.612499067834055,-3.623725499194882,1.7363147923155091,-0.5096124031421014,3.5662564994587074,1.7350827576819376,-3.3831399188270987,1.2122664412648787,1.1981209389975476,0.5150980665000492,-1.5139806630196082,-1.489279091936656,-0.603025240689807,1.2781603976906206,-1.827059474044609,2.6984559122151306,-2.147611812081955,-0.3508359686161239,-1.096809835255448,43.112
20114,0.6350129888910736,1.1860644866186496,-0.6800066527483148,1.0272515762960508,-2.2575970842802544,2.9345568691603114,-3.4522113251836846,1.1813568541582244,-0.4003610820056238,-2.5441636683421116,-1.2122219931420912,-0.7971399806027698,-0.31115922783832783,2.7642039747182245,-1.4649590944349384,-0.742176967726256,3.86289176613323,-1.1555629038540807,-4.472679967805564,-1.0041534518024142,2.408842297180079,2.644704564545353,-1.6934407203341608,1.688449825931051,-0.6909939172332499,0.5702125312103864,0.32136376029907787,-1.7688791596432876,-0.10692454576504168,-0.7705252224659291,-1.4574330350141036,-2.0498780753193078,0.1693026817463013,-2.5840239779852263,-1.1692350821623343,1.2082304771021426,-1.092955633421179,0.3804041632080145,-2.2760692523195614,1.3260280492690284,0.6951736696236598,-2.4589330018503537,-2.255234427758984,1.7357699150695611,-0.9112428558132026,2.017399926856742,3.4717571423435167,-2.7684679723097565,2.3667434584405584,2.351126933124612,0.7917099219077571,-1.5075955143970696,-2.8953599189231793,-0.8113078560206659,2.3178616650127366,-0.21277150392928937,4.2059463605821765,-1.4277312403202242,-1.2374518978268987,1.468457918770449,51.735
20115,0.6302720596615919,1.8292477984414697,3.1790883137674575,1.9555738564183667,-1.110247869892078,-1.1136530043313129,2.7761578626519436,-0.8139396061440549,0.6961832770596892,-3.7004078062298924,-0.5535370736499359,-3.47335777660508,3.7546338027795807,0.45534900108972637,1.3068889356154543,1.212356585474394,0.8823964709936515,-3.207511718206257,-2.4419664125631897,-2.0049902246909084,0.018854622437511976,0.10875346085860374,1.466942676658655,3.027609634310607,-0.42694552192838325,0.02644563795949552,-0.3662084011355489,-1.1720962210338222,-0.3546870815744977,-3.827058197017668,3.105451058362592,4.994369071385208,-3.1647914374727044,4.893491963226788,-3.7609722199647058,2.3614370522151336,0.32434945414108746,1.8048778047892697,-2.3853097474372187,-1.370159729806286,3.8495323024595076,0.5091256373935299,1.1354792480877223,-5.138907438185925,3.756875369880203,-2.2265375001220686,-2.4874865802504074,-2.633306259316695,-0.5482535407880824,-0.6774391171738525,-1.8079849374394648,-2.6775321371035985,1.0961416240202198,5.254548043922069,0.043753274381404174,-1.8809143023190111,-2.575110725168322,1.3164464096290842,-2.9638425621516706,1.170148396287813,126.302
20116,1.728567191174965,2.542208804653245,2.8801123616438287,1.6636494720446575,-1.1887731828224024,-0.9860407137728793,2.229665835324687,-1.512149707723228,-0.23981081780477567,-3.8754556971159353,-0.9389956408729225,-4.816996663825015,3.8668366869995356,-0.2279620230631568,-1.3344927755593492,0.21290189856921973,-2.0458394596155887,-0.46669457793543356,-2.161435252921243,-0.6458501308367549,0.6740963241855947,-0.8328898153081741,1.410890758442052,4.621746673262809,2.324760821680525,-0.16421506957851478,-0.09435494192746657,1.1133884240606293,1.1243249210864519,-4.728045392121879,2.8385741291037356,2.9151961921969924,-2.459560168031674,3.604381540357249,-2.0971633083033576,1.712349587459761,-1.564534001276934,1.0056493143427185,0.33690199682968547,-1.6475455260185863,2.3063834497692133,-1.2012624056190928,5.2068792772617,-4.032861995808271,3.742610155974344,-3.390906646639889,-2.546393329612645,2.179999073243727,-0.7007924024503681,-0.40768293760366336,-2.6166845021524328,-4.766667326170387,-0.38366105634603404,2.261261025551491,-0.5649771788229923,0.4933385390744834,-2.890075843602655,1.2448417336075495,-2.7699472768115476,0.03232779358482703,139.994
20117,0.08722602644550037,0.6775775136363166,-3.4408709151714194,0.23978753846134196,-0.4327259832704202,1.2078179879505841,-3.3241856132533307,1.3453141163229958,-1.3477512676186176,1.1239552853747226,0.40939198817082134,1.1840615602233082,-0.8595374333131331,0.2619812087849799,-1.5413939199331463,-1.1409354141476469,-1.5431199844693346,0.739540137337276,0.3315140102773762,0.9479061458221105,1.4683191794242783,0.661707568689965,-0.20606300610857187,-0.617563597924256,0.2804560540185823,-0.3836915322793623,-0.6191812270538123,0.6596397901763951,0.3041812082536507,3.120109515662987,-1.7895015947935842,-3.1710192407355082,1.5938221655345068,-1.8361139997597686,1.7909049380803048,-0.9135938778856069,-0.8960265079573422,-1.6482102762624373,0.8481825726098354,0.25865837704437594,-1.8370407425487072,-0.848905190423915,-0.8618632892406671,3.535800843319847,-2.765449926318005,0.147248341454139,3.1099378220137694,1.026999539103432,1.6974936317535945,0.029020653776131847,0.6525668867188658,1.279619253318291,-1.9715613822902405,-1.694188816584826,0.5882957776445101,1.6784463789054347,3.457346049408483,0.09943537482767548,2.235448216717565,2.0609923222063404,49.666
20118,0.9617724540659018,0.8597790111806105,3.3981105055397385,1.3708424281319485,-0.2971872726529028,-0.8648233903374655,2.757444214728668,-1.4529307731429337,2.5019471271980604,-1.7377025751769857,-1.4848896336203627,-0.4152793595074682,2.5270025614263334,1.1588205536769365,3.1476002656661186,0.8990630147679034,2.3903293864182715,-3.3210898762876893,-0.4640621207598825,-2.1774317917833153,0.6101393926303625,1.1447805769767099,2.264793412681298,1.8218702709197918,-2.6326138538333956,-1.1525916451020612,-0.5517859781489315,-2.455530686182685,-0.400567079859359,-2.1329943151541944,0.7667517618447796,3.8440959441538682,-2.767154433568603,3.5330486065064943,-3.0912607261854776,0.9447443960294905,1.3412271604165236,2.3227273742839447,-4.58027849000249,-1.0722855995671878,1.8419579301621851,1.2479185466959306,-1.2903737735481555,-3.73029930573601,3.3009007775439936,0.4667325328121924,-1.6313515261051421,-4.693730856711948,-0.6980139499437761,-1.491955826553995,-0.5693176025357967,-0.9208790035384617,1.6889006872589103,4.04342240515614,0.6306278426837574,-2.3120364745492505,-2.089566327269402,0.6756473019113391,-1.6073013061296673,0.4531751347738594,119.16
20119,0.33215535980598243,-0.5499508854990645,2.2672005909705177,0.2221667191511489,-2.1928286083726403,2.5469674158420976,-0.07523435382474625,-1.0591134961557531,0.13018167529803418,-1.716104163085618,-2.8222567022596396,1.6781250437600554,0.548778415736144,3.076763449866838,-0.26690273757746713,-1.1719700138522378,3.1151849020480618,0.2501748086118445,-2.529547489260562,-0.6323952799635434,0.30503293211382765,2.9522794076106353,-1.2881479560976814,1.2222186052906452,1.2253068838407601,-1.1274657508353472,1.5287113423911927,-1.314203536340435,2.391969424668208,-2.1661887264065776,-1.324104528991328,-1.4389653687804476,-5.53173345736388e-05,-4.099597429383705,-1.5599187947174447,0.16061305220409636,-0.9489689003700099,2.6832246202328673,-1.940714145403611,-1.2906520134297652,0.20917931187683578,-3.364291386510606,-0.2421594027180085,1.2232710130247346,1.0180895218256263,4.657869313575113,0.025094562220089323,-0.6873984631146373,0.9926369733878511,0.68410344207257,-0.356126883712028,-4.618087632429205,-1.5425579152495206,-2.9896738295360206,0.6596584251414243,-0.15533857776400717,0.9879232273871174,-3.4346962456129697,-0.40624971519856123,-4.631823971365957,75.113
20120,1.2103114492761613,1.473335079628086,2.321969757983832,0.5720450334615659,0.011563702596682865,-1.1533263602057433,2.0530464496334897,-1.3012089655642414,1.1608043756792679,-1.0096349922371266,-0.37139983408581595,-1.8745150543489066,2.173380839398254,0.07625349537826526,0.5895662948877728,0.8262457504689037,-0.3325481575347904,-1.5627112086817279,0.18484315485318017,-0.9209079374095561,0.7641233197322836,-0.8745385570809046,1.559039092282974,2.1395381488594754,-0.9954670999263269,-0.25393717981951114,-0.6243212286679874,-0.8039335702173149,-0.5949463280981914,-2.1383884116057494,1.227412337228498,2.5052292739896482,-1.9302927293687282,2.9547706441486437,-1.1692867834439644,0.5689760840970508,0.38758290145921326,0.6174390285264826,-1.4273138768427762,-0.5075443051930356,1.0058149783839236,0.7472527035855976,1.548278713479341,-3.315352185554354,2.1189463197362106,-1.52775374751738,-1.0575910649958147,-1.4635531193344669,-0.6189329609944807,-1.0413475980782883,-0.9719796534181715,-0.873517780549395,1.0145034982146346,2.232976422026121,0.045260663368975246,-0.15835218546625018,-2.2443779362816567,1.0062581355867934,-1.1849670262612055,1.0372184539589244,115.57
20121,1.664934787783408,0.5405832372093377,0.16904014675356677,-0.11345491794883586,1.0460413000816307,-1.4566747265908686,1.3428395318034418,-2.198254128462828,-0.25387112493751973,2.0427064488259075,0.012907330349310433,0.5798587020679649,1.16677477410615,-1.2861908081058402,-1.0166684259197358,-0.27207823158869165,-4.753201803236152,2.275416381766122,3.4928611256281386,1.2880053801331588,1.0206503618510347,-1.8075352953109554,2.2241817669362445,0.9956361007584045,1.615568617936523,-1.8713890241855626,-1.2767920286728562,1.971670660321601,1.206712532253981,0.38052654985711376,-1.2601783807079971,-2.102768869637476,0.02145307004718755,0.39400795363933816,1.4571746129938061,-2.6364138708061633,-0.9857769923146471,-0.636786291235936,2.3282628721529894,-1.4435079633693522,-2.7574033135803098,0.2410321645105176,3.4008101791918675,0.4136753708515202,-0.04381727575840115,-1.1788672447571344,-0.06739468883130781,4.02479218801675,-0.4765844446932572,-2.501622390287459,-0.6979743625043816,-0.03360436405706996,0.5668574719113366,-1.8667760265752882,-1.229039207229325,2.2682127005416786,-1.2781025225500044,0.5456683430955812,2.8632158675982353,-1.0909439842906645,111.539
20122,-2.388686058685131,0.03306548373155508,-4.400138045531443,0.7830324979290588,-2.1009390478974668,2.796991905215977,-6.937607648054311,4.508506325100264,-3.1237346201434573,-2.957071666986678,0.6236150509007459,-0.8366411311638027,-2.342111745650694,1.511699048494908,-2.7149835349929194,-0.6005611073061521,2.6105499315603677,-0.9302684823108152,-6.117267786591502,-0.07904630600520593,-0.5980418680404527,2.0403054033063532,-4.298988015442777,-1.5352688606982765,1.4497118516375231,3.1081702513544323,1.31959645175765,0.7122600302435731,-0.7605278586358775,2.9262673988616132,1.1551953230990022,-1.6248590361906805,1.2097680987042143,-1.712487029824696,0.14217223266484094,2.3512405091231696,-1.5251530776107158,-1.5089342034457454,0.40506165671753736,1.812122538821283,2.833851135558933,-2.214281295009451,-2.810495604621966,3.8760584269747618,-3.5466993239192286,-0.10443338160131505,3.93571019644928,-1.3127164527200357,2.738688441276273,4.460850454881006,0.9896973190496426,0.9512942869068528,-5.080473459481831,-0.28266822256515267,1.287689877911742,0.06657924184851755,5.808145066172804,0.11280355179490942,-0.7117824773524599,3.5726290252087805,5.313
20123,-1.6280401024821822,-2.583329815633933,1.319918750641176,-0.9529416323673688,1.7869735154603856,-2.5434236771630725,3.7782237831325234,-1.2105808557676048,0.11071598263194066,2.8802733539445793,0.7516406713005254,4.168071779239,-0.33148121496678495,-1.449996927308955,2.846234085352039,0.4745256606687612,-3.857810182680183,1.6126416860786406,4.596284121606189,0.47280661946170377,-3.350872355158507,-1.7127688814763604,1.6665361672004444,-3.2308886097864242,2.1346681926700977,-1.4932441510459307,0.7094616908371048,1.1790345735201866,0.8091216181676577,2.5386378250270214,1.145670621376875,1.8282260430137147,0.27026503064652757,2.451988666752024,1.0843512810192948,-2.125178874060647,2.082653329030454,-0.026267171778625364,2.6118579984240897,-2.617765335976592,-0.7879499583223244,2.966587152685528,0.5123782839172157,-0.9068751957259948,0.16016152560135333,-0.02580748590753218,-3.154674197421131,2.517793186631737,-2.8163100776347436,-3.6686238252786385,-0.9647854922844663,1.24408278241871,2.945324916252174,-0.027860150371827305,-2.2299106187829243,-0.4875724310821369,-4.155859174382041,1.3310959019581534,2.945889907279533,-3.8454574523413583,79.082
20124,-1.3567292861391054,0.11875906318159926,-2.9354501968116673,0.7746760509671958,0.1459457477833024,0.041025669954992766,-1.6969812280178718,2.244419255013302,-0.7682543096972103,0.26819251108695924,1.9752906458798691,1.34288375320775,-0.782774850199682,0.018419223873260802,1.2486431318867477,0.49520686265290964,-0.040898179840142226,-2.7759396932892506,0.3933056338228567,-0.2686101498479124,0.01358475015587332,0.43746453755529474,0.6594803956624873,-1.7324015348712591,-2.127136418351426,0.3267844852510894,-0.7076767933814135,-0.6321453323840848,-1.6650352643223232,3.72309344712487,-0.6777956948828847,0.4308822446816237,0.26618289398394107,1.6436332829377187,0.28369627728377234,0.2011447288620938,1.184107275642053,-1.120392663594913,-0.6389223360531819,0.22592413706673897,0.6336279374802005,2.1562497081911594,-3.407088598917552,0.709206709760191,-1.76537819654631,-0.8632044339783225,2.35323401263097,-3.4729287904060913,1.0740359332237643,-0.7567681952656219,1.4535733126681885,3.8044822070115596,-0.2850893314958686,2.6566745075411258,0.8058896898314519,-1.0016550815929373,2.3005836547411334,1.767726941915185,1.0351682010148522,3.963468125261329,53.305
20125,0.9682624626629419,0.016403496989822366,1.8849990827515666,-0.07214539706788137,-1.6599910564181581,2.4640805481002777,-0.7519108769759926,-0.745145196138584,1.2203823276054788,-0.9719265275643149,-2.1005522245444825,1.659623967080652,-0.19732084181001636,2.813614947255362,0.5310556856487763,-0.7306631794065149,5.230058886701543,-1.3420592679813852,-2.4009024502066714,-1.1324763261501716,1.4086037114314294,3.0355978322042962,-1.3219041532723361,1.1091985373844382,-1.549432222461277,-0.7555877796435981,0.7976019089505565,-2.8102098312727497,0.7962209606493297,-1.9951807509048893,-2.007184346036857,-1.3531489453598424,-0.21237580850901142,-3.2972456692019763,-1.3037655199823082,0.5578933628542565,0.12023621686598863,2.3094914894729466,-4.011773548300141,0.4750121079797246,-0.24478366466721466,-2.1683251535217503,-2.1972584068201804,1.2074339003941141,0.7365224283881547,4.77419154817154,0.7871941140232748,-3.119523088404545,1.249205576872784,1.1543513262698706,0.4098960137375468,-2.4616911433221467,-0.5611223144834849,-1.898386578949857,1.2048358629147782,-0.9427612261099081,2.0105278842111796,-3.5208693310647314,-0.5947461575575592,-2.021613573284014,69.635
20126,3.1629577956125274,2.8107965491826348,-1.2764428029837054,-0.04579326438193923,-0.5580624592238475,1.8507771515328426,-2.639253324036836,-0.5913539986219554,-0.21292523611934877,-0.37735963633849195,-0.6473749589427698,-3.2942142205366647,-0.03426577330307633,0.39549303457802704,-3.415921800340989,-0.8997089428506336,1.3992006954816605,1.1135721515736081,-1.7442605736788799,0.5618135053092153,4.891300293845172,0.4585613796902131,-0.09026188595630535,3.6604057123261393,-1.7002807265529123,0.20626028062365312,-1.33710300888649,-0.3136373939424386,-0.25271515703458575,-2.8678106346524204,-3.0250696191571924,-4.399277786820687,0.8112949347124063,-3.58604365537941,0.8242465856903524,0.04198004177313897,-2.4497707388799164,-0.9106245021867517,-1.3968408676988928,3.2031382032983147,-2.5656793889986087,-3.0810940604612655,1.5851078426988645,1.7638975381918363,-0.8013279686909132,0.8973615321317318,3.5750029072677907,0.8356127318600524,2.4943356626172433,2.187418186601432,1.1613615956108831,-1.6645293410798856,-2.1415391484008035,-2.713014678520627,2.0890570199396317,2.5207637423853573,3.717839750570303,-1.9341153854872426,-1.0480760090589694,2.4696474601925718,89.421
20127,0.5414048448290771,-0.2802627836813395,2.3351578804274293,-0.1512159266392892,-2.4263066529913453,2.6528861679112214,-1.8793227343148446,0.2618941926950689,0.851858235003174,-3.367657822514678,-2.563664209418813,-3.1416834427037994,-0.9700858820201018,2.2972958833390944,-1.142254052800975,-0.7619445139465114,8.190210368387644,0.009556579704686818,-5.922543344421765,-1.113340254734295,0.5624396268692251,2.783179402955116,-3.993346402186159,1.7025602314264987,-0.6188146389829233,2.643413057171417,2.2891287762235524,-2.1588495788420197,-0.21483915467635895,-5.010662892105167,0.06571687762333267,0.1790263839227239,-0.7050357099614581,-4.562746516576171,-2.2205913961655055,2.752833198633308,-0.7897404467778503,2.571144752092489,-2.764319961720547,3.136213281692597,1.5671173836329944,-4.2394911965881015,-1.2264125857394474,-0.4002594750341247,1.3733352936417331,3.72116890146316,-0.49027699028188365,-3.0832816010432884,0.9502479995534958,4.973587613694725,0.4105627192762816,-3.758270607818732,-1.9358686292956169,-1.701119255458976,1.3748201866572134,-1.7545828053243406,1.5200153519075434,-3.698994946654554,-4.3932072613892865,-2.183922717875341,31.967
20128,-2.7952651374800843,-1.2789936534260689,0.16077005325915567,0.5050619948715568,1.3795684183632002,-3.2046418405934296,2.823451547995505,1.2782428778770396,-0.2004475681759721,0.2781997679098462,2.2698155246297715,0.2089970425866865,0.6106958258870483,-2.2255664092115155,2.58162436507057,1.6007747105395387,-2.894637957808585,-2.318590661995157,2.11461951404257,-0.5427290041857842,-4.039345118722058,-1.8034394110955128,1.1495784735221226,-3.132194987609739,0.8427399390861692,1.1046091858887834,-0.09503387500487569,0.8195475038285258,-1.5253363157186814,2.2715806851280718,4.183533563985667,5.3444603796393615,-1.0276596287522557,6.513802002788728,-0.4189599916457047,0.586077872045438,2.659558564761229,-0.9799586755780431,1.6142819628122904,-2.0600039643912114,3.203468581275535,4.088745587313865,-0.4889118575406175,-3.2422948579872037,0.5943776434334462,-4.128104642745279,-3.155007935894781,-0.46504114751910886,-2.1438896923029027,-2.058297204286093,-1.004944364966625,3.2382742243600124,2.07030566937931,5.3567510829554985,-1.8834580735980524,-1.325611893462259,-3.7759316199648674,3.5380667755322652,-0.17592990524608698,1.4548994117937104,68.618
20129,3.3081573475160897,0.9456903464968798,2.5594006831963023,-0.8096772413896436,2.925738946580029,-2.7362544860959117,5.0961322089059236,-3.829636281522162,4.369814452307895,3.4169537327022583,0.09281655940332381,-0.8262580978429535,1.1003083467731865,-1.6689090114639715,2.188868270353136,1.024808440587324,0.16707179741322528,-0.49048361408483376,4.988091487907504,-0.27785783761178007,2.492729865198527,-2.116694520333679,4.542115058999454,1.884181506606952,-4.715743027795155,-1.5875387642162788,-2.5070203261543957,-1.6193716925614507,-1.9831241862720381,-3.2140044377613357,-1.9902655434412886,1.6083778985666068,-1.4590780208602563,1.8549106964687927,0.2789622223533919,-1.132699154010248,2.1820096565386766,0.5324656471407472,-2.7534149286219503,1.4375593137527973,-3.064132114267001,2.956301288225026,0.1459872551793132,-3.921334091946,2.8094242961992273,-0.4777054401003351,-2.2446713147258874,-1.9386116382065612,-1.907294108559411,-2.657084725118519,0.45813901344539104,1.7313870113004795,5.225648054758412,2.0273721179644615,0.5117390527349484,-0.7317875607179771,-3.8793312503995683,-0.07882765026527581,-0.5526815188078282,0.3769887742949648,127.181
20130,-1.5905578816009052,-0.2222388377335735,2.1875467786787337,1.2752212197641746,-0.6319795214724835,-0.4157558198872121,1.6447764039614223,0.9865882544912541,2.412065003750488,-1.839220699521386,0.12237889815636374,1.517726046493229,0.4915548957964684,1.876850912841069,4.76860181037449,1.373085393699585,5.078847063023688,-5.489221987143402,-1.9288454699902295,-2.792497331128025,-1.5827297057218497,1.9616449329042736,0.3532484185336896,-1.1159511636464137,-2.921135310030431,0.6446851481338226,0.6775073285581003,-3.6280701214489732,-1.3586086107016548,0.29904749422611504,1.5749281660687129,5.396166094009241,-2.145590505198519,3.263963480759703,-3.477594588022576,2.5069926613729225,3.307848444075483,2.114970030356019,-5.250498632722927,-0.8975111634215925,4.0086978306156,2.4393081352681905,-5.08002492575279,-3.2731040463117687,2.035655761436718,0.8250924882252394,-0.7183364891443651,-7.8128194842344145,-0.07373538537485455,-0.3242079351945565,0.40815704288151267,1.5110443737699017,1.9132913274910424,6.255852376081551,0.9905949018694101,-4.577573563030463,-0.29732743004625206,0.4504561670776248,-2.1635501685237513,1.9199485530525786,68.402
20131,0.5864586832077135,0.1602449650565693,0.14515421536500112,-0.9443584497729449,1.7491710817953214,-1.5572987939757135,1.7517197896515733,-0.9960199131604422,0.5202112563784331,1.8711936286467221,0.819765981858328,-0.9481147405052741,0.09824029284739207,-2.1483520294550242,-0.8786192404378851,0.47169506001752026,-3.14434954130571,1.85536473229419,3.042614756408923,1.25747323807586,0.22793169215973308,-2.494873995274241,1.2872300382511779,-0.03629006118725139,0.31831111676246265,-0.2912006765589484,-1.0880860626570334,1.593293665304773,-0.520368412596726,-0.3128917690995412,0.1937052894766835,-0.47191419705203014,-0.11300579743810435,1.1702508022205207,1.4908778768226476,-1.3315287772650886,0.30042905173985945,-1.0227541578705626,2.3382973032461836,0.44458213270157204,-1.6555800010497372,1.1124605328662893,2.856455403167471,-0.8726258071748623,-0.13874941728719098,-2.2145889179431633,-1.3936689306077883,3.112430615808603,-1.097311472934885,-0.5304301153067819,-0.20138607371397216,1.0546245636307918,1.360388210077402,-0.43052329117943916,-1.2170810160782692,1.3906634101270898,-2.022373985639471,1.4363364434724453,0.515842650943418,-0.5214539476566346,85.674
20132,2.3671229032525165,1.0460711977423474,0.43231474229560435,-0.6117333811272709,1.9182181233851294,-0.34331866216519047,1.0288601489389249,-1.325685403955961,3.487678638646577,3.1398513559577705,0.4777595694120469,-0.615985140525018,-0.8294376147683785,-0.5406138353541848,1.4930546462847878,0.8378733847027886,4.431852609262395,-1.7919709273953055,2.507994190572188,-0.4759533244210108,2.8697738670233126,-0.1579573369204386,2.2305972693556466,1.2598252686056444,-7.287249299724574,0.35571470236700875,-2.0814417154215823,-2.879422690852672,-3.0706455526338567,-1.2479825127449318,-2.7878144869665427,-0.09232678841355667,-0.46300496345157005,-0.7117680823048324,0.5894198440076528,-0.16407086120619868,2.0775018902841755,0.1361389328653435,-4.5064876162091725,4.268758862768753,-2.667391260144178,2.332964282794331,-3.215111922306054,-0.8006077899103047,0.5780673184275266,1.90365893566781,1.0836997563190984,-4.999666677579931,0.4846757319808323,0.25493519341425436,2.6616962379269093,3.4528707325915606,3.2339465027919982,1.5866592302624214,2.4073708083163043,-1.3636564967101705,0.46354906794025513,-1.4774695455380897,-1.2842568092315625,2.796234671477518,69.765
20133,-1.115407447816034,-1.1638353187026065,2.167365082824977,-0.02517196723129278,-2.2564547217104884,1.9461624288043164,0.06202674308639905,-0.37088363211245207,-1.1754258003530003,-2.581322285371077,-2.251816277621249,2.7935572635960466,1.0037964900826362,3.0903719704470554,0.22345947629564777,-1.1298175995170303,0.018890998504845314,0.7555035544195504,-2.6086382400735264,-0.6215625858983667,-1.2847244474676764,2.458622445149509,-1.9359805808047899,0.10158414792745894,4.229886300998101,-1.435266290756014,2.562373626376563,-0.2970913853824606,3.671307138492764,-0.3304142386221032,-0.20071524238336455,-1.0040112804690755,0.21151401857363794,-2.2734243724884906,-1.5125120351346555,-0.39741913422100156,-0.5735460408059164,1.8626165335034104,0.5493601911712391,-3.6638282112664498,1.057934128788241,-3.402304713768603,0.9777592574272047,1.3164615633126526,0.7154246941244131,3.5406920217548947,-0.5827693318860869,1.4839883217975913,0.5274648432559691,-0.9718919682014564,-2.191146980838726,-4.895285043620981,-1.8550838689050493,-3.1457058673447333,-0.7814932901688089,0.18098143751803636,0.5539996945113066,-1.953407783673121,1.1788140133777663,-5.043209320520274,71.791
20134,-2.648992181761584,-2.0338659801392507,-1.854845253246242,-0.5796376254637154,-0.6221792591673041,1.1462137056678348,-2.206079581389309,2.054377181414925,-1.8760712328085136,-0.18819474107082776,0.6166402152981448,2.5529776918559848,-1.7870557947037051,0.6635534537533506,-0.3101099585650354,-0.5418933428691154,0.500078438956304,0.8986281548837585,-1.5925266490156549,0.25265646449745366,-2.2130406208458093,1.1149262980907455,-3.164586825001415,-3.481438549226207,1.8328665605744203,0.9444499459355581,2.0940017830485615,0.5463345842263677,0.4728711372794169,2.899897738716697,0.8659226010390917,-0.7392422810557286,1.5566782744439203,-2.1752529557877573,0.7343363256671067,0.29061257774128785,-0.07117625755595085,-0.3110998501422902,1.89357088679331,-0.6313259339779476,1.329007661542529,-0.5482401146486549,-2.2424513681377016,2.693731876650238,-2.4696058714475755,1.4197889366183711,0.6790845210228001,0.661771627643106,0.40913800517761584,1.2461930638836396,0.244934768844692,0.6395773105684215,-1.8515134858658449,-1.7612072353437132,-0.4682219354468188,-0.26329053919958456,1.8506149360986373,-0.08781499906506463,0.9985810339719854,-1.18546854642814,14.088
20135,-0.8400356918037377,-2.3099451031313722,2.561257602591869,-1.9811824357651555,1.1617242134563175,-1.3060501134417128,2.879468475286055,-1.3941893108224526,0.3746016080096571,1.4307807385756832,-0.14713254768842743,-0.044266283543643176,-1.2433258921869859,-1.5897758560085073,0.05834599635207577,0.17665369009796866,-0.5299427265258083,4.120234684960375,2.0596119149322982,0.7737576258021988,-3.065472109036925,-1.880800519894374,-1.2042727484999736,-1.770760507061691,2.5585828030326763,0.5510458142560856,1.2573750171501366,1.6217798983172045,1.1110686534141112,-1.7919671576964444,1.8668421178446652,1.0256538067274314,0.5256049451322345,-1.1682335209705366,1.3695359569575267,-0.7995560448290029,0.27787541915405206,0.8032858386734786,3.2543386052545067,0.040479568859609925,-0.9681361816986137,-0.12317997467069769,3.203701990890823,-0.8453932765519826,1.061848966641389,0.6956781111332702,-4.297452509907719,3.9949894722586827,-2.8662779186609586,0.3499591978508987,-0.9340318190825213,-1.2794032375576636,1.9845288760503759,-2.7603568595979064,-2.1382334683917423,0.37990635688075547,-4.118275802282982,-0.9796581452690426,-0.45448532290410465,-5.617669534455871,61.54
20136,1.824736087316563,1.398769055506953,-3.528714463750526,0.2264862351419994,-0.8419471683875732,2.49509966713208,-4.329250016219909,0.7355831147241312,-0.46159483118778155,1.6554570791421606,-0.2933144524865407,2.4268240867845003,-0.7828615088172859,1.8735914850594526,-1.4696113371265336,-1.257654418374676,1.0152077682990535,-0.5173747251194457,0.18447049147267391,0.3540801876166873,4.228210846606381,2.2664031413816423,0.4218761011141283,0.8920182056356459,-2.3863419843411613,-1.4497066384222708,-1.1528141527884053,-0.6678922757684866,0.5187829093549278,2.751118516967803,-4.74901218473681,-5.589546322215266,1.5522846884305739,-4.509476185404297,1.5120938588991906,-1.634282080508201,-1.6109640003733527,-1.0819325057801974,-1.9643875715068337,0.9158108339702087,-3.329347046723382,-1.715462449359969,-3.205571285842046,4.840763922135112,-3.153761469623688,2.812652093842067,5.896660835966512,-1.4239701296169656,3.5418322744231627,0.20961897944162283,2.043639460881843,1.08118824135994,-2.143320462806511,-2.9227701654869453,2.2438784243586762,1.3293251878563537,6.547814040373619,-2.086088620281005,2.7931579682366827,2.9520514205098825,65.458
20137,3.7553466632064056,2.0239238492384293,-1.7430118195253907,-0.9340000085929644,0.770172006849055,1.5420449699558383,-2.4500473585736264,-0.911377333764547,1.5560254155042421,1.4164628901698095,-0.721164903430613,-4.112228497599967,-2.291552327459614,-0.4724765474570559,-3.7919945501851595,-1.0417250497571593,4.396303072751451,1.8103299598086886,-1.2069242300917886,1.2762056094264396,5.163787070713672,-0.3038564887583591,-0.3532529326233762,3.5151850692132047,-4.288785940922431,2.15702557411062,-1.5348174805886923,-0.45448840721609907,-2.131111073204492,-3.991809424632989,-3.9411607578903967,-4.522857601967912,0.7270645121086194,-4.9593233274167945,1.6420006529295994,0.18662785653469935,-2.052061702895025,-0.8542288667578339,-2.1837923632448417,6.681915932246119,-4.386862657326183,-2.259905826272187,-0.10881972494646214,1.476436936455889,-0.9932926700180723,1.3549224684876509,2.6765823400020734,-0.18135088908348101,2.1050410488158566,4.2706264123503095,2.619559599713952,0.4463108299371364,-0.9494074960051846,-3.2112084728286647,2.828573086194098,1.514047380999547,3.315509138660498,-2.8692315182176253,-2.020961894640254,2.3026343577224218,63.418
20138,-4.316569472135817,-0.5716740213522509,-1.746105713573977,2.3172220858365287,-1.334919437836176,-0.46741635545991234,-1.9162653302256845,5.104720765481435,-1.3189452735892724,-4.521122180229936,2.7579502912412814,-1.9724713294650629,0.3535730142720039,0.2922245586755295,2.6261139695223443,1.603583060290437,2.631761994529856,-6.534226434980747,-5.129813741743423,-2.3703625622032223,-3.812955543624706,0.8065438462862433,-2.4320739727877774,-3.199818426521129,-0.3079027587044223,3.8669032606771245,1.4752726397240548,-1.0232246155602134,-2.6128724077138994,3.3490416596623525,5.981910445617176,6.796018265224675,-1.763894463195609,6.816569228077087,-3.3419189757658576,4.89819073285071,2.262476915351061,-1.1194304878635672,-0.8890427847770038,-0.439964048872592,8.333906212718189,2.7643226836623938,-5.2803157869054544,-2.460760242479781,-0.1462006020005745,-4.37669258038124,-0.5586108115957498,-5.773371497039551,0.13710105621193647,1.9779077043700273,0.017713516594060313,3.221144331069408,-1.2163917748661257,8.627271438789672,0.22335076264591888,-4.180744367707969,1.0010653642082645,4.283369787039056,-3.2167542877574764,6.445712640610904,25.691
20139,-2.0062944802483824,0.7344596381693344,1.9401686422238127,1.9645085636056996,-1.0704660745096177,-1.826260295612585,2.8984210694873895,0.368035808301695,-0.7475557575208177,-2.60298511394984,0.6714564423023549,0.9261307080151499,3.3554588513036014,0.554345343311781,3.0685483191915983,1.4187656512493203,-3.4554878940135283,-3.547020546787533,-0.31739492034019007,-1.8707190419203545,-2.3709862805169424,0.10074835931031498,1.771273264597955,-0.11106519910222767,1.8512125136160027,-1.0727938248690294,-0.0763198871041317,0.004936805393938941,0.6324005940091916,1.6413294597081707,3.405117436060155,5.106491734204931,-1.8566225147857833,7.233225289789934,-2.5198489855275956,1.0656152836101742,1.0948093037913784,0.5318809585491284,-0.4052239546915807,-4.956569430883217,4.388599975471705,2.2208109661852116,0.12274571385012731,-3.586717447791228,2.4342548794758945,-3.280004154009402,-1.5949972484331163,-1.4561607128980836,-0.9067872684649994,-3.80158654046635,-2.498435849151792,-0.5936335424890226,0.6896861469916863,6.082598519622623,-1.4472157673531452,-1.6667563785226438,-2.422305281896307,3.9311935121753576,0.31426792024284006,1.438336367664713,115.634
20140,-1.6882591385884003,-0.6226575067213506,3.3111395586078833,0.827477796782359,-1.6616961737677638,0.7246541794604721,1.0760100775039478,0.17775812749592326,-0.8100043530736444,-3.8790967968365675,-1.560303523594919,-0.35105662657137265,1.5214533452442192,1.9406659992477406,0.8506053332579343,-0.03942831894813875,1.7380946557510615,-1.3176317243629991,-3.667400969494509,-1.277927342950956,-2.3548487719839413,1.5388782322212153,-1.7588723256295946,0.41834532951403386,2.851361193437673,0.0020877592886691665,2.225612783057693,-0.6593277154735595,1.5164890514167098,-1.845433213809519,3.1642068261414646,3.0841929337490934,-1.1365314904324373,1.2001013763280126,-2.5024804558346005,1.7812088926154717,0.28111958677580756,1.8926777794939846,-0.13293901375879455,-2.6951828408661243,3.886770509570623,-1.8973336857314111,0.7822670006682564,-2.1429420953844214,2.244209193384926,0.6368014056256582,-2.0588327191116655,-0.4998336291179867,-0.4281859058894707,0.5752609444522847,-1.979890663018228,-4.100722987385843,-0.6385534113918729,0.8691741631523335,-1.2843971063689235,-1.3403520990538698,-2.0433487553395717,-0.04566340152056739,-1.8867264264223285,-3.375028075227539,71.546
20141,-2.777737840724492,-3.3996236795223966,-1.2102113097343477,-1.309341611469879,2.302908266205515,-1.5581855256348431,0.8090153828058902,1.8730066347538274,0.22836428423187188,2.4259683726811523,2.2057694476866896,1.979405405451065,-2.468107796186982,-2.062543770066535,2.2978471388609827,0.9165036373295913,0.06385706423955818,0.44548040368954517,2.491501403099022,0.19157426562131485,-4.452967347779997,-1.7093736784711935,-1.0192544281398424,-5.574965893578832,-0.47082654262769985,1.7798940244957369,1.1188953866234947,0.548723933647411,-1.6312201515685214,3.6060138969126414,2.1819924413170804,2.6105744970317706,0.6831729469904183,1.2899205192341614,1.626533685707319,-0.010671307219345727,2.848179280881336,-1.3907680689699893,2.117997375500022,0.7649660621555051,1.278982190730177,3.5539164847544806,-2.418045216303311,-0.15422146709331044,-1.0329543783379957,-0.7657257883272331,-2.076685511925242,-0.3887124213109035,-2.2537963424866865,-0.3671570154475567,0.770061345720286,4.780352683878463,2.238454237818182,1.6158757851205903,-1.3770944451812301,-1.6817439574310438,-2.0198277230256836,1.4804110045764725,0.32543894525532036,-0.5847834513705752,12.509
20142,4.075403024117638,0.9834343051108556,5.582881895869242,-0.018552636349499982,-0.44806203991256355,-0.24121632776729063,4.546158828238532,-5.106121036701948,2.493610745271474,0.10327508856357683,-3.1700838930167348,-0.10651152709424537,2.816803262179648,1.318452362120601,0.46098958068170043,-0.21652026877803987,0.6067624181312413,0.9542393337397258,1.4156456584923274,-0.603339298788362,2.4539513129468773,0.33805875569782107,2.766988914090438,4.298525221294617,-0.22031065502715777,-3.44581404680279,-0.7517853854217735,-1.6601089452214437,2.338043320277309,-5.46585730536221,-2.4585538491618206,-0.1667300214621971,-1.4375052811761015,-1.1020036347063265,-1.4347364371073354,-1.394104745443367,-0.5961352586210211,2.7777141061377266,-2.580842667303204,-1.6666504720372686,-2.7036850351182773,-1.6619011265974406,3.441347915526379,-2.387425305219914,4.276840978404514,2.64871616600164,-2.0525220216458675,0.627822177384749,-1.0025903384758441,-2.4017777184685993,-1.478020255512934,-5.301541012110885,2.030137222123268,-2.1017633837265595,-0.12512020833127002,0.692327906786299,-3.3264355280501436,-2.3204370391614515,-0.26784595230024755,-4.985768099455648,149.459
20143,-2.727336033470732,-3.138012294588383,0.4309391904767713,-1.5679253204522934,0.2897194877420346,-0.0315966452064223,0.6438018767149876,0.45949071840658967,-0.6802993050397448,0.8057925264855345,0.03178474741354492,1.6935127505636316,-1.8232451545100967,-1.0409171267366335,0.3983478382745078,0.11240530442805091,-0.4264256291802706,2.6473709014899756,0.5041238077304466,0.33986408234197757,-3.7062049076246995,-0.22161563862381908,-2.662327505382609,-3.5548675589947725,2.8507622695299917,1.0709219319584808,1.9521475021874626,1.1320728240674602,0.8363883422263956,0.9388686658700265,1.9039289617019033,0.38353038010241786,0.9025921144622717,-1.3226335777637113,0.856023666600853,-0.6706411130456857,0.8754119082406511,0.5821441335912438,2.6119619365379148,-0.3808842035255604,0.8849345395486954,-0.20857894261847845,0.2697903033942307,0.7269104574518218,-0.19232734006025426,1.3274638790747677,-2.5073609955560365,2.0643247694777194,-1.5338392693631004,0.8110100862920843,-0.33781080228275756,-0.38147193370218035,0.2769863074230686,-2.3203605772216527,-1.5376122691068193,-0.25288102466717033,-1.3743083392621425,-0.5271761687544572,0.3115528179949603,-4.402742550964661,27.923
20144,-1.0183498628319116,-1.1633245809864572,-2.6543171842372795,-1.006600219997263,2.7018340579821514,-2.2572553498641055,0.29728544486437164,1.4035568207152846,-1.608708938967684,2.714267657363253,2.251411970809004,-1.7646367713927362,-1.781519714987659,-4.016949104234476,-1.754182188823534,0.3880736091761381,-4.904098751086875,3.350037147457343,3.2507892917093706,2.4601186676755784,-1.936338084184982,-3.962254273643493,0.2426619467333108,-2.2650646326344734,1.4835699679988046,1.9875297321747432,-0.3620414095927566,3.551350499173946,-1.3916639773345432,2.078517354833018,1.9175292398072015,-0.7098404093927639,1.19445895692255,1.657754074556547,3.2788504711910145,-0.7942171655755692,0.16902557863275647,-3.303860523355065,5.269513154017332,1.596131086621174,-1.2113458680950795,2.554003526545242,2.4529983033080844,0.29121472167537704,-1.6484612090851407,-4.346095808989528,-1.2375240526394737,5.1941767978552305,-1.5281762177531693,0.36843068209719093,0.6002496139524917,3.6468424278883695,0.30530024477868006,-0.533840370259621,-1.8281598517379023,1.907108819592785,-2.0157523931494126,2.742584911631618,0.7378275312659442,1.3060854989219326,49.702
20145,-2.20662131287052,-2.658368060002916,-1.419793820427885,-0.804837738864139,3.044645594443262,-2.777319537957061,2.921735925339807,0.04292201429718981,0.21660355442368695,4.477691748754569,2.0675418965623984,5.569289105580554,-0.9799178010004742,-2.144730919493554,3.100814592164867,0.6434468459922542,-5.171978191800794,0.1596466000883396,7.077769832181046,0.9403139301847636,-2.8837692940296353,-1.9912387385626678,2.317199802301831,-4.716660759887466,-0.13230175842461855,-1.6541373090603435,-0.4619563943558394,1.1430268985905532,0.17920016448926826,5.948458698805787,-0.051952132029498305,1.001266381797981,0.835957737133119,3.0756247934384624,2.459909290266589,-2.415437185074697,2.8018313553541683,-1.5408989604322891,2.435975861878935,-2.4178975503184166,-1.4854945210905566,4.760807545845413,-1.9181679305570307,0.6471229888616187,-1.3613289597598743,-0.7004945517226264,-1.004579959903527,0.7860463932030148,-2.242890625504377,-4.33706047924684,0.42298300338851985,4.937405025217192,3.149863863052899,1.043654469997335,-2.0363954567244273,-0.21677709970806722,-1.9146997193196602,2.4897304276622356,4.2704073523207144,-0.4093589526553784,64.646
20146,-2.203203247787855,-2.253237584171918,2.807201880422588,0.34136855325466914,-2.703835400688881,1.659071955103864,1.0417812440569203,-0.19817020662330687,-0.22807362708807197,-1.6357956263627191,-1.9708297685624045,5.881737822732082,1.2477663659993012,3.699687916823255,2.786706623418658,-0.8459396975095789,0.4171592306575387,-0.6262459346532108,-1.3154706503135323,-1.0183651384862502,-2.974360805581511,3.4117265172121334,-1.3897742578231569,-1.7274847167602723,3.8105866409272195,-2.417549913797416,2.2949167428388937,-0.8806628639335825,4.09840049094224,1.6596474855982064,-0.44277476905414,0.2684103119678649,0.16334102917673765,-1.2768776109935591,-2.2817900711889285,-0.9034485358130492,0.7434562955758824,3.306849218850297,-0.7584666989015645,-4.88378048021647,1.6914736712230474,-1.5895377813310476,-1.3880494483062331,1.6169074059082233,0.5132311333370497,4.771543239657429,-0.8387804646937531,-0.7634334567182777,0.10653222666624458,-2.1783289219669215,-2.1401478295340235,-4.0003865378514964,-0.6725258917929792,-1.7140962507934308,-0.7352981749201513,-1.5788775709760379,-0.263716434932175,-2.0706694166801203,2.0425727620152774,-5.7969823533749665,70.535
20147,-2.0703538599429425,-0.47984660828222536,-3.081227616387078,0.4120364014787347,0.740640013613463,-1.8044096848545665,-1.9538998397180618,3.1226600885951825,-2.844854640427292,-0.53782676580049,2.474623387113686,-3.2074857708865103,-1.0416826153992826,-2.908610866908135,-2.1358092296285798,0.3833817335759699,-3.561315565823413,0.5780943134009748,-0.43690219779108436,1.0269116041479354,-2.347831648502463,-3.11904530920088,-1.3303967210055916,-2.0458111543728954,2.4228751797262404,2.783658582742804,0.05363786293421313,3.197037272499942,-1.8933234020146759,2.2892206122057845,3.87947722904414,1.4574312629901662,0.7049491366102384,3.3093132424552403,1.0562617212474408,0.9635082350667069,-0.4600511826148558,-3.090075977835539,4.66841093528961,0.5388838408246015,2.255707253179218,1.5673174660858566,1.3810705753404084,-0.18339179931723046,-1.8200076219963242,-5.811266227602425,-0.5067940105782652,3.2820312074985676,-1.042437615521475,0.861005825490624,-0.43392050063090476,2.9429547047327658,-1.0646886895438672,1.9359465064318129,-1.3693538586745893,0.9014324137292115,-0.2413182900416324,3.991713063741405,-0.4259645898532791,3.6540031513379096,38.84
20148,-0.9345683209964915,-1.6822200252858928,2.574725784776517,-0.6466396868475047,0.34609155552808013,-0.9981706910347706,3.5607602137305383,-1.4497608683633687,0.9189662884815557,0.8237237864705435,-0.2768232993073023,2.9654439626432363,0.9865668713073086,0.1472110595409309,2.2294889156073534,0.3304723058572991,-1.4988456061412179,0.03281490030807868,2.085971228042782,-0.35902518437397524,-2.6807098627703394,0.15536055480147906,1.2509964471755337,-1.2839117016301693,1.5223139443540377,-1.4253802158742055,0.9519882111027685,-0.16333811625256522,1.7672486846301345,0.6052598101407782,0.644633988133836,1.429005626817853,-0.36240192542473193,1.3779351507646744,-0.5054306716133496,-1.2025685524793879,1.2945161026949352,1.343869568001292,0.8220531446482793,-3.3056760385632176,0.40117597141715966,1.246512211940458,0.5717895701768437,-1.1301902941446524,1.2495034065254889,1.0480455197913854,-2.3856503080725067,0.4741940659349213,-1.9817099576169044,-2.8361510566073123,-1.195472205788501,-0.5597519566388104,2.187754462230995,0.19692074130058262,-1.5891248820419142,-0.7843371361486777,-3.2872058668025903,0.04610156982192133,1.471042725811555,-3.838602260952577,83.21
20149,-2.608346032231954,-3.964493247232968,6.652536936408303,-0.7686515722813216,-0.5152635475164627,-1.1245014122453225,5.337637458484823,-1.083653485518532,3.095857325053744,-2.5969092808042777,-1.4727482313104288,-0.3589438416996752,0.03238950299559949,0.7231215227970105,4.48483943539933,1.6138256060777836,6.812128757328106,-1.0959590318064292,-2.4079877384244224,-2.1300065020542114,-5.8728146315846885,0.9273324479218211,-2.622773042249671,-2.0196765338526643,0.6164751649164867,2.1446763943043945,3.200240339588526,-2.979560062666555,0.05728409059776768,-4.263998036052078,5.608444123548629,7.186194389304199,-2.5506659214923064,1.8033018539226242,-3.6217383218347763,2.7895310301581313,3.539462359063908,3.900304470432844,-1.8542466389527357,-0.33600157054449076,5.490234874006355,1.0121228955231845,-0.7833155657239254,-5.724268790112309,4.769875472956995,2.4251140503857354,-7.69360363588151,-3.8333936376893987,-4.021264764881825,1.5518586099112879,-1.8272831926971296,-2.7747901784316364,3.1535446319500515,2.809878458476033,-1.3482731285279204,-5.12849391423015,-6.768502416447352,-1.3266605728613172,-4.602745639645645,-7.032521344727711,43.883
20150,-1.404847032728621,-1.1954924671214813,2.6794941433043786,0.05872172824410721,0.03767954978642768,-1.3514323232957446,3.031284735635864,-0.3230161072202013,-0.9137067945971129,-1.8939316852219394,-0.15025148804080246,-0.47230801178280096,1.8492280567351251,-0.6243700480231354,1.202529587077757,0.7519859323252847,-2.031284295170341,0.5830353771963297,-0.4665903214397265,-0.7280389564273304,-3.3262617982849827,-0.8504003120006834,-0.2456459984874313,-0.5777484408292898,3.6809714283623176,-0.07255932050202675,1.77415314174677,0.9142543504584779,1.221324477720153,-1.083236482536615,3.584200918346728,3.7051442483452255,-1.197284501679481,3.232696807613114,-1.3210068043453171,0.4990974356987946,0.8607287430792396,0.77932441210892,1.7506119653383108,-3.032995426818938,2.875809418439725,0.35934908406106225,2.9781136850983136,-2.7238126718017686,2.154500011967595,-2.04552428037087,-4.282219096757941,2.0895967933293242,-2.4654384857930998,-1.051055706857307,-2.1108461503015623,-2.316988303023904,0.7915093171452621,1.3252649645140204,-2.1400482606947833,-0.713164146273021,-4.13143937237557,1.5323554035792473,-0.7209713457571022,-3.1871629691396692,84.785
20151,-1.7164369701133606,0.903439878908197,-1.9918267822123978,1.3157566207274316,-2.024056456194486,1.1000644845606684,-3.4537036256510447,2.811905788192667,-4.058229339033385,-3.9359674020880933,0.3953872347218529,-3.0878991097215405,0.47615374128546506,-0.029701356042200755,-3.010937545521713,-0.1265954325212858,-2.4070441333499164,0.25375390207511295,-4.615748359701496,0.3909379770028233,-1.1798327620810136,0.09752756274692684,-2.4968870842739572,0.12105293163861278,4.374726969257189,1.9098476242901328,1.2244417002145038,2.411268690928736,0.4749462792754146,0.7797526849625499,3.2593379381730974,0.5308394430852101,0.19317873134486835,1.429953481576618,-0.670845146722723,1.7258592893916966,-2.3206803844151556,-1.5465658007324796,3.321256602020111,-0.7590606200513121,3.3678390646056773,-2.0931705374046516,1.896453737602791,1.04137035171608,-1.3187915969525688,-3.9627328752999627,1.1556477289888125,2.658533090725034,0.8932756595408526,2.039121000052423,-1.3768376913870606,-1.9622830936152,-4.250012558844982,0.8034760424133064,-0.7331377888021078,1.2878169880377135,1.8160813616370277,2.1267903496893155,-1.2040957642792587,2.4328719228605653,65.626
20152,0.1763023525363822,0.08918724570376257,-0.1580165365492341,0.3302801692069113,0.4067495868583489,-1.1028111291583782,0.498646080929395,0.9771678924844835,1.1077820745820062,0.16443204882360074,0.6927834046757073,-0.5771311735155666,-0.1350557525504866,-0.6550770527731715,1.5866825849198172,0.6628752274798153,2.1078773450812425,-2.7412016973099793,0.16380358004731305,-0.9748663911676535,-0.3539428673634911,0.019214600829147832,0.9075048901553326,-0.5793401955233208,-2.926486100736921,1.0734265251918207,-0.6470739826644107,-1.0402892197004003,-2.103961177325186,0.479789169040581,0.7242346363634615,2.1066194825710762,-1.05911172149112,2.400480455691463,-0.6298595346693185,0.8778559175575386,1.3750810026082407,-0.10569251233657595,-2.315846224198464,1.2072007275000696,1.6660857195233303,1.9321786121828213,-2.3339783688381215,-1.277687653780904,0.09858067447427088,-0.9010541744900521,0.4715896051783299,-3.5583177913591832,0.37933656705371244,0.10552854885001088,1.3200272360076082,2.6947622064828867,1.160876787885637,3.5510120614508294,0.8013202607438585,-1.6788576953750327,0.15256462584892339,0.6960094539948014,-1.2676714329462084,3.2921804375344914,71.424
20153,0.06884989116279261,-0.07333240443585415,-1.4862740474697917,0.17030477051531545,0.38689341909678665,0.32929204526143724,-1.113293489168446,0.4097978436147413,0.7487490178966163,1.3058728840353702,0.21533386889374473,3.3196742421616396,-0.37403947791198144,0.9605793431502876,1.4070557984970362,0.06089311863228045,0.665509644013948,-1.7494400667868004,1.3852070102780059,-0.6938232884044239,1.2382479271770912,1.535649576305952,0.7748631471685096,-1.1851822185239422,-2.4327214678001536,-1.0561970019287759,-0.9696600445165805,-1.208167010791838,-0.1885917515290401,3.039527169254375,-2.3725527340335297,-1.0057132249077063,0.4268344319933498,-0.8469795953858563,0.42343317430763816,-0.8940413551202453,0.7100055893231836,-0.11887674730731784,-1.7820745251382502,0.20878296866952922,-1.324402648653594,0.8821654306879395,-3.820916627361952,2.3207346700594296,-1.3606714261967607,2.1309478834789313,2.8450365905699653,-3.2337887475381413,1.0807959163499135,-1.5463480739279536,1.204562546962655,2.4426737520289232,0.23296659307294956,0.39335305292455613,1.0940600210275844,-0.464167153746743,2.5768042072272,-0.45826214673635396,2.155235244070583,1.507777596793366,58.557
20154,-3.425172948036301,-4.487577011882594,2.6355423912656137,-2.1304524548212913,1.9444486408054265,-2.696140113297994,5.414001952339035,-1.4988868841292418,0.40511318928928364,3.6633275067507967,0.17181330486518967,5.8914985123371375,-0.6849389023113334,-1.625929855855271,3.2201066415142865,0.6637692649876525,-4.7320242398493315,2.7769237785251253,5.94737296937247,0.5811262478777904,-5.890837893526604,-2.039058621378027,0.632368393959629,-5.198109233467246,3.9585912505152874,-2.0819580406066907,1.6191651394781155,1.7479752802144466,2.4632340009611298,3.0071932055184787,1.555997996612053,1.7166297479045072,1.0647426978242256,1.0611258270519628,1.7352566554369089,-2.7808019815616114,2.438404353739561,0.950272581016005,4.176327578492483,-4.571181120369826,-0.8320742706485023,2.830454668086027,1.7024257967725405,-0.259169174979604,0.7726814539296001,0.9660769889624771,-4.769640386531596,4.296654112712385,-4.01177307409531,-4.4376734631085215,-2.0290480324766045,0.32375845790099683,3.54096023325023,-2.003497897140282,-3.7960205836334686,-0.2777138347416878,-5.931787091616652,0.5694994970666243,3.642566861794877,-7.991600881232479,64.378
20155,3.4321446539255063,3.8196018056271406,-1.9965136211488888,1.3215127686598864,-1.5677251421154483,1.859387347860961,-3.5868191898115867,-0.621133611847697,-0.6910938658567544,-1.0784303727093956,-1.1926210541822875,-1.5237616481012688,1.6786853976153389,1.2071683380302576,-3.142198861754997,-1.4295577893715465,-0.8855813026932449,-0.5941081932516118,-1.4719447261903444,0.6024167168593042,5.398141520433116,0.9258076631916898,1.5619437576842463,4.570255977896348,-1.0286365960724246,-1.5565220847479744,-1.7979217806061487,-0.08277057899192378,0.3297507952162661,-0.9701797000288148,-3.2110901845279747,-3.969486964153392,0.5105918021600246,-1.8912058925818618,-0.14231012582109398,-0.5925365491124872,-2.9614998097430325,-0.6494812792747648,-1.7531362933039039,0.49591324451627705,-2.5074335341677823,-2.759682835061047,1.3009931028393393,2.0868999768732066,-1.2339582527001611,0.1816767344842201,4.678574921207566,0.4851019119715373,3.2878348101386887,0.20107684515414612,0.638234114680989,-1.9870336836585347,-2.6244176894867866,-1.721536891804948,2.034823465883276,2.190935869248249,3.860322984182304,-0.7295536321186642,0.6637856649581503,3.4893074555061108,108.964
20156,2.7368419879930515,2.1751904614889783,-0.5021964762071448,-0.5521687733237897,3.1546250353029652,-3.7075341340373194,2.4547321657129317,-0.8281460062201744,0.36671545149131024,1.3245897534461752,1.487409331853063,-8.477287140114125,0.3503601467763515,-5.550076482668662,-3.1204684561533287,0.8835601872150035,-3.539287738272009,2.551787969291996,2.648596722599119,2.3551890993909987,1.6058831474369721,-5.996559559398695,2.01535890820947,2.7342619189798074,-1.372573545943381,2.6061565166307004,-2.4947106398662497,3.0292244244362028,-3.4902882000241706,-4.245949017898636,2.8960930695053784,1.8727392669683005,-0.7715628350862032,3.6772603138136866,1.8639630326126855,0.7756309614399463,-0.7972922403295742,-2.789588866974813,3.2965607206500747,4.044634498321775,-1.069328093308986,2.1082528800369857,5.849747940955346,-4.755088243005479,1.432939419551221,-7.129240415843256,-3.3781739836809757,4.820437474760663,-2.2775760805043257,1.6003801267602251,0.31162808651666996,2.1529558343776123,2.1076880232907946,2.356686791917231,-1.0245415887346907,2.2579225658065005,-4.575051886446579,3.1591019443067987,-3.4541200498013938,4.0514291830823455,105.489
20157,1.4401227899037927,3.8873646964401454,-3.691633062639657,2.5633810540368405,-4.1886862439401895,3.9279924914414193,-6.319324779612561,1.3437433585469716,-5.547123254428826,-4.4181920100027865,-1.1611503527854226,0.8747860793525394,3.0722841305107393,3.314369266649254,-5.341160939756853,-2.3799880584808726,-6.39274852501219,0.3806339373038574,-4.828001586195195,0.9554762861056286,4.182513890731829,2.9300313512582528,-0.40671618144010985,3.9505550139693186,5.5431711519230245,-2.8256064617612573,0.11472895940790218,3.101515186612643,4.6439020669146265,2.4896089021011134,-2.9820012799790625,-6.736313115867697,1.874393678071804,-2.358934027525304,-0.17619165316135557,-1.3317033994663023,-5.728874554789343,-1.3019374800180443,1.7404921550510388,-4.322049711317758,-1.0302992943221891,-5.495230737657482,3.100161698112228,5.879105340846175,-3.078169650375653,-0.50762850867789,6.792805635207935,4.800927630738906,5.154105424550071,-1.1757148329212097,-1.905826977405444,-5.883493578025001,-7.605876691835486,-4.291459820928669,0.8778046790380548,4.423645960489364,7.3210081290830775,0.26575282681000045,3.886352252322669,2.5494128380393946,115.703
20158,2.491165310310506,1.17647812319884,1.1673692873352322,-0.2869947510119576,-0.562490772139175,1.505866480108733,-0.5208384414079277,-2.1580565650478265,1.3334012172424397,0.18267203678782323,-2.0071078191606313,-0.33266105316238753,0.01855975653301012,1.3195959883494817,-0.6569481565287945,-0.7828379690677273,2.9263513621160078,1.0010147384306718,-0.5116068210912756,0.032607524431610815,2.7889343157345357,1.8035677680911724,0.11616782435158458,2.318707978664011,-1.6083361674357977,-0.922610729445638,-0.3538121164960751,-1.732787121314551,0.670407090067623,-3.0408023087358145,-3.1640426460013122,-2.6780169586793208,0.09708244362548604,-4.2010559634572955,0.09834563552304937,-0.6362661786066468,-1.0463241676224302,1.021141008438705,-2.6092558466393863,1.6310115584807747,-2.4358386238961027,-2.4861713233162397,0.2066347635546763,1.0765673362421575,0.31291777389347886,3.441571326683154,1.4872334250917238,-1.1133353907258008,1.4582681504016781,0.9135832932804486,0.4210884181437086,-2.187521953462734,-0.16269476168344463,-3.0898688203668256,1.570765801128095,1.0190531252316044,1.4622471976333231,-2.6261612647830512,-0.24974940513103513,-1.607417853956506,83.727
20159,0.2966393505602252,1.015217675338487,0.20749446664298132,0.9033504045278744,0.6918339875981802,-1.9562538441613258,1.5454258851364693,0.3524330552680266,0.2083333135461098,-0.4267722478963332,1.2756272891492322,-1.9578128317140449,1.032100031285193,-1.065958984961285,0.7967491646653967,1.1187015119314865,-1.140823300881637,-2.62544478140974,0.33721793671950184,-0.35408521113764413,-0.07781639812479821,-1.2351365413696112,1.7892007099292582,0.5963470384698522,-1.3709154566052473,0.24395304919446154,-1.2601959036091388,-0.2611492391902336,-1.5323276677857172,-0.34375758534676665,1.6547493190387845,2.7264053885351993,-1.4283067275086962,4.2095934864830085,-0.7730203621435586,1.2358106472798998,0.3690605181194675,-0.55532396900962,-0.49814810279205535,0.02969001563573613,1.7253461205005443,1.9508210059083682,0.3495663139332592,-2.979950065257653,1.0645757790607466,-3.423208112639558,-1.007755875211321,-1.1163139071996133,-0.4680191786932066,-0.7789196712712868,-0.23281388304278738,1.4190827160702064,1.1737249431290122,3.780617528937257,-0.5125327086366319,-0.940781764719367,-1.5687474257347793,2.2965406109249793,-1.076922067349676,3.274090228990492,96.312
20160,-0.8691597021092654,-1.1917753482549334,-0.620179860158775,-0.2540479201278737,-1.684301020951742,2.776756842654348,-2.5272309674893507,0.8350084063860023,-0.8240616448930023,-0.528492949348949,-1.2077507511983743,2.231182507143089,-1.1959755518174915,2.0410762651102448,-0.6382106302740026,-1.0755660479669695,2.2575985950665802,0.48527856293450344,-1.939038765729694,0.04315915161433262,0.09105279098812549,2.521011141679856,-2.1103424173935252,-0.9440204819853486,0.9243683045783678,-0.26209142411312236,1.4192377730572847,-0.5001910974366115,1.6842100769128157,0.8269315739090939,-1.877207036879377,-2.8165879090047703,1.319758309657832,-4.30504451671542,-0.32675467276589043,-0.2384643086041154,-0.9282512888770831,0.5151574344134997,-0.5586447636509008,-0.21638006946937813,-0.026170070144992286,-2.486746785397724,-1.6703042424790124,3.3682152009549298,-1.6116217090281295,3.4892543065486277,2.260639664534639,-0.34461406517218673,1.3349607205529894,1.0226280313819047,0.08825628934038432,-1.4054375311552776,-2.539869111509114,-3.1166823164592024,0.7720619631609908,0.15323395491957337,3.047796168598124,-2.172642729473955,0.9510415535054214,-2.3306887731966612,41.211
20161,0.05683973847322671,0.07803001402172638,-1.4915860339639784,0.8852551694710233,-0.3423008206320254,1.4559317962520153,-1.838084191962923,-0.043554926402661426,0.7107290494305961,1.7092233798681102,0.16804644936895974,5.7575833179329265,0.01870698711814961,2.170351457192973,1.992846113620047,-0.11855216116066244,0.7886047974915918,-3.257601700510361,1.4024165173256269,-1.1719828850290195,1.9565673594980466,3.1961597221189115,2.010638319575945,-1.0072971642987363,-3.2861218596380897,-2.692231191322888,-1.1728394945696499,-2.1869148183156906,0.5430640081574534,4.281448013112797,-3.9589197254571675,-2.4021104812814156,0.8625014593800688,-1.4697752582684231,-0.01682520026656098,-1.89175609056568,1.0727713397086538,0.3556342938137752,-3.748578236478157,-1.1954210724701637,-2.021822617173545,0.4481089771252792,-5.306872656915581,3.2066473968028135,-2.102701338800624,3.5443549768150815,4.563665102401139,-4.417547065442694,2.3263820510412927,-2.9160278539922775,1.402107153208141,2.236510375254677,-0.11548380806327549,-0.14144121749994887,1.8113571458995898,-0.9798327756514738,4.271686488075916,-0.972507610702547,3.604979015483911,2.347033722472691,76.719
20162,-0.9109429954458348,-0.2594780827673331,1.533918660976488,1.2567051679549213,-2.470071498731481,1.7049526396705044,0.14085025546967012,0.5031255814804266,1.3838072077099195,-2.01680405048247,-0.9844904177082456,3.0639559061498867,1.4693819447068015,3.4913971298314554,3.457387372770808,0.7247166523056636,4.287932815031429,-5.1990993040286115,-2.431770932714674,-2.629670238684909,0.11772649360432423,3.5686332004863868,-0.004314883778987144,-0.05554137319916373,-2.4589206002651762,-1.1282567244566863,0.4312466777605189,-3.400467336937232,0.419970210344606,0.8783312083579792,-0.46930184476207465,2.1766621201467893,-1.3095872111535705,1.0432247315331908,-3.3683106044898388,1.5040932708590433,1.5899211772392292,2.649134202506903,-5.378042067863049,-1.8091039169041128,2.7076994903832072,0.16194957774038377,-4.962359832185536,-0.2642040522367468,0.6686808048253621,2.805482161679503,1.4440227713219052,-7.0933772594911115,1.3197492656220096,-1.1348760456066374,-0.10095970569444426,-0.3817461528897229,0.25001293660265816,3.2404139753832863,1.7087446338407875,-3.39991648527803,1.8957121023268353,-0.5126792058174128,0.02907270243021559,1.1712084426047211,78.35
20163,-0.631227325500449,0.6127858018635797,0.8851985352436289,1.067794859518403,-2.9374495976809256,2.7141758221988375,-2.9621209672176554,1.455133726621008,-1.2891619986142917,-4.4956670361609365,-1.7956498070133158,-1.8172678119443855,0.49805341004965836,2.739754106830962,-1.4872437771003466,-0.8119352067739137,3.1369489777039794,-0.4242307135712948,-6.234747105082738,-0.9017326110240003,0.13690517967143812,2.8663162566605873,-3.290110392925341,1.59491801456406,2.1966198527003242,1.066876504589525,2.417184672975326,-0.9266387068559572,1.3701981532273577,-2.0827183902757005,0.8497822257678367,-0.23478864756146403,-0.31102636785380805,-2.4526106241448917,-2.041858274552221,2.2498114728749194,-2.0318114471345554,1.5346401885896253,-1.4157116337268016,0.07924300692106181,3.046780712923066,-3.640875105535378,0.008690070375091292,0.7638359960312389,0.47883721044474015,1.7672024669864368,1.185350364650347,-0.8202177950309736,1.8041050529282756,3.2808089828701488,-0.9527151788693333,-4.778431753699,-3.818626878875732,-1.1229286090216561,0.8140783913586707,-0.3542887012457625,2.3787258219224583,-1.8096737133958234,-2.045179165983771,-1.6508213779252037,54.581
20164,-2.7462734753521336,-1.717613593946048,-0.7798485677435534,0.5950425036339192,0.25750518780661985,-0.6072955934172501,0.36349904223419477,1.8852960341448837,-0.8662191090480525,0.10732130681776919,1.3054194742736402,3.567635516424492,-0.12468048241244062,0.3390118282112667,2.804755776246963,0.6742834791438573,-1.2081077482523792,-2.1914470767066048,0.8882401988248075,-0.9043113176616168,-2.9755776149122073,0.5963848476123896,0.47922339767000044,-3.8763826327264934,0.554068065005552,-0.6309372036811263,0.7262670671410834,-0.06399407165932933,-0.035476439814655425,4.829881628545766,1.5072813041344433,2.3279050791207494,0.29035107645916475,2.444061893375823,-0.39425672256700967,-0.3141827252541225,1.8715295057257562,-0.08824885288215588,0.34113338902358026,-2.929826322059699,2.4119251449883516,2.059027124556047,-2.8954207957774236,0.14432385286268007,-0.9791162041329263,-0.04218468649823781,0.44596889180167537,-2.1820965590001595,-0.4287784488997607,-2.2570241971994283,0.07052643706048556,2.4246366825167827,0.6760714540449749,2.622091947315581,-1.0956501992545027,-2.0370141590912745,-0.041655918145552806,2.317058113629785,2.0151270721299914,0.8179331546169698,47.868
20165,0.07648215195033925,0.7205199725737734,3.2242890808292235,0.9681195818338126,-1.0035631724930563,-0.6028859308011814,2.5624661443204753,-1.030158892840293,1.1722171705513713,-2.0226872972661747,-0.9901392570058765,-0.1783679429711385,2.389193292792336,1.3345086690088543,1.5460122908797824,0.5346321792148758,1.1993661364534618,-2.2924665411787633,-1.098356248140409,-1.7419778613608587,-0.4469267560491327,0.7849221934578816,1.1305875189612944,1.984335754059967,0.05736828710387351,-0.8439301206077475,0.25295695203152735,-1.3024759738436533,0.2376670374442938,-2.200735631889765,1.4485124791047113,3.1866163663748623,-2.181574383709312,2.447150288124639,-2.5071449869731053,1.0612028437000471,0.7772859832224205,1.723718779092375,-2.2546934792328823,-2.2415438930767397,2.2031563734065056,0.2869674587651775,0.2023636364067136,-3.08851476147782,2.8382068537671414,0.037214632246376014,-1.8880473564237172,-2.3288491614284745,-0.5233144424847872,-1.3128705951166533,-1.0818332295386903,-2.1101403128557528,1.3547714862980893,3.011270950653488,-0.0982135257890989,-1.5747574129930149,-1.9015229920116976,0.5027301864552345,-1.39015529982784,-0.5474457163690585,109.577
20166,-0.1474684691032503,0.7338452147782213,0.4527313473744685,0.7087102415083804,1.3977150051335496,-2.9970564182755424,3.544073294896724,-1.1953471260247344,1.0450896702545913,0.7465609251941108,1.4126812106782471,0.53932958544136,2.259508595509178,-2.0547126258237776,2.353047144712415,1.5973801998339927,-3.9966927198967523,-1.7069811005404796,4.2053405177051815,-0.48674215268550747,-0.8646677344894393,-2.1664725321559555,3.2622850992949854,-0.2910480331763828,-1.1490951765573985,-1.302650409978884,-1.7603261585005545,0.4759738616196639,-1.0242883129986509,1.2053368140347493,1.6567638566866538,3.4123983445357418,-1.4102095307810503,5.740844736978126,-0.20473104872864628,-0.45850032545997293,1.6146954211591293,-0.9027412452022161,0.7786400463080808,-2.017657782624273,0.9140194604162053,3.662623417451012,0.5777167102091475,-3.1982771140326465,1.2606050482858917,-3.660307331581735,-1.593123407813099,-0.3109490020444254,-1.895188909231384,-3.6591154699623094,-0.8992384271498325,2.0295941842126513,2.7350354704020896,4.389176769411222,-1.177473328114332,-0.6845125570739826,-3.176254874654083,3.336193594501493,0.9148820491431817,2.3223289523260524,115.381
20167,-1.9510276014749166,-2.0636087044598472,-0.09409095192029884,-1.2326633905669364,0.5725375510474808,-0.4245732369201694,-0.23770261489634084,1.7832958730389583,-1.2141823423496174,-0.5859665513222697,0.8062772678918869,-2.9116048240069965,-1.858180165070078,-2.0799269858002836,-1.0939392690398326,0.3477167506389246,1.4212852705036907,2.391307169790018,-1.585272680351068,0.9697955327416572,-3.6634696151360524,-1.6238755746211961,-3.2756519855499535,-2.3754955567904203,1.9538736436864146,3.747563561009057,1.4253197896870824,1.5156218411755609,-1.6713735306703967,-1.6073202617818922,3.864881758704603,2.1345500152605923,0.0012115524512259501,0.23096215375104906,0.9650217473725857,2.0198625100612366,0.07583894595459983,-0.6542342758749009,3.3847061623605996,2.1103925475115766,2.259081942821452,-0.2983733276448036,1.5226256481392648,-1.5565813707182405,0.02124844061633652,-1.6707210310198422,-2.9872406179820756,2.041307523273069,-2.178170093841693,3.7935849912197885,-0.3210533658273371,0.6589436821534979,0.31447519802340285,0.1979588605112615,-1.0596851697740404,-0.1741974608177389,-2.4116126165058263,0.6549026725057889,-3.0943832746561726,-1.1620593812830853,18.222
20168,0.187113414785867,-1.1783559834117543,1.2408720532060888,-1.2395330430135103,-2.8278298158197672,4.400667341380365,-3.1930994413339824,-0.6310092803070971,-0.6151180275706272,-1.265726423890297,-3.207881068012873,2.3452029139528854,-1.8171612401027766,3.318992184176805,-1.9198847877005885,-2.321585486580568,5.369740303434609,3.0946351540413555,-3.7444867331099183,0.1321480524760262,1.164983843624921,4.39579950592959,-4.107416113704211,0.8731774995969892,2.046515727159661,-0.41052113315854166,2.04296928413743,-0.7516664517426885,3.272742607117253,-2.3461465103405272,-3.168724914401807,-5.271409556260969,1.5624098181390795,-9.437234565430611,0.4929187490794845,-0.7422028884281656,-2.213889463053389,2.2366122313120527,-0.7568910890509468,0.7460130818636369,-1.896067766943882,-5.7659755086122635,-0.5839679839044151,4.847975091093358,-0.708044176756536,7.043994070159166,1.8587366573828188,0.8937147660893364,2.0096156222564323,3.395670823137268,0.1140317004890932,-5.337065028953268,-3.2075011030006335,-7.908743086551853,0.8529537134566454,1.023200190724908,3.642005249385358,-5.86869567027885,0.19302454471514804,-6.5922442843488,33.017
20169,1.9816887696849967,2.741395041688349,-0.7177156695024913,0.6855915543358616,1.838331725500155,-2.506517920566327,1.0107693723180615,0.022595998283473695,-0.5848522986998381,-0.30916597945295554,1.650179508345798,-7.2503896189935135,0.851361007277347,-3.4011146799678715,-2.8087473560733995,1.2937734918577295,-2.7695258312370883,0.07280599865616083,0.8955152379052991,1.1459034560664556,1.0291603107410432,-4.095413974286409,1.997416273855861,3.2454774431593294,-1.1363647704059958,1.7579902094013355,-1.7936485577400645,2.074200724444727,-3.249975034030708,-3.023337767474376,2.673976911822975,2.1295945088706674,-1.4569060087186325,4.416347510319039,0.4650400601140167,1.4958339352761405,-0.7497394908854471,-2.8789629504684098,1.9539225907433548,2.713055824935772,0.5361971163393486,1.5924885912065192,4.4355763635939205,-3.7968204894461293,1.1458112480339686,-6.749687378773197,-1.532844746796361,2.6511391341484334,-1.3122907879554992,1.041147221994943,0.03740144286665491,1.2585704001796731,0.4833675691201987,3.476214770068973,-0.2547844463261588,1.5729766298597085,-2.7353966473425744,3.34557299079632,-3.0139240206940365,4.982446278271491,107.254
20170,0.13081120985585995,-2.0303900735832783,0.6183529128244497,-2.3929758760796447,2.6620367875913247,-1.736352845110899,2.581485905218094,-1.8344941745997712,1.4153744053108794,4.038455779705208,0.44703779009495564,1.1520293681896174,-1.485660585163617,-2.3812301503067386,0.8656437036709193,0.28478163110432286,-0.9187439113766286,3.020300934697495,4.912472637446089,1.213641933731354,-1.4212144788928007,-2.337411140407136,0.5860925204392158,-2.0139472968158554,-0.7793687873985817,-0.26677643958997826,-0.5008067658418052,0.5904493280056278,-0.32379543014905177,-0.40485534336156936,-0.6969552515527399,-0.6616742242037558,0.641850715224745,-0.8371594503936521,2.3502974585360232,-2.4808982236684614,1.4197080023680126,-0.35290815274823306,2.0066574863112083,1.249203098852109,-2.955185022150229,1.8628452199754544,1.217119172023691,-0.1835856627971905,-0.1653675854575852,0.4647461477689593,-2.715614335115723,2.2396698678393205,-2.643827798957667,-1.0046841375255524,0.7588143411556915,1.9178910189955118,3.0500672301270884,-2.3989201277155434,-1.3674688208812502,0.7399552794081585,-3.1490798515702174,-0.9909384339511758,1.1792724271377284,-3.571196584235418,65.812
20171,-0.8778750077384757,-1.350734640282556,1.9949272510384943,-0.948817733467458,-0.10743542712354573,-0.16727759353237073,1.4659342022201745,-0.8098124485006589,-0.44362592398593415,-0.7258810990324447,-0.8717005573023285,-0.5021200368871193,-0.09196370095910013,-0.6058240735546289,-1.1595685732089838,-0.26141570169192124,-1.3215623112842674,3.6509137439280916,0.03524574228104259,0.7955491538393827,-2.2315300115555896,-1.0124349281111062,-1.3130981835509816,-0.5413406543851366,3.864166575683953,0.09716896034475433,1.5904881288881931,1.4874127405707525,1.6197326879866578,-1.8951878546114511,1.4924255287742079,0.3081118324181753,-0.06767426909353288,-0.8284446173539516,0.1818159542067599,-0.3555711737217905,-0.6982215219619196,0.6943444687286491,3.303524355783984,-0.8912068964457504,0.48374143873971165,-0.8981239885801262,3.4219262204976935,-0.4511541277109426,1.0585195952492112,-0.26013288709543747,-3.0889113093472678,4.145199409930437,-2.0551369425101274,0.3725074494402395,-1.241501203740235,-2.762373598095314,0.26858679362658855,-2.4564265070681603,-1.9349137194708212,0.5294337040988961,-2.811554580853543,-0.4962403715416994,-0.6809328819017998,-4.921761722763351,62.553
20172,5.610108408692081,1.4101284798467346,0.5558082693217535,-1.75856272225653,1.2160553867841584,1.5489785492341084,-0.019497683363599194,-4.369411704796157,4.04832819162654,4.905077560630241,-2.1286398593391715,2.0261774522188976,-0.7995178618417809,0.8699215273087147,-0.7427769332726999,-1.2589370360627457,3.08316800458038,1.8704902194115776,4.170277274378648,1.2696457812290571,6.462947328839446,1.1101010147729986,2.7613052763357384,3.7961509046503443,-5.834027171293999,-3.011975894460689,-3.1152893866108435,-2.44473882555755,0.33538125495084103,-2.8495259058327598,-7.981898360256343,-6.622541737096401,1.2801417288987014,-7.315132971835841,2.4379581431078052,-3.201920482265431,-0.2479342602276149,1.2441276407029687,-4.446171398285988,3.561918035175274,-8.473782327735604,-1.4446116337968082,-0.5633020668113851,2.8517041653503554,-0.3327875080495779,6.323032061151125,3.3832741756960627,-1.1096933738975323,1.5332555700175738,-0.6948700591555986,2.401111452351042,0.4042369919195833,1.5479071624406087,-5.576832115013862,2.827688869489967,1.969251894338071,2.3117409830180495,-4.93079021517342,1.7970613359323966,-1.3799238687787967,99.242
20173,-0.3788168914525176,1.0608824357979572,-2.925526433346545,-0.07237320949658893,1.029954413354262,-1.1436700242992515,-1.2199245704970243,1.5867445902582469,-1.3929721001236124,0.412441295243281,2.154617403290981,-2.8586514556532663,-0.4231257947418686,-2.5864521477430453,-2.0640819056982913,0.2456066045367868,-3.111213291348262,0.8476271140814622,0.4219414965268927,1.1858826968595488,0.07538493215734005,-2.4017886844910286,0.2014638654654271,-0.3714778546219478,0.04766818960302688,1.84331808841962,-1.0177955430149699,2.3312507327376086,-1.217337193710632,1.7016848203772683,1.626110595128283,0.08190702071539485,0.7168571953831184,2.3930442312242244,1.825984068713764,0.2554238583202747,-0.9086337830361938,-2.748207679817977,3.0810840563991535,1.1718598428906766,0.10518382733099355,1.2904655303590318,1.172478750533572,0.05445176841690019,-1.5729071238457217,-4.353485282839198,0.6149629051173471,2.7488851667211276,0.2600581080124167,0.6473843824043969,0.38100782476455886,2.543914247968322,-0.7366151171623334,0.9916028325615013,-0.81768833159391,1.3319734001741945,-0.0660369436812962,2.6472048549051563,-0.22320527244051286,3.695050794574225,63.187
20174,-0.9645143644378348,-1.171259907637748,0.8872368872779793,0.36426122525547944,-0.2211471801865454,-0.23233056565030297,1.7772653299968184,-0.74781562527908,0.6300137487339321,0.9633160802191335,0.03714457077013208,5.438852168263638,1.3944563688452234,1.7362448816137541,3.9224130234175556,0.7083326199476725,-1.8175887229851708,-2.5347259309964323,3.0965323293366125,-1.3675207973524244,-1.4643124162210008,1.839598269843411,2.1615868263086035,-2.3305748557604495,-0.2973883271172883,-3.014873480682579,-0.253110007198147,-1.2925985375184652,1.8364800858792745,4.523117676249169,-1.2204819770217206,0.760771645634235,0.09540483035702856,1.5835449801318298,-1.1817814094513157,-2.1438690541311827,1.7986629067435769,1.3430719564330527,-1.4642661189237058,-4.128850657437301,0.0830676652532229,2.0676713009555696,-2.752447638359474,0.7913208676134846,-0.06404681028621603,1.9354311373362814,0.3791976987508835,-2.045327850388001,-0.012698617237311291,-4.620496821716115,-0.6832205525263915,0.7680269108672745,1.4293860566389134,1.283781370839838,-0.6294564100555802,-1.1273132637091674,-0.10897840166100856,0.25784602451596716,3.8681393039365712,-1.0449392908048527,84.613
20175,1.3096192633164856,0.9187745484402752,2.5718893884117957,-0.0016125131749787636,1.765841553947821,-2.6938257917618724,4.4354740207689085,-2.121873084596561,1.6389281291886952,0.07662161145590489,0.373725292481778,-3.164718296899804,1.9662426522722882,-2.543918084438683,0.7498548494847288,1.0741128969773093,-2.269233022921335,0.2572569059626931,2.4650325799767,-0.11782032719116274,-0.6841629895555948,-2.784682892452173,2.7038598530232885,1.4013884428246777,-0.13874426899037362,-0.11386031021333454,-0.7795943956628522,0.9805901694900343,-1.3472590800163529,-3.1177640730069065,2.4338632935191256,3.7121023434339584,-1.6742831065000354,4.5404252217850045,-0.644718080970102,0.11925727796724114,0.6189740426153162,-0.10668783763298256,0.7444684770716918,-0.4372794279360276,0.5404669782837107,2.0545041573438785,3.426515019127133,-5.0390012191156,2.994998003481724,-3.657944656857536,-3.91378364615439,1.7154904318085546,-2.834973357326672,-1.2979177541898463,-1.0854543046077967,-0.19574631986456376,3.2447119042847925,3.0295467938656535,-1.2556778441363186,-0.13624505671985293,-5.284361312951453,2.1399518045469863,-1.6929141739444526,-0.04584485585311883,116.65
20176,-0.24905369632411462,0.44812839186600434,0.06300236486214962,0.7017955624008276,0.1577566382615122,-0.9299058473075945,1.2829079085527417,-0.3306255668269493,-0.4892554775267017,0.20089384636427207,0.4329183016350588,1.3037007785519021,1.601178812607502,0.03144237219819289,0.6098802751926697,0.14654634185465346,-3.2414311971904106,-1.2794103310399074,1.2059204214516528,-0.2922592079849183,0.33667612057740365,-0.1310291156114417,1.9658265295008364,0.020038209135599644,0.970183014906628,-1.8760969649992778,-0.5819091133398183,0.5990264732384831,0.5102480824237263,1.6034497518358124,0.2966602521558253,0.6809745678729693,-0.519247991259679,2.383412764965574,-0.47379697406462395,-0.756178043343004,0.23343130932652262,-0.2009893855282673,0.6968901009179114,-2.404256965091748,0.30723001697541796,0.9044378903483161,0.5234156533237891,-0.47830926132836266,0.4057870922054134,-1.2853098731378432,-0.062179398402688435,0.6150245131908878,-0.10336562629106359,-2.737024866075723,-0.9233291808172011,-0.10471863921342876,0.28850308820682985,1.4092513459759066,-0.8245889078571281,0.02447167240393744,-0.5433446098786747,1.5140468013865034,1.9136418515526334,0.7104950294940746,108.749
20177,-1.888836226090247,0.5463621450275332,-2.4164653267056773,1.0125138330096244,0.7247508648128266,-2.100970647331351,0.14200073025159096,1.5256313718665897,-3.7111697236998533,-0.633933084923729,2.1981942792746603,-1.0567253575634377,0.867015760821545,-2.5481233398178076,-1.7451500081324158,0.21989203907939886,-8.924428177269679,2.0819095461337724,1.6352802269144693,1.8553237666009126,-2.3653894605441312,-3.012712925575756,0.750224852229245,-1.0814134568894398,5.129505112867634,0.3051325459496305,0.1606388440643283,4.546535303407906,0.5725293581612889,3.0916826531867287,3.622657184434094,0.9008339453877222,0.8595122076148292,4.694864395487571,1.2430129253570459,-1.02556163589038,-1.6196473558025257,-2.7650527689031463,6.216128258143015,-3.226564108306443,1.316123589164276,1.4440050924414103,4.41383566286667,-0.46990236115888556,-1.246460059110212,-6.067721403973131,-1.1388621699465906,6.5997369929279,-0.8436305085098568,-1.3821158860505065,-1.89332582429606,0.6472537051365753,-1.3411021444655766,1.227138078451499,-2.8305449642488782,2.4327131211847246,-2.0052975637943455,4.6051454163048975,1.8656500353706873,1.8755447870259567,90.767
20178,0.3412918254101074,1.1971607069985346,0.4943676920724984,0.6719435731620605,0.668742567355525,-2.11526081676297,1.9082070390081165,-0.16838716962129663,-0.8887234328420429,-0.38409680903741555,0.8241854506338047,-1.2449660539623955,1.5965837527912918,-1.7959564322432655,-0.08466935749430549,0.39683584159128854,-5.198774745384775,-0.06142219135578125,1.391000023081932,0.4221485931713701,-0.49629245604231925,-1.8020338123522996,1.8139908701558436,0.8891882901458161,1.7845106841211673,-0.7204334640933385,-0.49550414966583267,1.9076148110223727,0.6485610097876067,0.3354117173397223,1.9180486544219129,1.6874770455891364,-0.8047746036715248,3.833908851310063,-0.3045264323978061,-0.19712940565737336,-0.10773612593709742,-1.0810083126099037,2.3671760381752796,-2.691090322795586,0.5483640116078539,1.3076823791342496,3.1642914390127106,-2.4159385463140923,1.2595960675445184,-3.8355483069242697,-1.7700276266320192,2.9619279862991212,-1.125850255604939,-2.139351749121535,-1.6326170253584595,-0.28182581482084634,0.7753419140129968,1.7631594630195078,-1.7005019366057228,1.0547583746080436,-2.6949066027365696,2.806122948674825,0.4671396440919788,0.7925594964262618,121.097
20179,-1.20879412856036,-1.8167189500878016,-3.832391248782582,-1.36713090618893,0.36561337321558296,1.4226397167425298,-3.375440582098418,1.0237380801641638,-2.843333487711885,2.6876400317977853,0.5037161416842785,2.955860549956248,-2.9731733057551737,-0.8597434850061517,-2.923532290747822,-1.470625349511258,-3.942431678860841,4.944368175402677,1.7737692039132247,2.298107903881956,-0.4952049115473416,-0.3998798886228596,-1.7308445585137195,-2.646885130516059,3.452982293210139,-0.6850883711301528,0.44113894917918095,2.8829725817474605,1.8723644593792776,3.6538557070165893,-2.205119899116413,-5.917635051010436,3.303820006638151,-4.94653845919411,3.8124768311251453,-2.847264877428904,-2.002023765123817,-1.4400352832846477,4.934075710082586,-0.0049854144714052695,-3.543180112497601,-1.6994489581067613,1.6246035338005695,6.00453850364051,-4.4543170424125655,0.839739693088235,2.397561720979781,6.090442841355939,0.4638635440828426,0.2757826838013602,0.10015113793288971,0.6200070538073656,-2.350740341868623,-6.390169125930442,-1.0640913860764334,3.5948576066688784,2.734893267919245,-0.764493246850096,3.670251237301624,-2.022200596040307,24.608
20180,-0.7386694964932531,0.7550055023827185,-1.5790572105800464,0.49354648555064606,-0.24498434209117498,-0.20577025007118505,-1.439684144481381,1.1697997901046664,-2.4611404525585,-1.0144716907657905,0.7346760155655203,-0.43801534860072044,0.6398982108920835,-0.7026656358420453,-2.2120326010026443,-0.5392158495310972,-4.452181184738557,1.5572985303071245,-0.38049312122166323,1.2377888422801273,-0.6096841799505541,-0.841158589369129,-0.48725779453868645,-0.15584776252464827,2.978911723028566,0.23392067010602272,-0.004472664832831416,2.2608770260278246,0.6594654634944701,1.470015863503507,0.9180198456895832,-0.8996870602912092,0.7135060537293285,1.139892732055691,0.8074649055525414,-0.30616215026970944,-1.754244112767934,-1.7740727744711406,3.1807414649817316,-1.691217790827947,0.10642137494410822,-0.4877614860025924,2.3384989643765692,1.1523007955297366,-1.1762935877220961,-2.8662324949221984,0.6700899718650419,3.640518981753236,0.18339154612478226,-0.6974690424899302,-0.8403563448969755,-0.8331023909010232,-2.0375747813887455,-0.8984046441117447,-1.1456025040234818,1.7352391032812733,0.5999535840312755,1.7047362152017664,1.334378109382583,0.8182077493662223,82.297
20181,3.184238552044959,2.977965196205019,0.7917525321601426,0.7416884624673536,1.5143639133947684,-2.142234140020725,2.356723781162299,-2.4313729235684023,-0.014705783218787764,0.9514385002113277,0.08176328781866575,-4.223004692805095,2.175855190615422,-2.908375639930553,-1.952621844756419,0.344174832724013,-5.729189218002089,1.6988608279621114,2.5588976683515328,1.292841182761882,2.599640597768322,-3.3841034773289937,3.8660998067092147,4.389777820975822,0.5113011868077302,-1.0651390544268255,-2.9491735830890207,2.4846444376605508,-0.33876414870446525,-2.9553262063287113,-0.189004095132221,-0.2519008727087472,-0.8057618524997588,2.83719301220899,0.679146691450831,-0.5858614228725922,-1.546249725103686,-1.4652545393956946,2.211805188458539,-0.38591103335541044,-2.2163361996776954,0.4541091212547224,5.949675431931522,-2.603452604799932,1.2141413260068403,-4.7335943207378826,-0.7459493085480551,4.509411352151377,-0.5291389737025667,-1.560522710125144,-0.9712070301784363,-0.9706676418648565,1.4298503773579325,0.9913682768422027,-0.790743081206605,3.01588462584738,-2.6524293271625297,2.290984982136846,-0.1834939325061415,1.8522854845777812,144.831
20182,-1.1322099626748228,-1.4369738670820797,0.7559492431276756,-1.1449803608917024,-0.1970478211402735,0.07588550841287375,-0.49789263557335384,0.5147380671119341,-1.4462533293508837,-1.6362820689713267,-0.10965387964540854,-4.157209453775711,-1.5835778072310975,-2.1347060535029456,-3.1293923369638477,-0.6053798627335665,-0.1128078562413233,4.399046373669247,-2.215702157565818,1.3834308225835419,-2.03425643174323,-1.7590562683029798,-3.4340505210266374,-0.47513384498852396,3.6219827477842186,2.9882915553310063,2.0264447452074092,2.84855209027988,0.39686357121102644,-3.150708221019361,3.299311232563194,-0.018290778550506682,0.4623242055989851,-1.649561786359571,1.1626235058226295,0.9771627597809485,-1.6928711618302836,-0.7151049213576124,4.481189032484982,1.8870677329304895,0.8347913216454805,-2.153533337855663,4.29362934884488,-0.6160589099898623,0.33196735623090157,-1.9782152635942978,-2.954308155599216,5.627765885413543,-1.5622957570658014,3.866935633280194,-1.1740112495176034,-2.689529338527028,-1.3060816212530812,-2.690795317432539,-1.7359904356366174,1.7066407425899701,-2.21896407421454,-0.20543447550904903,-2.7387719011582443,-2.9988213189730137,44.304
20183,-1.625305916577912,0.2328747622263944,-0.24164057281722767,1.3778286976807428,-3.3970914725929857,3.388921428121143,-3.0883121940156744,1.648188238340762,-2.2639144899848302,-4.139408397285042,-1.7778912867737198,1.8702830180442693,1.0661273595431338,3.8820711629198685,-0.7835349603175756,-1.223545922899957,1.1587088746919965,-1.28686821927772,-5.095665666939863,-0.7429168151880541,-0.19347676739354921,3.7517158919475238,-2.9485630844728807,-0.11796171275528466,3.611214710492784,-0.6470176924070481,1.9493330842775927,-0.36155685953108296,2.913162515918631,1.4427898328626205,0.10577257261706113,-1.3492122946726817,0.3147482889713273,-1.6117724653971732,-1.7170018836655492,0.8996821449410645,-1.7295960258441692,1.4904492426231912,-0.28187240961513915,-3.178883252673212,2.4541009517802452,-3.2726420368400384,-1.0674719389237168,2.589592242526561,-0.80969635957419,2.3905643955950153,1.9755837680007593,-0.6221175071546942,2.419745537580116,0.5805276892630153,-1.4386233312475645,-4.052220696036578,-4.066537005024784,-1.2224152368498742,0.13365891819501607,-0.17977807720147568,3.4329992032047665,-1.2276728315301462,0.9543155318410181,-1.4242582471080099,53.777
20184,-2.0873933049443867,0.425521230418663,-3.0903711207080367,1.3965475661702322,-2.7152087403205662,2.842185246977404,-5.663793698839984,3.6498031868269183,-4.08670720080835,-4.236742810944927,0.3913655481001844,-1.1653385021334763,-0.43726193858560497,1.8052525215044926,-3.1630188305440625,-1.2637174055260334,-0.006678703094303,0.4136090017321229,-5.830571535362831,0.24766909959545208,-0.3328434453689838,1.6383731689595558,-4.0622860459079835,-0.2183984620059778,3.770998576437328,1.645836512605171,1.9161655941423654,1.3870481288250567,1.2275109436175207,1.511730719542005,1.137852208600174,-1.789181978299757,1.2767991224707824,-1.93803952406095,-0.426391219211996,1.4180790125235887,-2.9250233453678494,-0.781958950844078,1.9205294339186312,-0.33712610211094135,3.0066571054209943,-3.4515756301801703,-0.20939483623385952,3.606767554957072,-2.9530248107781913,-0.8084025926737786,3.0298298862609316,1.4911539666074456,2.672512664442112,2.882583411628586,-0.8782677902421273,-2.2619703392758717,-5.585395144461976,-1.5335823927280519,0.15185927390231166,1.0286304883267134,5.014500758052607,0.25360857212263904,-0.12917833470778112,1.639225181235042,33.309
20185,-2.3148606324908334,-0.6611159742445739,-1.3277062906839396,0.39733443901643917,-2.584979798470738,2.2904781442640476,-2.9235059778023644,2.056251168839199,-3.984487653041374,-3.0930633707284123,-0.6138630480576799,1.2939502158559901,-0.14984368328101716,1.5479925058942599,-2.106400685849125,-1.4163493368969418,-2.7498817150046135,1.8492017635919167,-3.754369403272868,0.8550492755374989,-2.1735809683796097,1.3179281848904323,-3.3509442289443987,-0.9742730839907613,5.876636790224824,-0.3346061394182772,2.320270947598148,2.502217978829295,3.1941911609006257,1.530922722931684,1.3345452587480482,-2.202801900141733,1.4574098894496532,-2.4497435535434184,-0.058279404630279516,0.2121630648883489,-2.5239564123629408,-0.3140081870592655,3.577662371979841,-2.7991412396020663,1.8644848302556223,-3.312461093245347,1.658049931541424,3.6404922994271844,-1.7070257891909986,0.3644424528533331,0.9601737929053448,4.299794498802764,1.374393343725879,0.7535749250110207,-1.76140702521375,-3.708473443724678,-4.362219976847746,-3.5567352675443833,-1.077067179164779,1.6340540735148756,2.53486984798037,-0.3744181312373429,1.382728466121665,-2.7899343330902693,47.161
20186,-0.159030451556208,1.5176963954250282,-5.498927178201112,0.23780184544372168,-0.6938953416301048,1.6918578693147073,-5.646202234312294,2.8717814570520854,-3.35321489836194,-0.2932097414368205,1.2403066093034532,-1.8120273730808667,-1.5597466559316189,-0.47031152890697664,-3.9041376349465398,-0.6980824224125899,-1.596880812487804,0.5441126881877157,-1.9003535295051313,1.4904635029712956,1.9945301886936497,0.010030496373775032,-1.8662699303440966,-0.3350508548361233,0.7162780116095026,1.7751308316737524,-0.48560903779615894,2.180430618787055,-0.6518338207034032,2.5122150736200917,-1.0053029393959614,-4.091776704419296,2.1194791334471246,-2.0603258168405487,1.951958886902529,0.3874022966639137,-2.797089007549003,-3.0517030564397323,1.983893302395744,2.259173195072986,-0.5529112477073616,-1.5609009147920523,-0.8096775957978372,4.248646841549914,-4.052941044025704,-2.0987124296767643,4.501609287242331,1.940607164217677,3.0002533339566764,2.418807024909705,1.5222075399169548,1.5914652252920298,-4.217200291569175,-1.930612861653108,1.1035053192592639,2.2191848513218537,5.280566199729753,0.8643329138339655,0.7740129123376798,4.783546244042436,32.976
20187,-0.39502089156064213,-2.6530111359728026,1.4563227795970684,-1.5048483087151596,0.06508349939045849,2.0110780337363545,-0.8986095118485767,-0.3595747471800166,2.3599748038392763,1.260885769954915,-1.550807244983142,2.344928014235601,-3.03831083002118,1.562162345566206,1.165546659455459,-0.7103313621230615,7.429470568609985,0.27065758951370067,-1.1532423101003342,-0.5834934240100228,-0.6525665209656508,2.0333445678959396,-2.699436281889795,-1.66735711564592,-2.5220738846174218,0.7881994608931331,1.4016371590629064,-3.01729193571515,0.032512465137806756,-1.1906130831217139,-2.099303269157335,-1.427246319096347,0.49743133393787825,-5.560655513537949,0.3542744148410175,0.1608905899881028,1.3534488686154214,1.9310466586581423,-2.660160367052303,2.834719074234238,-1.155511558441119,-1.3246210008454644,-3.7923235857174986,2.0814850332774655,0.10419535577489503,5.984384754432177,0.22673980876356353,-3.5933937274054233,0.36457518195543626,2.550862363544544,2.308315795191443,-0.3504079639462118,0.8738698874007864,-3.116492240724514,1.2383778148272953,-1.2071579470605254,1.2396202627562334,-4.479752134932869,-1.1813553579746732,-3.893951411549503,11.166
20188,-2.6193813535897434,-2.882575399250783,-0.5124875993710982,-1.345407909717112,-0.6427206944969659,1.264349060164598,-1.3241759556386328,1.6634757056022975,-0.6846684538452649,1.0565050532036386,-0.08172775631421028,4.131550329908837,-2.4905538513056382,1.0535251635997929,0.7848920288095497,-0.2949560762064044,1.007268304378099,0.9568042728647062,0.30530698225371855,0.1504917244013002,-2.7713303109896965,1.028695239760031,-2.75670134489774,-3.881468849344537,1.549485217624722,0.03588162302920209,1.948123836516861,0.3233534115906641,0.9941878289906728,3.1604274769374494,-0.44212825500862113,-1.1930917983085154,1.652250858330351,-3.0712901979707548,1.4357711504352022,-0.8219523205935,0.6583151070557604,0.36301763285447824,1.1262826954233285,-0.6112089412397388,-0.08544048535502004,-0.3685389585614471,-2.560577870826712,3.267531538856969,-2.09111648038995,2.7921731572920243,0.04788885551620281,-0.03127037268689378,0.05655413563140513,0.5266218068388558,0.5127154496165065,0.9975618975121852,-0.6870588949221204,-2.508308497668438,-0.6756614888576147,-0.7265685168018615,1.229553561960041,-1.4031135780281314,1.725541926326656,-3.093122111479725,13.71
20189,-2.6465412095301812,-2.684325452176169,4.364299648623327,-0.3688567127209511,-1.6771133492257602,0.18628846901412388,3.0291027335565053,-0.6581584208596789,-1.0408796321898508,-2.9962115676971237,-1.3791105131283985,1.117929163198527,0.6992956842887268,1.1934407481149452,0.7546966999112407,-0.09214196693967984,0.35696669102773004,1.8911907835801887,-2.4907994497558326,-0.29120108794579264,-4.977961741153062,0.934004471852186,-3.0029883072294767,-1.4778942153766366,6.053493704177448,0.05025225171540282,3.133442010199837,0.581853638630947,3.0769267470970334,-2.0632006479097993,3.443732018234979,2.338383282715183,-0.1775343645107334,-0.11377025003247032,-1.7943893118210006,1.038206771488643,-0.07621708984770681,2.6545526044995884,1.985981171459054,-3.326320220201832,3.1724399750912236,-1.8616350932012642,2.8435736348492844,-1.3349616490937815,1.864814848759815,1.6654943033448326,-4.472530722640192,2.5767954428573367,-1.7663649691907206,0.6105345389901597,-2.946602184808818,-5.3689822750092375,-0.6588288059255597,-1.6205748890476988,-2.2543337473765654,-1.2377435334549203,-3.81812280920117,-0.9820109823994029,-1.151678566886493,-7.588030979732035,61.637
20190,-3.012344460880137,-0.18615217205168982,-2.184054220273358,1.2512655762099678,-0.7595724533899032,0.05997839847919556,-1.9420562801298586,3.257153042653312,-0.9394586380494077,-1.8707692915866867,1.8915135046835077,1.434478734724235,0.168028700192471,1.183917614333449,2.519334818920716,0.9797618117526227,0.7227128419982577,-4.651836229729891,-2.364942876613782,-1.9940948854946068,-2.1755711057876144,1.512060737959245,-0.7350071799517945,-2.659277283693666,-0.5481297473330604,0.8874558984891631,0.25039604363863643,-1.1069756745466306,-1.4552183598121644,4.375903575985182,2.029652635884144,2.578510990806565,-1.0343379377885966,3.754446028305369,-2.020152414047419,1.6469388350161356,1.543927587658409,-0.20232682681329983,-1.4706448975321356,-1.2752514228984713,4.3236212763765955,1.4112644690479466,-4.555805983059925,0.2839324518825903,-0.9661343063303277,-1.537262856588362,1.4380657405257384,-4.485459047443099,1.2898420569487334,-0.08904631499397606,0.15408778086807237,2.914431349376388,-1.2086072915320025,5.0157941742534815,0.3924176224048619,-2.0976348038698296,2.4553250531286133,2.1406456472542725,0.14429612186144983,4.586989598353062,39.868
20191,0.42486668933051297,-2.0152011255631623,1.802907586067136,-1.648396029480855,0.4777915677353568,0.6990069246825656,1.3018205237051534,-1.889857152623402,2.2234335015443185,2.7596129089070143,-1.5378213136192878,4.503076847419543,-1.2141828860448858,1.14553862183778,1.9115892873089195,-0.33390025341976143,2.4169895571579354,1.1492372029680553,2.339940286010616,-0.01609747733604916,0.2683215029104994,1.5958749536628947,0.47035577877634804,-0.8259440393293611,-1.4853044511021678,-2.2882975195275805,0.3315621040257556,-1.9419729886266386,1.1425662764988513,0.46589976260641647,-3.463723029844775,-2.06220947905022,0.5233520927638297,-4.007527687116675,0.9106964218936799,-1.862395828609892,1.3629680189908453,1.863268009149138,-1.6176184987299558,-0.1635829324596442,-3.1176260923591843,-0.2514828718160079,-1.700567685787073,1.5487087110092412,-0.07002411679126,5.247427328615584,-0.13131388000131644,-1.3639315831052006,-0.37080097362191533,-1.1813153588325211,0.8612152106299142,-0.2585563871850814,1.699144387348728,-3.169059833206889,0.2796459746890298,-0.3809824838788945,-0.15022004997577093,-3.5139582481826106,2.157252986397732,-4.6473743009086945,63.646
20192,-0.06773697764424991,-1.3748717625310949,1.5388506149350156,-0.608980001684003,-0.4389869287670787,1.5094668833063065,0.3296010470627843,-1.2599569218487712,1.6470898497248352,1.621697140881687,-1.2597662410928405,5.260816266818564,-0.3176753778821375,2.638879198697245,2.3801061639654852,-0.5462380899945865,1.9507465258069574,-0.718705939034975,1.5188903410663002,-0.7744365348733231,0.069825144649077,2.416163453463077,0.4442532093244266,-0.878652398609857,-0.7316296709049875,-2.417751730133882,0.40410161633554514,-2.096238779830584,1.8621118325395556,1.7028381683739553,-2.876155074193447,-1.458950553417359,0.9340903003914799,-2.832214384670662,-0.6382255317095512,-1.4535177439479565,1.1335658539899807,2.240428357801801,-2.4593634678205594,-2.0074499512041095,-1.598077067706038,-0.5279709491396942,-2.945554056301513,2.0642603426533466,-0.158450779836182,5.045702436510735,0.9203351362842416,-2.7874728665188595,0.38510153528749447,-1.9998351555372686,0.30822921199802755,-0.6971453651481523,0.842767112484899,-1.7420987498088776,0.39679673462882614,-1.1292534049731617,1.2646376335238156,-2.4704135277217354,2.134421665875579,-3.2581270206322106,68.925
20193,-1.8931106129824153,-1.4264662625400875,-1.4476203463671855,0.4411730308673707,-2.033094630305236,2.9282972396553304,-3.591274474086898,2.3795510020844945,-0.14441924634792108,-0.79281576580337,-0.6811378699155779,4.5762213884282055,-1.748039324130668,3.3282333129361357,1.276457074196519,-0.740513379862373,5.22708084785197,-2.462502069991847,-3.0442309072337084,-1.3488020130063736,-0.2719394217489398,4.190745535405016,-2.5740000690184477,-2.6157572026568983,-1.1030988450155739,-0.31039112401397406,1.2469870521257493,-2.6346578485834975,0.8143644313986147,2.8982536117351247,-2.1525697511609954,-1.851262587143438,1.2611394729205911,-3.516478454516279,-0.9988961065435634,0.60806129054523,0.5897071352969888,1.2664138284999285,-3.1784848800079284,-0.21742582251692183,0.8545083863814257,-1.4574812041339733,-6.267558513833509,4.100703032929975,-2.544336737106433,5.0853971992138725,3.8403004858412917,-5.036131293549936,2.390024163163095,0.9482711953442919,1.398985134404006,0.633373306901441,-2.1180012293340287,-1.3893514191208327,1.4574316125668,-1.8017049200527873,5.022115389147669,-2.6316321152565165,1.472632155063029,-0.5258595052406152,18.4
20194,-1.640542928867381,-0.789277743685517,-1.9732072611938702,-0.6236266763302246,-0.3926800777919265,1.3182201848687574,-3.5241220822251744,2.5238099524836177,-1.1810735511482182,-1.407766278086673,0.712280204509739,-3.073312125912026,-2.532298340413799,-0.234615186373547,-2.047339928969343,-0.2872754535972558,3.8558394042610233,0.8411938815498597,-3.964337393672563,0.3671184931415791,-0.8671734089418868,-0.01154467826791905,-3.8825347764498748,-1.2530762566813407,0.4914285297796691,3.7853505475301175,1.468267644454548,0.5442902088565562,-1.6267162221323632,-0.6272772966970934,1.729790539773989,-0.3540368232436957,0.45752914911250664,-2.254859327860354,0.12581294893485284,2.051375356914626,-0.7739241300160823,-0.9801445249300687,0.7060442104579394,3.8651962542450953,1.8911515152697775,-1.067277874512468,-0.6872515595515267,1.0610421095893856,-1.2862906829113308,-0.2925434255101271,0.23556069596595747,-0.3124797077483218,0.6303577604073443,5.6096574086743,1.296616359642955,0.5971406798632929,-2.0713384375221797,-0.6432012828386567,0.6384170488329342,-0.12553820242744926,1.878189272067329,-0.8811817345686781,-2.6786027747236476,1.1262107727476898,3.527
20195,1.3713077182822195,-0.44086371722238604,2.336349200382199,-0.7732741378446865,1.0400584730820903,-0.8597424002642469,3.0265070677041486,-2.43207505323986,2.640333092459936,2.8133006736644237,-0.959255217378483,2.8617124084115915,0.30129869771478335,0.357173349715175,2.2692561358098393,0.39299353574295726,0.36413542074967564,-0.140465927786583,3.780902178126864,-0.3190437521183523,1.0563961702159275,-0.056884812873174956,2.5371854678364785,-0.11299991694848344,-2.0385191200920207,-2.383602385038256,-1.2038521233885757,-1.8629877025398118,0.5776702829836293,-0.5479130053563505,-2.426292644074038,-0.24527556826587416,-0.3144577850483408,-0.747477889781771,0.019605613591682364,-1.9091282514250327,1.6692232053486507,1.3526028692239325,-2.038927595815663,-0.7910006611571188,-2.5617991747623443,1.3771884334426001,-0.9053850140636991,-0.7764373237148138,1.4619066226283866,2.529477355769764,-0.6055451265297536,-1.3968243822486803,-0.9720829355725128,-2.692570851845685,0.5832047626029067,0.6178011870336084,2.9943929586326625,-0.3846345773792885,-0.14202947015472575,-0.7387055656443033,-1.7793077987553763,-1.1233700356163507,1.7066102407303072,-2.625963503361727,97.397
20196,0.8521666918343686,2.691713172329761,-1.290181421862468,2.3000079815206744,-1.8603797753678772,2.014845730702881,-4.116929491520966,2.5333886538894532,0.4643292906483417,-3.941157405384027,-0.025536413831640514,-4.756849336896263,0.43001210951842667,2.0270853711607453,-0.7508733610698379,0.7282760817762833,7.120746742854392,-5.140295918867846,-6.738928147124767,-1.7564413114600195,3.038838525619126,1.9366227822154263,-1.556590991503747,2.8454497757690618,-4.357256660714253,3.02624254863209,-0.199139113394135,-3.3266785052690495,-3.1812571291395804,-2.2126456129785903,1.1552992140976512,1.66294669278881,-1.5963419805640677,0.7747849655941214,-3.00906860792791,4.8420149562937125,-0.6856519137016494,-0.14296607815846968,-5.13222068722311,3.9853289512484347,3.616114580721186,-1.3005422794582855,-3.7419303743034757,-1.155641699723023,0.02750377734003709,-0.7961718942110397,3.0050922879705073,-7.0760019082002446,2.95688986505294,4.314740145441454,1.7854782383146908,0.5112493712230465,-2.163192634783978,4.458596762627368,3.377430357919991,-2.197041913170891,4.393526685413757,-0.2566536887521733,-4.841082172015062,7.3017591624958875,57.023
20197,2.7750244125389,0.9147629853476389,0.7239588045292646,-0.26899370763687475,0.5532941289940217,0.2857900492119652,0.21184433739370234,-2.523247536721147,1.4184767941332312,1.8903787106356036,-1.4032803090643897,-0.5411310595845947,-0.5224363833453269,0.13341860089740276,-0.7801653630158312,-0.7199892941962243,1.3955510213485303,1.1347965345547364,1.3723272551367316,0.38451828558128837,3.4032363584783143,-0.2190186044886268,1.200522506834426,2.4143881778315217,-2.284140848917572,-0.9332832134705986,-1.3454130401415563,-1.0350251359624254,0.08073894988593461,-2.4194416244025283,-3.5341202111014174,-2.5728735553588438,0.40773623720158125,-3.1340818005419617,1.0673309339907608,-1.2003585322580974,-0.8561460376600407,0.383333244394727,-1.7292138409461155,1.9100543540865098,-3.8829291901566068,-0.977554519719529,0.3116847610460489,0.6902939960120903,0.23570765386812625,2.102398364417986,1.2257431900257563,0.15075487801648677,0.4204806795526781,0.3476379732130167,1.0763992315455422,-0.1351495444539817,0.6277591435228302,-2.910816108846432,1.4105403199163589,1.2103953371956213,0.897350354898875,-2.206092754982523,0.5312887811949344,-0.5480485753834101,90.089
20198,5.227644944309696,2.6780642601121363,1.501350725715679,-0.430849671783172,1.9251000001742409,-0.7607597034161455,0.9855336240200793,-3.2058993379802274,3.289548724967536,1.7883391458978382,-0.8992070964211734,-4.855973500637325,0.37060163565583193,-1.640258745830866,-1.6455942068350207,0.46937223065063594,2.7769499813942966,0.6731673199881755,2.2085856482318422,0.3549587765174398,4.994338271454477,-1.7164105479600489,2.4958791872891664,4.56810974552741,-5.599959995070879,0.24737174040219018,-2.8132470111516197,-1.7521094485507225,-2.417474125821618,-6.207301458498147,-2.745187938290904,-0.9215509673104767,-1.0285172327147603,-1.332028034312846,0.47149332624139517,0.060200038102959,-0.06896137426547744,-0.18800552236044643,-2.9630929648211564,5.156250376234891,-4.154021647883178,0.11251636639351362,1.6161226385244802,-2.945120876927783,2.2605958424259756,-0.10127387234414592,-0.11459410562550307,-1.3202943380345773,-0.189035552769582,1.127680667919239,1.8065898853620919,0.3072207536378921,2.6253996170506078,-0.12476361690905746,2.0721211835970688,0.9155918154486892,-1.177888940488863,-1.5821465273271251,-2.7635715531895757,2.0358579151714267,112.442
20199,-1.8489410572544471,0.6107414490325187,-4.856710859540014,1.067531695858925,-1.5469136898030904,2.3014819076250617,-6.018202924350959,4.010435722380783,-2.2870185352992487,-1.2692158337185697,1.3264661946613976,0.9263709900643267,-1.292769189552616,1.337281213128906,-1.5934657770124017,-0.19870802634196666,1.4669820887973193,-2.547099842453952,-3.7946489445361937,-0.3502747460832476,1.1258598333140752,2.1178857158545554,-2.4166812876461474,-1.552259563261341,-0.14295229054309946,1.7764726862067857,0.26681301354911696,-0.0876584777286273,-1.3508643940719731,4.443460027109614,-0.3758523288589116,-1.8057411574499964,1.6307696606738922,-0.9850739546588061,0.20222199737480476,1.3613248234173887,-0.6655466630322501,-1.660372209121642,-0.3640531166505269,1.192076631966425,1.9002478727637626,-1.1984826397432822,-4.256027263044637,4.081056194916101,-3.7623770064564828,-0.09802764811170953,5.07584710209816,-2.449634274056717,3.195574753487665,2.307750992409651,1.3401901550494622,2.4846013337425297,-3.8520019913768753,0.605826649207133,1.6110418864130231,-0.3917373145764562,6.314205858765084,0.7680144885484261,0.7592473609721331,4.866861810777381,20.471
20200,1.076100636390732,-0.8544667128731377,2.7386951390381884,-1.236468686040915,0.7545658847985812,-0.9918492440826661,3.6086408862564694,-3.169914574516056,1.0265172735504273,1.4511786732149288,-1.237883305866799,1.5172297611694294,0.7562564783577005,-0.6274239890020072,0.508409285988291,-0.35030822104284376,-1.5986281325487353,2.339252829687578,2.7033638483875277,0.6021932086902078,-0.18919764046201182,-0.9035773015816956,1.348681882420453,0.31630480874767647,0.7935667652053673,-2.2166405317330047,0.04930557010125323,0.27321461318245543,1.7893249205861201,-1.8781527813813015,-0.6526445019536367,-0.1648490743214107,-0.12168568687754192,-1.0167206580702004,0.23619869013373312,-1.6212986923206105,0.06786508695976637,0.9345764762077622,0.9311312507971303,-1.7425735808967702,-2.154197383413433,-0.11491639059884712,2.9512593172016945,-0.7796154643130319,1.934544465220286,1.4512681462454076,-2.627001844704082,2.5131219355854455,-1.8640426871191949,-1.6437010262424134,-1.074289811636099,-1.9525611040336082,2.2787894095607077,-2.3175621704629363,-1.3371420183995013,0.8954503176667505,-3.411432676123502,-1.1283792581559113,1.0551910554104431,-4.845955090833948,105.104
20201,1.5076494801707216,0.23440649258762794,0.8675306069096688,-0.4246897589258112,0.3478378801792857,0.3783347443986015,1.3417321012474055,-2.440495276529781,1.2287303432476282,2.5436829792325444,-0.9613889320941781,2.5854644963038926,0.48105032857143554,0.4397699829451719,0.20352111596847594,-0.46969490238552447,-1.9300158925252315,1.2162107536223772,2.84985278491504,0.7938207619652917,1.2435777610251182,0.07702697013157989,1.6521836387859368,0.952997203589365,-0.2998866790453881,-2.9284594636983505,-0.7903453610329686,-0.14541844086131314,1.7797117538928906,0.005586935050666764,-2.7001413108935837,-2.5016783918910557,0.44974542707534454,-2.2036035001949554,0.8452543153778537,-2.695740166909811,0.009264079122511065,0.5436625494588435,-0.2652451738922689,-1.5585525474206592,-3.619668141301866,-0.0982541076190368,1.2061267781967862,1.443389005145416,-0.068883346240449,2.1086825621199914,0.791435971427434,1.450316471502633,-0.36307936541552893,-2.312219464115367,-0.11451494852917807,-0.7606485151181122,0.7097752914060294,-2.952558584852253,-0.0018105498500911865,1.035782378158539,-0.22399633338386646,-1.7026555640345353,2.465067560839878,-2.424325709730326,102.683
20202,-1.3045862103809547,-1.1778518088205792,-0.848479338386981,-0.5040993365901844,0.5976142116935762,-0.49322923369211225,0.20653036355362997,0.26353645316565044,-0.6251600792819889,1.924474802128892,0.44687626787989254,2.626177548604151,-0.805062170072911,-0.44234133109792106,0.7729131396486888,-0.2976992803175949,-1.8564317045853516,0.7576344890217614,2.174623380209401,0.14297146294025964,-1.348231374653059,-0.14178848802113203,-0.0818112504908099,-2.3829927198655194,0.42156109635263145,-0.8394202305627593,0.4632907235865452,0.3913516297371058,0.7020411169658423,2.731174822791212,-0.7694517325940822,-0.4174022736653698,1.296900221334392,-0.039947325425888386,1.1509759693921287,-1.3746611832602122,0.5890593049577829,-0.33763580857272596,1.3716791935273864,-0.9301592721557617,-0.92990510372516,1.048777992589474,-0.8365830478261279,1.6405865660381542,-0.7697814113715074,0.6585587420500898,0.46994502370004215,1.0377993445128582,-0.0930627295764582,-1.1432359773411225,-0.2286368227054424,1.6106511993089845,-0.031189502093408983,-0.6777672088217562,-0.6204711188574452,0.09379230032922105,-0.41365855869548,0.36879579492552633,2.275756815535868,-0.8682467275487894,58.961
20203,0.046510850561622685,-1.8226776274196483,4.734795059441835,-0.9146022521124324,0.9390059864785891,-1.1056005628686147,4.311940721797645,-2.217382084518867,4.047142205035565,1.0600920670396374,-0.9790723243538747,1.0539933995360329,0.5811937226483672,0.37994914591418405,4.1904882845527744,1.209184830553127,5.243968118480703,-1.297352456596682,1.5387917316396706,-1.8257819890780789,-1.4796993097875344,0.5528510585366727,0.7238471072068771,-0.5717254560317208,-2.6769988825712243,-0.1341696333222973,0.9039024740491082,-3.4451726730749948,-0.8317625598827132,-2.6046888890561415,0.7498978000914824,4.018719789496082,-1.74166972864951,1.1122368775476146,-2.166650860283099,0.8442558011279981,3.3771042925575903,2.955949887932386,-4.037732503108784,0.2000539339985135,0.9458846310681333,1.6716573949205409,-1.8310091651055986,-3.665491639881115,3.491689370005598,2.8553316634876307,-3.7355807685517637,-4.602520714109158,-2.464493076593007,-0.8675653346207302,0.045974848433727324,0.1694494934918614,4.183442625065072,2.4419828285800484,-0.10128965710830806,-3.2892987819629393,-3.579949185733246,-1.7381638854283896,-2.0400352460737405,-3.469458649477228,78.444
20204,-1.3763887805582344,-2.405350518965207,2.13353554317288,-0.8381056030343591,1.2692347966009057,-2.297917480905073,3.534790084961263,-0.23306303161421238,1.545865969950332,1.09517280830915,0.7355059194768574,1.1236009206062576,-0.5203782214716848,-1.8749701302911201,2.88073250221286,1.1343798252759374,-0.0678112606823599,0.5575804443011234,2.034196486879325,-0.3455380771297193,-3.954984945406589,-1.609028254057694,0.12503865145198845,-2.8582928563924384,0.39064162442759864,0.7217107119138029,0.5294143588898061,-0.1543014474745892,-0.6967237786022947,-0.19529750258622136,2.867324980893078,4.175610053731663,-0.6919888243464014,2.8380018489870418,-0.07965133608475485,-0.057368682822124234,2.4495224970375418,0.4552624160347279,0.9746984327151715,-0.5352688978414382,1.2233464318455856,2.5994697895390306,-0.11894339843545294,-3.019430650122072,1.7995621603456793,-0.8657597914204507,-4.1169188517075295,-0.13349132880076847,-2.9513443882139168,-0.7587105542641867,-0.9370477832390036,1.6590042054548158,2.8949616336723034,2.258508878533785,-1.5767827834387296,-1.5740167198134023,-4.183903292738423,0.924764848511965,-0.49582206082991676,-2.3189675923862363,65.258
20205,-0.5648594524083002,1.1444821423151605,0.13438127227317417,0.9502224943431775,-0.1876120341464997,-0.1816089726109179,-0.8217134513165179,1.6443439966471416,0.7871640946142132,-2.4631776291021144,0.8764911907442698,-3.1421965574538415,0.09425767673744233,0.44400789978328375,0.884879126147979,1.3085100085150927,4.4656016704376285,-3.1332950281009837,-2.934091127931763,-1.7577056057427392,-0.12817039783194545,0.3468370433548905,-0.8257620776914875,0.2528879119981684,-2.8093197341149745,2.4880355724250207,0.06518859827312853,-1.5271011359395352,-2.8543810811793526,-1.2826077856623124,2.316066818032355,3.398929555692458,-1.664560562517241,2.748868895885974,-1.8432496771553104,3.0407916703583675,1.0289958794996383,0.21599967524957622,-2.830404281247962,2.5150928606766905,3.5184481704988397,1.0880517083897487,-2.5383759324152106,-2.55766100655756,1.1788680350853855,-1.7516579217357673,-0.1430146798682136,-4.7238249175665885,0.18265913208175835,2.454960252237272,0.7181187510193398,1.188598680698052,0.0987761317699185,4.921361814650104,1.3951025699655992,-2.127981907797703,0.6031131167190686,1.0036307890566682,-3.6318655522128096,4.258271525129081,57.911
20206,0.16180720506981078,1.030610434131469,-1.703342592587577,0.9100933847464238,0.3901862768941731,-1.0694738768629082,-0.23524446819765968,0.09821995370988783,-0.5952249997505182,1.2807786012002331,1.1976374737082418,2.7757728323401896,1.1911434889490315,0.13781047822246567,1.040634685299243,0.20640918992670063,-4.352601358616056,-1.8557242716450166,2.6782873431945924,0.06781493881792446,1.0515882742657603,0.014057662877474557,2.965443318278393,-0.5225529849645976,-0.07666194310342717,-2.4567888100667976,-1.717814803771827,0.28818303039477766,0.6951049642745859,3.809474847783795,-1.3583227657957664,-0.36076599355707784,0.21390578594774579,2.318650691636964,0.21684288978151645,-1.8096174829129292,0.1777282382634537,-1.0207859934636925,-0.1683691124624576,-3.1692165180474405,-0.9175596522749125,1.9095509479041486,-0.7541897214478656,0.748889547802182,-1.1615163772853838,-0.9514464824108095,2.3025535013928717,-0.37657588249868784,0.7742784119312006,-3.8420032485153044,-0.5096529843143262,1.9774005271439266,0.5212780358515832,1.4756534802432897,-0.4371216408409889,0.7036369549569448,1.1384781388086187,2.1483471586370775,3.128384955010939,2.418648294749754,107.927
20207,2.699769170665342,0.6215093995732303,0.682964360995055,-0.9796492750805106,0.39313953807965024,0.14967595876631126,1.3208822067458406,-3.112618579510522,0.8619321687379643,3.2810677638274535,-1.5550117171397606,2.78121565657416,0.496786291090361,0.4792382304747208,-0.0913365994527266,-1.1055320600460807,-1.9926712001318496,2.231624032372162,3.855232350663984,1.0956489047504305,2.876222533214549,-0.07938393466841258,2.112065229497031,1.701608733524402,-0.6485380845122203,-3.322475961288527,-1.1625149898299503,0.03150032415397864,2.0189831578095863,-0.6809122430212434,-4.19101666480131,-3.9262875039206206,0.9273332212820103,-3.6036256694206728,1.2769835672628718,-3.4815716197029367,-0.6527404536295914,0.4546914692527412,-0.6163048570890101,-0.8129599261134629,-5.066894063759737,-0.7896761134569723,1.6675579848932067,1.801422912371913,-0.021141420076518758,3.0421737483428894,0.981836993229436,2.349657437776604,0.3247511454710101,-2.3737952211420783,0.15562144197676056,-1.2617719019819926,1.075650001120265,-4.745331591599671,0.3415912865535252,1.9138683669956245,0.04339251209172,-2.233939512026008,3.070703120770903,-2.9205105452460653,109.724
20208,-0.07739097343279061,0.956451724607167,0.8524176996267958,1.3129308234073886,-1.8288689831709264,-0.06377029671191933,0.18417576609418418,-0.14946786008003812,-1.3860682666651185,-2.729335398748789,-0.554665360834702,-0.9969841949162639,2.135066420352433,1.0878885247167376,-0.5414921934432354,-0.1138753454600614,-2.3199297912631422,-0.24398169370692327,-2.147348263836245,-0.6241442520647367,-0.6331438636838516,0.13010028142527952,0.07522203596562634,1.2724269109567423,2.8626942981205836,-0.6375262341610126,0.6505494086426733,1.0586290887351721,1.5737128816136434,-0.5134827053170788,1.9465493795994642,1.2369060150538884,-0.9982091733231793,2.0337973674332455,-1.759082222677444,0.6797027110543237,-1.1278665059822204,0.5332013310401502,0.9983952686281035,-2.578825725853059,2.2423749214472113,-1.3322014491337837,2.3629448731956755,-1.1384651488037907,0.995787284739382,-1.7452704919936144,-0.6729349901901935,1.5845502915669742,0.15444703703667295,-0.92364306437689,-1.8559135646483629,-2.9601506817319967,-1.4432081578514167,0.818951543697479,-0.6326292091382851,0.7137798606914636,-0.7387296509623971,1.1659839651815007,-0.0941125374094667,-0.23762030619316865,105.303
20209,-2.3700353324321637,-2.4752304599390844,3.0523010890663045,-0.39548881250268364,-2.043000521937297,1.5179992097108939,1.5612117876764657,-0.41403057243411157,-0.7963443667777224,-1.5694274299564845,-1.7471252815622427,4.767845147019375,0.46470092704992083,2.477927382077676,1.9558580311972307,-0.5388388471009835,0.6346579445893231,0.50938908678903,-1.4047487012395445,-0.9476384372342128,-3.3312922950074793,2.456265305741871,-2.00418501024139,-2.050983467509577,3.963137552676977,-1.7731836754429304,3.004781970979232,-0.403152645077963,3.7375731239598915,0.6475280222865109,0.7999399458023942,0.7553226745413658,0.3193188963172554,-1.7435604521758203,-1.7775209714206301,-0.7212307028236484,0.09959785581737818,2.7794575855101007,0.7166295327985858,-4.672771706195157,1.183185820400708,-1.8435036430268241,-0.22913197700356291,1.2315700577355708,0.8077051282271006,4.1622432136446506,-1.613500535375092,0.3520549036238706,-0.6098021532130654,-1.3893930871844127,-2.3115396927279535,-4.342567097552787,-0.6086888305441829,-2.5060306182614234,-1.1075543898431095,-0.5503344482283001,-1.0307481508556369,-2.078019258178489,1.6055279836933622,-7.328773243853132,65.65
20210,0.11760927357243373,-0.46475955416984904,2.7615817859451504,-0.5719315472397601,1.0975810184951633,-2.051507012736012,3.862131287014231,-1.3093406596967492,1.8846756683708037,1.0992954031661513,-0.026704188645527597,0.08096387691757773,0.9168867770979954,-0.9994674896426954,2.7693252324463984,1.0721900709829812,-0.21729174730882583,-0.3623303160891397,2.547405094254562,-0.5389024531848278,-1.0025476278509744,-1.223920884759418,1.7063222240288354,-0.30745985230290096,-1.1615314240416263,-0.6268396966557268,-0.29376677320069267,-0.9364528708480803,-0.7421643327106384,-1.0709550856528252,0.8215325623199543,3.0153363619581697,-1.2547182559566656,2.8968291953155854,-0.4615278061833993,-0.10238319313886333,1.9230017778698882,0.8394171781801492,-1.0798820834347989,-0.5891077755858807,0.45825266074055726,1.741490991451859,0.5914282643979084,-3.4034313375418406,2.2461607986809535,-0.44759537695651025,-2.711476940798496,-0.8849854515636512,-1.7469663525882755,-1.5981540787939699,-0.4840643330741744,0.760435104994883,3.0213800721653317,2.0120057353405874,-0.9046022823605631,-0.9251706808924122,-3.7475825957557003,0.15245019013655187,-0.4161643808159815,-1.2880532254285253,101.693
20211,-0.6441530917929842,-0.921532530138382,-2.5158315949060586,-0.13080626834047804,2.503138582468388,-1.3805747859146624,0.6608373716759262,0.33234330480134466,0.4855722559298756,4.393186952962364,1.9433299099555337,4.16212752121841,-0.7386087666917802,-1.412221343079134,1.8361524475617208,0.20003503299469133,-3.7382354601427954,-0.9072058343593428,5.483107891542852,0.7774755219306166,-0.10109669969694093,-1.3311220981107919,2.568571065122702,-2.8769535017898034,-1.4990642335625304,-1.7435637671031794,-1.6644514992463606,0.2033337053929144,-0.8065376302752012,5.192312726816903,-1.8464703570598027,-1.2631698547795045,1.0739682194448072,1.2535133766559123,2.4122503761769707,-2.62394544207902,1.7181162088624435,-1.5769628935415163,0.7041045183730418,-1.0848311391042886,-2.6747909280918547,3.3088106421307097,-2.0870006213747185,1.5450268299743697,-2.257707471429993,-0.3650413474345892,1.4886758788395955,-0.09479703484103497,-0.2837621058090935,-3.640014515010273,0.9784135956201165,5.144496411318137,1.9327926799002118,0.5356476642706731,-0.2170123412288188,0.38897938717643193,0.11275104179235818,1.527936116717631,4.062071354419442,1.882711648802982,61.125
20212,0.45788833154892866,-0.8260658524935086,0.017003494262451818,-0.3496492599936987,-0.13506175906139004,0.7655003711728385,0.3896595657907885,-1.447807556702886,1.044341233846172,2.0128993087803106,-0.6475819637539515,4.4355581597823255,-0.008646202657056248,1.0977020847968786,1.3437379593254626,-0.410938095579958,0.19953199681315242,-0.3593994236114642,2.598598726824405,0.0037932717660327797,0.808621303906496,1.5381401338443728,1.327865250976546,-0.8984846079263211,-1.6693360204251615,-2.2768018600634985,-0.7569081395099713,-1.4444205175714593,0.827158513320249,2.0357430265227405,-2.7789933407566387,-1.7825566436454259,0.5446902610471498,-2.192226112468339,0.46968276617412785,-1.7992423963080337,0.6970760614439435,1.0809273940243451,-1.986491922513637,-1.296911303925049,-2.3170921454469324,0.21202196896919204,-2.115623388428195,1.9759858535754518,-0.40568100220681924,3.2925880955391573,1.5770707899717296,-1.5851717642515117,0.7080443501567738,-2.2910683236051232,0.6020588778640528,0.7843946538744975,0.9061124272835067,-1.4751296176871689,0.3921587616562021,0.038110362854747254,0.9958584492983485,-1.3369083018889305,2.5394315064162423,-1.0708794579901886,78.179
20213,-2.800705000992411,0.9876107075379792,-4.750355735915928,2.1649959307678124,-0.6981527813407795,0.2273614175773113,-4.737145127228322,5.398643941662916,-2.2888818248177287,-2.75769801975105,3.4092226261166374,-1.4953424070362518,-0.05426682157929663,-0.07068948176652046,0.48699140514481565,1.1120929176820893,1.2377884727107233,-5.590912152215869,-4.081975913687823,-1.3297325152416024,-0.5076824018396886,0.8071267895470917,-1.5358360032174543,-2.5002225373613967,-1.8286437742292698,2.8913332652775945,-0.04043300416197429,-0.3713889095226493,-3.4309180508554715,4.9290469239307475,2.980469132804077,2.6500923917759773,-0.3187850675237151,4.344329675440536,-1.292875028732901,3.2560354865073884,0.6304822382884,-2.454989011996867,-1.3073134911710413,1.3900221554744,5.2983954325956,1.9950430687768355,-5.346714232826404,0.935705043152744,-2.7040663876463746,-4.049210334900529,3.385636207184255,-5.277584631210729,2.049861851350538,1.882433967027505,1.439200002815565,5.018532509952154,-2.5353350005040673,6.466018513274449,1.398279346524568,-1.9729084282261256,4.265308967607078,4.019142001940923,-0.6783539221138808,9.2123245451978,25.97
20214,-2.749002973686031,-1.6805757419212821,0.3022769840261617,-0.37639384494302097,-0.15198337863056577,-0.5634405435843486,0.4064808915859417,1.9002614299948999,-0.35450581039316315,-2.026751298248213,0.8672587600704813,-2.378426234897186,-0.9328230180030898,-1.0453542127546103,0.016942271845094864,0.6829143162397189,1.9777410486988871,0.43620543251781385,-2.843571610334762,-0.11595799883883662,-3.365290892308113,-1.2276433199940249,-2.4776197113822898,-1.8843924416188236,1.0699796561193518,3.3152943203887095,1.6139123065835603,0.4993643251433289,-1.3975375500793383,-1.432741161502354,4.185941364901197,3.74347813564721,-0.6773470915179602,1.9585654451628927,-0.8516497854297704,2.4265834357734715,0.634668111414584,-0.24787340574472572,1.893528553076313,1.4535545847029239,3.7550165318116657,0.2786689818535902,-0.03625359129574085,-2.419544392976021,0.7847522568580978,-2.0270680450715477,-3.095872158113491,-0.08719037638659398,-1.7892903017680326,3.1050088862628016,-0.5141848035380812,0.20985481963929778,-0.17837185596079214,2.2300007480394113,-0.5517665740516817,-1.6808575976157236,-2.3413210521177237,0.8968301954817662,-3.2421153137101166,-0.5599817602672481,36.022
20215,2.2885269633656646,1.3453097907476503,1.318652459720721,-0.30136568399803615,2.2346915713982334,-2.227081416636315,2.8692232776287465,-1.67771879502684,2.653327819203382,2.0223139897446916,0.3960378510463122,-2.6701587600852728,0.4254311868215539,-2.3208561560049494,0.7461724023640474,1.2735397633903296,0.4044533726711247,-0.5573110549642435,2.9014114966140303,0.35947031205200514,1.8348116799079146,-2.38375230752285,3.14833462609931,1.8191093008526078,-4.125897259296206,0.09852659016675025,-2.368330016505865,-0.9997503951810959,-2.678220170615355,-2.2347531964024143,-0.2744911046475661,1.5184757722386861,-1.094119145133155,2.3554289799834303,0.27102995082570225,-0.18575913105523453,1.2343100020354552,-0.13434077597204064,-1.5377977397769846,2.530769015334257,-1.6605939758066215,2.658526205935947,0.7810595234926329,-3.798832205480764,1.6645348584081947,-1.9253211446442078,-1.2159677290549127,-1.2375129094905446,-1.321228495406137,-0.7655852794403454,1.2385446415742112,2.5641315813109102,3.108990745303489,2.2554177376571634,0.2066800051379093,-0.13373872823626973,-2.6024691135637465,0.6975968620902061,-1.4415203553930287,2.1932964715331167,104.963
20216,-1.1983813485057773,0.08143180964299172,0.4983090594099728,0.8758765011454299,0.5634541995824519,-2.7201975344620384,3.2688498578261123,0.07762461917297113,-1.4484997956478898,-0.5748813847918542,1.1710828022906932,-0.13051716854999845,2.481975828815376,-1.9271302044026144,1.240484827711378,0.9252353767837842,-6.9545374300081475,-0.40149430786084367,2.1321983268937736,0.2943836326419733,-2.5654523132531,-2.232967523935413,2.1774352423940417,-0.47025454178053305,3.6005169876572642,-1.534262870834311,-0.22418558252718912,2.655559193593835,0.7385805435757867,1.4877197343431825,3.262654744158422,3.406861035625151,-0.9847088155374907,6.427150727509699,-0.053867087889614196,-0.9087611843523,0.25527181948397704,-1.2399533501313418,3.562012038582603,-4.60851977929832,1.916173399318332,2.563032518730602,3.055358474038772,-2.933640709576406,0.7163011437172501,-4.475991897186595,-2.4720695700940043,3.3263308424530247,-2.1303518336235614,-3.5495411697666035,-1.948441051772557,-0.06650085199460448,0.8707196828923329,3.4429735241767943,-2.878111324714257,0.31751303911836976,-4.356712985532048,4.0642058141077175,1.1850721715550239,0.4354963008999323,116.019
20217,-0.8641847994973907,-1.4047974678886683,-2.3002582860975624,-1.0578069223660282,0.7819778627642849,0.8896966914738774,-1.5592191858768667,0.18147456166066006,0.12779486750185726,2.9697652641261003,0.6648316066626563,5.002467867596279,-2.057557124805254,0.6181231877937768,0.5893577966646992,-0.7344961378260189,-0.7098711535903584,0.823787521293751,2.8217921388209164,0.6648032846049612,0.4052628896770588,0.7942602862251426,0.002579226736320401,-3.059857833955925,-0.6403302683392984,-1.474274513037721,-0.2577425292086276,-0.19503790214966035,0.5341191054370995,4.6581609157685575,-3.2295298557977143,-3.3661029508121563,1.8323906725401278,-3.060474350486759,2.0599023189587506,-2.3123258394320287,0.7508221340022582,-0.4397418840399142,0.011932817524721015,-0.5981666743923894,-3.0278108235208574,0.36648458774309434,-3.1586592711816186,4.3714814509282585,-2.5929636121521726,2.71390873063579,2.677750606028827,-0.2998613172809046,0.9161406162156915,-1.550147576408918,1.2811094963666427,2.7334778062228056,0.17707714061955487,-2.8011891564760747,0.2799575447403179,0.23728402407230326,2.7581973272795004,-1.1190591306767366,3.74774802623174,-0.9940629184810003,43.753
20218,3.910358555265139,2.5158202235941567,-0.5168802426214925,-0.3067191266194956,1.0619620179536953,1.4248074167605123,-1.0381803353329988,-1.928771809482903,2.3677598217017617,1.6849295687700894,-0.7199694591126973,-2.342882750799503,-0.5118845281702139,0.40102442404152816,-1.5723737739708616,-0.7106342810300583,3.8006458957228437,-0.2019011469077422,0.4587716988245778,0.3194582966660994,5.118165403544329,0.21082336999384949,1.6456753436919411,3.5403026660761716,-5.56659965259205,-0.011502711620624079,-2.4135635513411717,-2.3069631420875134,-1.7939239019219646,-3.138012941044628,-4.213037693761454,-3.2758214927915836,-0.08738758379775396,-3.316822628012085,0.9366293055695527,-0.3898694431197758,-0.5578064673318335,0.008779537303148385,-4.1400388412416165,4.265440652404479,-3.737960111929224,-0.8546323540749451,-0.6452866304474132,0.26866120715963204,-0.1930921610865989,2.4745610754738228,2.7772332936748474,-2.820240265706815,1.730075990931454,1.299242632813302,2.4805361619389235,0.6873198227382139,0.7354970252314487,-1.1903839581912898,3.07246753829886,0.719545255521795,2.7826100022138855,-2.4656547272561045,-1.3026266474799044,2.555528535015444,93.918
20219,-1.9449578632038007,-0.14821570858870775,0.7005015417682211,0.8916525054060626,-2.2810710653006474,0.7180427283057312,-1.2458506811780627,1.6108417616821842,-1.955537993397982,-4.375464215516345,-0.8802469829728425,-1.6031751380949089,0.8662732105490055,1.0849219460800201,-0.8035702784890414,-0.08715632042466886,0.7240200871476101,0.2538021090160873,-4.6699686345884635,-0.4151618133168403,-2.026905063446615,0.6164586903521939,-3.005705580611849,0.4714366599445887,3.8909272477530723,1.4189496546053666,2.155727610188324,1.1204057672903271,1.1270163939180433,-1.5387998255846889,3.562254045634553,1.8646122197726471,-0.7295455963916888,0.684420196203603,-1.6499294620780542,2.260904795386173,-1.0387640867923111,0.6927842013166824,1.6798312753120948,-1.083997690792772,4.236272993957417,-2.1178892161883076,1.4114605067321024,-0.9093868415327031,0.8669585847377159,-1.0067816602292532,-1.238439583422227,0.9460057650655657,0.0828496469943176,2.2401777527319684,-1.4467711936412875,-3.4205229380075655,-2.405374596259205,0.6484797181862934,-0.8309509631979795,-0.7202668485632224,-0.5355761853244598,0.4730616882779902,-2.2353084931138905,-1.2679512575067469,59.064
20220,-1.9036279190213579,-1.3076765036589535,-3.722140069565545,-0.4444205078294057,1.2621759554866794,-0.8871575752826233,-0.8299630465851799,1.4882408410766805,-1.971806372197819,2.7733616856724344,2.220553698095055,4.663785032774746,-1.3182173025406438,-1.118785239606864,0.2990466071963545,-0.11974257547309264,-5.834044489687265,0.4332549599423824,3.991632557817131,1.4752185075385698,-1.4024871069311116,-1.1498127394653292,0.805820854108392,-3.837971072117559,1.5825392560270304,-1.4681641283070501,-0.6549545843104754,2.4145303526617967,0.43289408310119437,6.3033728561548505,-0.8168391139804592,-1.7651910511754978,2.517728471937473,0.8999092088485195,2.3542566862285965,-2.691018929032822,0.40201020085153416,-2.361872671238539,3.7571605732998568,-2.3531821252208522,-1.4686538232542026,1.7451483727609929,-0.7228258983096914,3.1727245367610983,-3.2857728627209886,-1.2861885923212317,1.5436974165543327,2.814478340098316,-0.1617481834867946,-3.1107545989706704,0.2272300845807262,3.7222195785460244,-0.2687981266410325,-1.1594959535455043,-1.5405768120758605,1.1750439826236603,0.8101610718063468,2.166955246874295,4.360187648663585,0.918190897184745,54.32
20221,3.1080626748808884,-0.7141604821638133,4.186591953533028,-1.5550074069863855,1.344725052821719,-0.40675955797996066,4.334911601423549,-4.75602748015611,5.692741728575531,4.254956917886101,-2.12171659907214,2.8914972027518964,-0.09811055644981273,1.0354553537039437,3.8766429835746896,0.16776182475843002,5.184173603042604,-0.5210088476366078,4.5963828277852885,-1.1741148666697916,2.757188996825501,1.0249938210888108,3.578078640992558,1.4789302356953535,-6.083632658656398,-2.5305419910240747,-1.7109512923064853,-4.5519048533403925,-0.6863849556774542,-2.6954954327618332,-4.592106338537044,-0.4081540552115663,-0.8231152717022633,-2.766078817926014,-0.20314035154451165,-2.0676468224795057,2.7416480999959805,3.1536598228405204,-5.984827223291419,1.4147539469434252,-4.636754091417461,1.4315098588128445,-3.1470938060711307,-1.1550765320613783,2.349319304695957,6.106501551480169,-1.1616638595616868,-5.0394522660512,-0.8491927603541471,-1.9322338674949116,1.728365212106058,1.1443309834951452,4.753836217416771,-1.5473141360318319,1.685783488679813,-1.6620341968341708,-1.8168187594609126,-4.190618833897587,0.4782395768620564,-3.2644727385059777,101.627
20222,2.1492330491659466,1.3215979817555277,2.4495530240865238,0.641428889603378,0.03340880902570954,-0.9730126190246017,2.2389877716777815,-2.260749005072526,1.1347130734158963,-0.3440161151794134,-1.0827697930315106,-1.264568831160826,2.3542039565675648,-0.032840269985142403,0.6196024003301455,-0.012236494862211011,-1.6422037951346478,-0.459283822404149,1.272446315394951,-0.07745416429172211,1.6189639610947983,-0.4681361499394803,2.4591673775023413,2.753772739955434,-0.04006217855194133,-1.5582830607253528,-0.753152676920408,0.12057926457381973,0.7026101993308498,-2.371404669097456,-0.2383078102902471,0.9138754463995173,-1.1582235001288863,1.605740424246561,-0.7085845871352285,-0.19367743257363304,0.1983130894734634,0.8366994795665142,-0.7962300104804615,-1.3637215353741658,-0.604180636073481,0.26722478908679304,2.114771267584549,-2.2224587168666226,2.622227581849392,-0.3653375191736413,-1.062279110035285,0.7363394158683642,-0.7285989085850657,-1.982236916897792,-1.1758781272205265,-2.141510290445805,1.480943225943659,1.0947354814486578,-0.18210591176622495,0.4821799707414349,-2.1853396953326683,0.3466327644472688,-0.6174361802025328,-0.6258016539559507,129.9
20223,-1.3377498411448672,-0.42056299708578837,0.49130779599565916,0.5432854011156796,-1.0258053047443962,0.25464099928144546,-0.4537884726064967,0.8515942016305575,0.03184540943574149,-1.7059824148200353,0.20738353596178527,0.6437379448852905,-0.06161487855851472,1.1299726641043002,1.4537885453111208,0.7192926127794312,2.1679324018703876,-2.691636204093293,-1.6954645109684863,-1.2684782206997336,-1.1435822807750589,1.626586083032364,-0.8761261725978994,-0.7462556955543612,-0.6006768578291426,0.4608631389362913,0.5978910635089139,-1.4249677113331807,-0.4487813799956415,0.4885917234189602,1.2042925344535393,2.0522129732863084,-0.9846902160924808,1.4052821535762232,-1.357337908699156,1.213590223430034,0.8528256689548144,0.9920390603435685,-1.6237591367707294,-0.6759829950247833,2.592412708684761,0.4584599316510756,-2.180744563697455,-0.6264129834299831,0.40783770305763034,0.7007543428545843,-0.44890481045681624,-2.9912323425766805,0.24116271110892523,0.27814230040108934,0.22247281176960956,0.1976743585227495,-0.21955403576785323,2.294072694712611,0.10397792227277175,-1.4635991094146406,0.5270879673659947,0.5934072480720063,-0.7355275377837829,0.7379633079717521,63.338
20224,1.4760457295754221,1.5284727910777267,-2.491907569018148,1.2914629449677693,-1.14892862017355,2.274089207416746,-3.156507561982425,0.897748826626321,1.178945572937801,0.5157039051074305,-0.32841844455245683,3.2074819646920427,0.16585420310769844,2.771895912475221,0.7776253909759029,-0.6224278931715165,2.6448929977647984,-3.7905900138062143,-0.42922669473430647,-1.2903466055753403,4.045613686683243,2.9014918055551893,1.1690376290851932,0.9952863748377078,-4.531557137908312,-1.9735180696031291,-1.3504092606583953,-3.1333347481665523,-0.27836579032572667,3.6977959833118415,-4.735984285415422,-2.7955057361228786,0.24371253948829635,-2.564818102850552,-0.7416482721421279,-0.20876672598455753,0.1466544216947073,0.18362768826532094,-5.427130635648431,0.4988551689121275,-1.8649101611759806,-0.5599289006018076,-5.944646970048549,3.4648793434970813,-2.2590362804347945,3.3691428010999784,5.681375676389112,-5.789248199607809,3.755914790630149,-0.9365339755902085,2.216082811166818,2.2819488413206095,-1.4416935271198126,0.3626848109228809,2.8225354829547213,-0.7023410505651912,6.1159500434356575,-1.3748792151715516,2.3107179879845647,4.624436378248936,75.146
20225,-1.8737988250852684,-3.0726974121292714,1.115898458196325,-1.8626109893005285,1.733822918985669,-2.041897120635368,2.5381980985040946,0.09206309733120632,-0.6769877423357744,1.4341524889123756,0.6648625147074297,-0.37470165310361414,-1.3749836554794144,-2.9541038986223307,-0.30923556984023554,0.4628340078795878,-2.83335033213046,4.474378517889204,2.4205318793182644,1.542195019229408,-4.215906612865391,-3.1674646454606403,-1.5032011103605023,-2.616705113670432,3.5370978353578413,1.4458698816935396,1.4463924884951664,2.8978141934146517,0.32044489344229,-0.6369347401001798,3.280770806991463,1.4716915454678239,0.8316272036634708,0.1608240796243967,1.9458375735480655,-0.8916242995065654,0.4896991714646475,-0.6205107911207398,5.378446809672325,-0.48857651077768816,0.33400578785982893,0.8916833768619222,3.8601967123611396,-1.3844195808941848,0.5381113805910451,-1.8554570535262236,-4.8093070214102,5.633312278761693,-3.589608427207924,0.35710454805562997,-1.0099937600253466,-0.30747478995055094,1.3025046570677132,-1.6788947325138772,-2.831634869647682,1.0193659600270382,-4.933048574369494,0.553448097950416,-0.5030434608265889,-4.953290938405919,47.373
20226,1.827763527875142,2.1517565188138708,0.19423728091857634,1.8539151828598166,-1.915712923294902,1.6783038738032372,-0.8629072162426643,-1.0288643330756155,0.8097259984065688,-0.7847526747697232,-1.4959029734578235,4.137827610217578,2.4453766726213635,3.6485979833514812,1.452423052161202,-0.7268101895239785,-0.13524568749893495,-3.66191996951166,0.015715922197807042,-1.7105452323269894,3.8342844312513917,3.6799368595453563,2.389649651024616,2.3046686363821145,-1.401921920312501,-4.023482093543588,-1.1738184126341589,-2.610344368127688,1.6510093211910226,2.023709109342614,-4.1350869747782735,-2.024929554699753,-0.6002790931129536,-0.3552417131716858,-2.0141192057284036,-0.8229935854438969,-0.4859857571363855,1.5955888793700066,-4.309343884675574,-3.4717627892230407,-1.427357131156486,-1.0790104290621563,-2.714937814743955,1.6362068247408121,0.03199139330959856,2.9082845280788003,4.124977171691736,-3.4810434731261415,2.9917107029307806,-3.625116607588725,0.10558202567266128,-1.225144724784695,-0.8890833594412042,0.2522612695422238,1.8741437864665687,-0.09388328834822512,3.317458737669934,-1.0699243248929837,3.111194465766374,1.3808021301770816,123.196
20227,2.8135683468299106,1.2055005483086283,1.870633474288519,-0.7063603105535069,-0.08899617212058084,1.4202388247339364,-0.03652835439685817,-1.5588189985444858,2.6798323739540395,-0.02374067114041299,-1.4896891285629414,-2.2890818154541823,-1.0969678568554562,0.9872919188010818,-0.14553469477154257,-0.0421113877721887,6.78282400466359,-0.2726296501001442,-1.2500124121852096,-0.6321290146787336,3.0361403179573276,1.1090809243382773,-0.1685383265468467,2.4948398091363866,-3.8440498923272677,0.28586984087907846,-0.42808452398500446,-2.8047749139156184,-1.2305962813185896,-4.677656568351052,-2.5667515521073576,-0.7392340913024459,-0.4537768349279268,-3.4210637678037585,-0.561692734099535,0.9098732090306351,0.23267533639763213,1.709207246778289,-4.296725058012645,4.176594938196204,-1.8804549059108011,-1.523103264838404,-1.1945706205686113,-0.46327230681137077,1.4581083610070489,3.007327975685415,0.6944493943695971,-3.5791740188638044,0.741255763379138,2.538062948329703,1.6324632308756213,-1.0385905564396791,1.225332219192417,-0.7816539497061352,2.6232227500278036,-0.9386317136883675,0.44709216448247047,-3.360018548391455,-2.3288690935312997,-0.342028604023765,70.254
20228,-1.8539037624721153,-1.6935405424349312,-0.8556631183208362,-0.6492044428889053,1.3064549600042572,-0.946596554173177,-0.408914729596766,1.931326475754214,-1.0216034501478632,-0.4440745375230373,1.563063819913946,-1.936808868542188,-1.3243313333227074,-1.9598976635437397,-0.24708360761130962,0.8698645289632296,0.07123405250173753,1.2741635113129037,-0.8344639456220966,0.5325051835914114,-3.096306371768553,-1.9606014111043897,-1.8777108649595975,-2.263063044667179,1.0685432998813533,2.8407159355591647,1.2985165291533276,1.7107307222133712,-1.2608852466901794,0.08183855775424623,3.1638276258528384,2.417448992888318,0.11937976977973955,1.7603407829163327,0.34210752821510393,1.4972756622435435,0.9188926560780237,-1.2592582938814956,2.7249415903752525,1.4076110265649326,2.280420709644558,1.0245859016982433,0.4129460287348685,-1.361922550694617,-0.20508729062946884,-2.402415737876641,-2.1215195591448164,1.0054391443934387,-1.519216567781661,1.9454500553839922,-0.021807818133851208,1.6120397599907037,-0.005664094071395426,1.4656141451538578,-1.1069547799511148,-0.5666090306894572,-1.5522994479769878,1.3810846215107568,-1.750905673212372,0.5000449053164361,29.557
20229,0.5656447050029119,-0.8413034237425536,1.743438978621821,-1.3428521473094566,1.36761494759903,-1.8866262699846539,2.8863265866894516,-1.1099688449249092,0.4934147671871556,0.5192482090445296,0.43119703636222956,-3.5066925472896555,-0.38548951148439725,-2.134192543179588,-0.6457387611653158,0.15513751196768877,-0.4067567752724653,2.838934743971558,1.1844701915401088,0.8876412576356938,-1.6789988769776931,-3.0593450582810537,-0.1962272944977382,0.4748950147468721,1.0373440463867036,2.075908090103047,0.11453650511521596,1.2621417833945545,-0.9718825758457915,-3.5269899954477606,2.5016478765583887,2.0181017888549135,-0.37101217284021176,1.0811520378185626,0.7867674135180188,0.4883409131468415,0.4446229517928,-0.12122977504549165,2.7016249179655967,1.5681448622140626,0.17426362518852484,0.7894371848309758,3.614141445067375,-3.04001202096457,2.1385126863233066,-2.2866450858383267,-3.988066110498153,2.7453467110923975,-2.704721341965748,1.2049306430404978,-0.653870973436097,-0.4000180776436035,1.8474624709907383,-0.52545968539856,-1.2608418183808667,0.4781366147612341,-4.6216229340486645,0.33986986427199445,-2.597304550774945,-2.549920175455707,76.202
20230,-0.30809197667940236,3.651732869728237,-3.195679097526387,2.8692636786659804,-2.691737692098381,1.8678085996974105,-4.889909964248966,2.832943640411659,-3.8957953854843943,-4.888229702290712,0.5826847373287972,-3.453317028255977,2.1482194749809174,0.679552043468395,-3.6370394959308103,-0.5555849273521798,-2.2618560833491137,-2.294225325138605,-6.184177458963797,0.09774917841385444,2.4631226076074664,0.7626964899685352,-1.0637513710324922,3.10573062240651,2.110176076367409,0.9791325600399432,-0.14392384274545106,1.3710902636604136,0.12105979358421501,0.5038174744819052,1.1742970300092426,-1.2522645331218862,-0.05871692961118722,1.8197171251145534,-1.0902408924230231,2.5147463987237253,-3.3109399578136194,-1.9126312786916373,0.661936209287157,-1.0264389860131935,2.914091361400929,-2.699677578176425,1.203431944420577,1.2151886627639201,-1.7794357759940733,-3.7716939888027152,3.8855739456590417,0.4758060436273841,3.336940646060526,1.5872839084911154,-0.5446729900807921,-1.6713086246407456,-5.531858463144262,1.9997415448656921,0.9410008645560239,1.2333164461110009,4.786954377504802,2.1531119966561927,-0.5033984421274262,5.973231794978105,89.411
20231,1.770141755162392,2.023734194908821,1.7506121533479735,0.6610208297658126,1.9457275953775905,-2.8658257545196757,4.130164394211839,-1.7081077052952784,4.383845703253444,1.5267130271419191,0.6185858479913355,-1.1975875851144444,1.860181642761612,-1.0896008320324024,4.359589143152803,2.1419759928878332,2.368698666254409,-4.636050921569393,2.9332732428652495,-1.7175601530982276,1.6919479081906865,-1.2066769847254541,4.295876674810037,1.4943928897983971,-6.597283898033883,-0.3278352838655929,-2.723764862519141,-3.1802449885031736,-3.5936535980749444,-0.8401840899106452,0.056682364103079655,4.690820934783879,-3.0474222710873535,5.37945688518396,-1.9124756173736348,1.01414676180054,3.406691333542457,0.5707464902310238,-5.401528037570632,1.35014652046299,0.09760935734841919,4.64811809880512,-2.816961375916379,-5.1959650705355624,2.8669269287828145,-1.6792268863680528,-1.2028783366945648,-6.522967517815423,-0.7566863947013697,-2.250225713707221,1.2357283270010289,3.781758617462557,4.798797680048878,6.738348544420683,1.5250981287595033,-3.117604031061706,-2.7860071644185247,1.496529439505951,-1.616130640952911,4.637371614923301,119.122
20232,3.2249024393802808,2.696052396045111,2.5327507122947313,1.3476520228848183,-1.32469818371624,0.3884753684892934,1.4853352284710055,-3.061764961175764,0.035101866851628,-1.478592669428915,-2.1647688095071334,-0.9765740140193141,3.7367131846122317,1.239800983231924,-1.1937884771894727,-0.595053708700651,-2.429779625521873,0.14374743935620593,-0.2741797638321649,0.14255496023458752,3.393753459791406,0.7123349557303035,2.521950066020461,5.130669642831135,0.861433992550539,-2.9646930967578395,-0.871913302707407,-0.14184466591872893,2.223059117780064,-3.0283739050426526,-1.7774465379396278,-1.2003457216433469,-1.1153645788016349,0.32265826874646997,-1.3794179031425884,-0.7915804714734396,-1.8701737321578205,1.2415769254291882,-1.1220066410436538,-2.4510819887188626,-1.256366194475893,-2.188460175907723,3.7292362141211743,-1.0950167618763829,2.583620123198114,0.16228725263871258,0.3508261300176619,1.6261232315899137,0.7823892630149026,-2.028300545997633,-1.3657820825939397,-4.5211013934848285,-0.35764090048284103,-0.8962133886659474,0.145972744399047,1.58928774140166,-0.5558390862031988,-0.3913115723845981,0.2265830100581068,-0.6283608706025449,152.009
20233,-0.13901719868429502,-0.23084625307742,-1.1291570206356116,-0.2712977495614338,-0.3177046264640211,0.5472928652883786,-0.8039299323208613,-0.09369599197141104,-1.6017660872797876,0.9679502854508709,-0.3570837332380655,1.0406862208280814,-0.5045186302116594,0.0946022786419868,-1.3909380834299072,-0.8422083869578597,-2.1555480142070187,1.6966662484190893,0.5319295856248768,1.0805264176001375,0.3263067665597783,-0.3109888246747964,-0.4937548345081293,-0.2089209761473339,1.6166082696924322,-0.4657649810973814,0.023586642656636375,1.29239469212703,1.3574110194375655,0.9020292588295517,-1.0263591030653723,-1.9350528760543062,0.6516344297733503,-1.8378545623755764,1.0944450511360806,-1.4425075443001663,-0.8795972529007787,-0.8125476284024913,2.2581107194426955,-0.8265726596933914,-1.6018262543621233,-1.3860068791155826,1.3249400107872757,1.8299542753672593,-1.0817652801551454,0.23722518730662773,0.8986902450080159,2.8973303919203794,0.2026393940233127,-0.18555255817513308,-0.2814249699729395,-0.6254490863518818,-0.8411197791220665,-2.691623135585931,-0.5667513664830016,1.6832210736108766,0.22965401083138665,-0.3548868278637926,1.5211957115935524,-1.2910285153861196,70.204
20234,-1.9524922954392658,-1.6678752716202945,-1.5244635285918382,-1.3236359079870659,-0.958517704494649,2.203094161048388,-3.9705111772042936,2.7966046841332197,-1.4395312014775423,-1.6788389779124024,0.08991025527738183,-2.5624247287197064,-3.058571618118997,0.020782070711371364,-2.460574023469534,-1.1205470044250267,4.343848704738704,2.6174670441831305,-4.503718418012029,1.29824972184158,-1.7347675582971436,0.5824930146040325,-5.299697794164118,-1.6278806401052186,1.8784183053395977,3.6986665428496766,2.3384383017085457,0.44705514522649736,-0.4208442137449458,-1.5939336814605358,1.6434763246182507,-1.4284936219149522,1.4047765570882305,-4.199210529243822,0.7027895146378791,1.5873875370139976,-1.1113827415280781,-0.3543251697650681,2.463650457195667,3.958146822858153,1.8958877100360634,-2.8157065634380616,0.3441033036876409,1.83334037141076,-1.1786765882993326,1.0597746374468453,-0.28947727491903913,1.7779547637417759,-0.04673496899044971,5.591066423263182,0.7124769632799792,-1.0255734703872108,-2.4600753141611413,-3.4437790623475246,0.4279072408099986,0.2323178013847655,1.597235274875374,-2.011190729329257,-2.83367606410363,-1.8558500310936406,-3.474
20235,-4.643324741801092,-3.038171211376137,-2.5867312494988073,0.22149018701033774,-2.597214202940948,2.877653903025989,-4.010390456270037,4.205006201813192,-3.0130726766545344,-2.245873616242244,0.48449051470016313,4.753218022393371,-2.1582378635291093,2.5629895883235636,0.42558615095167823,-0.49696753672825317,1.2140158732655386,-0.42847144397945963,-3.7728688657234035,-0.4525041734661611,-3.330641828390226,3.0253866918506116,-4.534619395864706,-4.711633078593993,3.4558753097083272,1.0158989611802023,3.211682178331263,0.39730889106393164,1.7473746325075767,5.163584098533325,1.2059961281528389,-1.1297171486636153,1.6747131913919975,-2.4600091140385705,-0.2976964737412339,0.3616682797300987,-0.1144486965059055,0.05404862561706014,1.2704955785242882,-1.5005434481835036,3.420104971826585,-1.6939658856078563,-3.7626632396971553,4.8278779616823435,-3.3037278063521773,2.594211241185624,2.1371806767272745,-0.5491538049601449,1.9033270385945569,1.6295560155229365,-0.20991967070344553,0.17771248788338687,-3.7442926819249087,-1.3806455543036664,-0.4645658962794132,-1.2321647097845125,4.4897786105181146,-0.4506182036918456,1.9613056059127085,-1.6807224625159929,-2.862
20236,-0.8851790546645426,-0.0022624390616212964,-4.387185837456789,-0.5103431494169279,0.9696086647403797,0.018936731720404554,-3.663143076218313,3.2416194513003465,-1.5600564989928563,0.7105497501430501,2.613879153792084,-3.503441870252373,-2.855883088647383,-2.4354017195393,-2.4194885009088405,0.13094914881491032,0.4137736579880644,0.7131316091067225,-0.9564572333910516,1.3625894647538435,0.3759565944640907,-1.7316971547509423,-1.968320675832794,-1.114243194782746,-1.2816324069374099,3.7820526405436032,-0.7459625964554355,1.4937191720242633,-2.902265754797306,1.0362103554680249,1.2090687361363177,-0.7439324529452929,0.9105221497325494,-0.4883801291043576,2.2463543547124702,1.7557197775692812,-0.46055496909155014,-2.9728905949884017,1.9884514637793398,4.80785462981237,0.23253612664803336,1.057494353114626,-0.6916963667444174,1.2265149880931914,-2.6602634416660513,-3.2001157985447772,1.4990798967720782,0.8990501044139494,0.3368387338960853,3.6439499222592864,2.2413316680699884,4.120928981095919,-1.425912964952488,0.8181912356357407,0.7383001108140224,0.5147740791586903,2.248396430987373,1.5182609436771863,-1.4416441020153867,4.88259982709981,16.384
20237,0.7344025972698651,-2.2045781432592197,5.465625272581369,-1.5122110046474664,3.088482811770685,-3.691785553416654,7.732188071492345,-4.099124426752445,2.8736117145000795,2.7056700981760637,-0.6984368448577375,0.0983216367416645,1.148141577158561,-2.3659382563670723,2.478845077554519,1.1615999905000614,-1.8366279439604396,2.404053282035123,5.3996414752060256,0.24057825256292723,-2.7271790061562857,-3.135531192574651,2.6820836487671413,0.0006062003909861058,0.3364389234360651,-1.277630310260726,-0.20508481744952112,0.36858957020057304,0.5258438375990522,-3.455192368025939,2.1058599627691303,4.024954905008439,-1.5880206075090586,2.666212263457564,0.033403055360108624,-1.7911412153314648,2.4226162753272273,1.6464593339210025,1.4725465427266435,-1.6882185174341529,-1.01109710069454,2.9262765502730215,3.9599634286395435,-5.323394407746306,4.27004062365675,-0.9509942260667892,-6.90354821768286,2.8877933237794,-5.016484990927613,-3.054094890936069,-1.7902544384992711,-1.1409179703096626,5.4286213630469975,0.7343702865578247,-2.250106968216662,-0.7320635342953219,-8.537574856030979,0.3250684186309494,-1.072797763790291,-6.172931978526299,118.025
20238,0.2870376400547393,1.888454864707904,0.6349894749490427,1.3834958486088205,0.6440576226446451,-1.8251622483774328,1.5579504155891306,0.32161847513062186,0.47529051489193874,-1.1162580661295092,1.2367330450980691,-2.9471034415918904,1.760946439819845,-0.9690567751243375,0.9502073474605887,1.2385849998429614,-1.2597750090177786,-2.519868326122986,-0.27776942216887346,-0.7797997006188968,0.45002673548174316,-1.3771261068909297,1.8859913980302068,1.2844892210804293,-1.3820648829505202,0.46717219936768056,-1.0548263240471605,-0.4029546141990685,-1.3638814441534295,-0.6575946055583858,2.226054975199742,3.7608677555158905,-1.760490735558518,5.175278308439519,-1.5105213431399782,1.5674428689868272,0.7851637991089913,-0.7764824362721517,-0.5725226333725404,-0.7486774724349938,2.4988325087815295,1.8820667916051408,0.502449794986292,-3.4721591290609743,1.2777653814575383,-4.062602120998501,-0.9608025644367961,-1.4036521844261938,-0.6776432595405372,-0.5968483511713881,-0.3585873551188949,1.0570751139186312,0.7639410820198445,4.964426045837391,-0.029071374288393986,-0.9231048986721493,-1.7436018438525656,2.9426498386421205,-1.369537037582971,3.7458039277354382,97.784
20239,2.2272281894362607,1.380021908175267,1.9751760771841134,-0.8753107889398808,0.9569179861455233,-1.0514794984510105,1.7776248274721158,-1.7105228349157993,1.7213095353625807,0.5629700293082299,-0.5899836090912313,-4.445851401959547,-0.24045765268620872,-1.6341348968514744,-1.220263903057139,0.2704013810334251,2.1548915501626915,1.457529935895433,0.04280478124790811,0.47993989303163614,1.4876044112447346,-1.524493283469807,0.6647401500226253,2.8963167691922225,-2.163625718315145,1.4741314286771376,-0.6548334502753956,-0.2736116488558348,-1.4640688672925435,-4.734986881441101,0.07427231964936606,0.6593612185768678,-1.1134110738636658,-0.3402857791435057,0.060035748064996425,0.6967429388246104,-0.26919637897095666,0.11876836411583444,-1.0553991597165195,3.143984801578043,-0.9549951445490804,-0.04797565269305777,2.357565452688807,-2.54529501123354,2.271777202847108,-0.6184955353074002,-2.1181483181798875,0.40350856954675457,-1.2647614206610178,1.9464748538814232,0.7813763079284866,-0.7510337053908177,1.3381220324167062,0.2319639208370055,0.6282326283065945,0.23247802712385293,-2.7900342235105136,-0.6512756130564732,-3.098610845079425,-0.33619435871482306,86.593
20240,-0.8611936246476893,-0.65843373593958,3.5966702883489234,0.920954789818202,-0.8377855811034144,-0.30227216728073086,1.8969628704702557,0.62457762912702,1.2450535805893188,-3.451113223229107,-0.7334581274860383,-2.176207837294694,1.241908577849316,1.3833373846696975,3.2087510859576938,1.0042006341598075,5.439738953296447,-3.299415455358427,-3.884700473800318,-2.6113599483524803,-2.000719958934148,1.3320305648877293,-0.8947534878627059,0.23105730222651288,-1.5110153433225042,2.0718365958587865,1.244035012420762,-2.9957796040697255,-1.5906571569897254,-3.022675391584344,3.9723793987184637,5.70175420027212,-2.442419258516084,3.6548878611507107,-3.765937372388438,3.085572890061796,1.7211421542139327,2.1007493468855305,-3.0859495508032335,-0.046704233149569056,4.97845034985038,0.6962223931412888,-2.1285598980955216,-4.5990573467075375,3.132246184257469,0.35178320337851277,-3.2629341251638317,-5.064328934008594,-1.1676243468207659,1.5244050267158251,-0.655521804013343,-1.2522485336433153,1.1755878172430803,5.347412494319258,0.4742199820077951,-3.7584103018284827,-2.4166454322895508,0.2816411371391167,-4.201625536763621,0.043785983824046096,65.408
20241,-0.9078026776462029,-2.132053283897412,-1.950300658757426,-1.4824735739010848,-0.7211133171649914,2.274682289138377,-3.1690227818594163,1.4094792774370362,-0.9898384262106337,0.7734627148037021,-0.49018117019230295,1.0053721866207517,-2.9575503000072807,0.41998046965461994,-2.113331445513772,-1.5086083966827928,2.170283000015623,3.3715239550401246,-1.473019972278821,1.3565222111449073,-0.6479955368027156,0.6609043205110311,-3.6526312880589713,-2.0470384272332747,1.856480933516224,1.360301825281538,1.2269858295993137,0.9180083021498544,1.0296982733652964,0.39397573787229934,-1.2846571785751317,-3.9091881011892218,2.0241837758081465,-5.88920330646634,1.9498813724847774,-0.9067256700908978,-1.2638515032773956,-0.3176599346470159,1.9219746310265124,2.385913641918457,-1.2768345396665004,-2.1207092786673996,-0.2815844687045289,4.044128874238266,-2.4161191447276105,2.6669145139023414,0.8928580922242605,2.3824105471116495,0.7837369530779951,2.9147209250478716,0.913868869627038,-0.5863687879731838,-2.0611081287996615,-5.284997198304303,0.26327698085435325,1.587364918837868,2.165032512977165,-2.853632735182139,0.2994131601172117,-2.6723867653058133,8.721
20242,0.687365998163425,-0.35141654442948467,0.7439797631985721,-0.5140614806173243,-1.589830483634145,2.779442609054125,-1.3030869068162008,-1.550771841620544,-0.24091682622278726,0.3130053652526907,-2.479522120209331,2.7311452732328343,-0.3855893083244087,2.667142654919143,-1.4402849438529381,-1.9568367158055509,1.118490710143499,2.315937172880093,-0.8137983236485365,0.10191434589048126,1.5542035497282423,2.3998092190366,-1.6680740179158944,1.097730109709134,1.681016628332981,-2.064136312242583,0.9184119948971152,-0.5847367975241898,2.9694702919471263,-1.0558430780928532,-3.2982615003976647,-4.485759001045992,1.8322013974397597,-6.117412431744393,0.42513726035142485,-1.7655753467211068,-1.833224433191067,1.4470203916412752,-0.3364467932343314,-0.8066269963900459,-3.1748907249708296,-3.9161144258830407,0.4327937151748751,3.675051266537065,-0.572759517196642,5.188355243629707,1.6984523909995468,1.881592773698874,1.1204416112843996,0.00044445122843561613,-0.24767666967188312,-4.213382965230705,-1.6605295074906228,-5.959434022282378,0.30966846685071037,1.2866644872389472,2.131270477511227,-3.9860349210017105,1.599485284328521,-5.076266053021947,69.291
20243,4.235565820139466,2.118119199900568,0.3699859837679502,-0.729932631797563,1.800765353651038,-0.8255808399531878,1.6298830840704432,-3.5170772343378705,2.120562045807632,3.717872769030963,-0.6828284892414589,-0.9690992162702003,0.316861473028654,-1.4663260997099727,-1.3892515723569572,-0.5479468713106126,-1.8248249371654408,2.1223084771480987,4.553655953149267,1.500281686893842,4.42806063128948,-1.955242030079396,3.7026439642588582,3.5483028684038866,-2.651094577503945,-2.132682023429337,-2.8346354900507107,0.15661503594400178,-0.20455851120546345,-2.762053808055276,-4.426415458297907,-2.796879962629509,-0.06361176284164655,-1.863830285345363,2.0947209186992803,-2.7766010194510016,-0.9020806539947989,-0.6600009221462105,-0.506385516576356,2.058405642665247,-5.744391312372409,0.32926057968153544,2.6490953010499787,-0.23452399565133455,0.424342180208485,0.8692659155701155,0.4148980377396124,2.0273961532805287,-0.2887964754377184,-1.4946822900452346,1.1290535884262622,0.13801657282224397,1.9767958862308865,-2.7396415773015543,0.7928656333025199,2.4331586644050813,-0.9628363259994996,-1.2689301158784165,1.4040480287896535,0.34121649771273704,119.193
20244,-2.9533408167500124,-3.4442361121768665,2.138720093807144,0.1353644082405409,-3.2172685138140236,3.394663638228914,-1.7931490560286798,1.7035435442413072,1.1496733766521101,-2.867305045546221,-1.6394838481538265,4.568263391703071,-1.61482938801727,5.261899845718319,3.46790051793894,-0.13624766947162842,9.996805167745102,-3.6675144105140887,-5.628039444263872,-3.260768359835928,-2.406032491392683,5.5335760374306195,-4.644303279564659,-3.2535865899135086,-1.2727989606390964,1.0529444006658717,3.40096150224467,-4.375333347125949,0.7660388937318315,0.9417953450382658,0.4060698006996004,1.6088067499636167,-0.4345200213253054,-3.335979865385072,-3.3382049971152874,2.312780808258561,1.9377081163560281,3.762733222925444,-5.432067354908458,-0.27508038008773456,3.9926509749728045,-1.926050797476185,-7.634046362657206,1.6122039367489502,0.25137019076780387,7.231230713891288,1.0438857750935369,-8.262172638982717,1.3126780639806894,2.3536597163478654,0.6950558033147579,-1.2855438336736982,-0.9352966920750115,0.10632723013507081,1.9378552941953946,-4.619598539153633,2.9407192414211187,-3.812073891740133,-1.1072520433292947,-3.298386579508706,4.219
20245,-1.4138308614835924,-0.6428530835589955,-1.6026411195827404,0.22371938360156313,0.02102739822645171,-0.4756603898655687,-0.19478758894577175,0.7520752996221567,-0.9415294672045117,1.2416986843834885,0.38825934457966643,3.889753227423164,0.5226774931320635,0.260596235185764,1.027229771215913,0.020754967257640075,-4.430494236904606,-0.5342762951213835,1.9042341539339547,-0.03529497579930349,-0.6616806946071649,0.4583464852158544,1.046260338174955,-1.6299999924102222,1.6556071619778299,-1.843809359730789,0.02396106609136736,0.6987835933167255,1.3803416104170254,4.063407406084859,-0.7009179145763899,-0.8489533029646084,1.1317979579172084,0.927958291166161,0.5758723105959929,-1.3162735763172262,-0.09552243008258371,-0.6633552961263411,1.4032370089685857,-3.04985923428989,-0.4050700037785903,0.7838809500957562,-0.48606547290832197,1.7528605707348774,-1.3043010346333328,-0.15272773046958749,0.9787491037747941,1.353660722698831,0.29774464343483864,-2.7946277803342277,-0.4850896274716335,1.3641466508650233,-0.2813350447141916,-0.1766032995797308,-1.0003940950908963,0.32736367900477453,0.8729466514711519,1.1700358098995736,3.472066136088613,0.12055770012540462,77.319
20246,-2.416358842674014,-1.4708494170100936,-3.060318156655434,-0.7037727833073999,0.15374445073782952,0.29923252492947194,-2.107253007389248,1.861283658048201,-1.4664780560173882,1.165181556562609,0.975982540813272,2.090658454117687,-2.145743290714314,0.2195919022348532,-0.24205988265536654,-0.5595047068838599,-0.36395198902169446,0.6952821201793109,-0.06941355930080921,0.925066781995629,-1.7181848936465196,0.08890979471825994,-1.8621633690109223,-3.1973249676836333,1.3188535769268808,0.7070895417661802,1.1587552777990089,0.7596252426724643,-0.06937369432447779,3.4295658043780666,-0.3361524145411527,-1.4878626311600227,1.7234518189997805,-2.014405930606582,1.4108561924680063,-0.79137234268324,-0.2515110034812176,-1.1315192200595785,1.8400804399846595,0.10194586177647147,0.24859016714815715,0.06956909045340089,-1.8283655468290423,2.61617562026428,-2.481425306225955,1.005367853549076,1.0597929747937513,0.7019813796669434,0.18281065799058624,0.9516735481386364,0.7911270826373573,1.6923180394117308,-1.3292652857889566,-1.8000074019430667,-0.40923529839743955,0.3769692499343553,1.8611038655979375,0.19829139388582945,1.3275246811904993,-0.7143846891038788,22.157
20247,1.5685870817799277,1.1332525650624001,0.6873103789982977,0.622597984256805,-0.08725084994644139,-0.34892151689262946,0.7387292387874631,-0.9990842786174371,1.7038850079173526,0.7179421060166363,-0.029254801743433617,1.760253088454959,1.4343037026885441,0.47998702103839597,1.8904399227203157,0.8100397154009242,0.10070746497939376,-2.3214815150473003,1.5884393304976852,-1.0789203273740189,1.4022837022457169,0.7705184438937083,2.6982629561950877,0.6494408128294569,-2.6153547812482163,-1.996241246003593,-1.3920018776958323,-1.988073169820404,-0.3440934478304874,0.6802761851192629,-1.3193616599736695,0.5934898760321019,-0.9288321814663467,1.2551471042972662,-0.8806596999698431,-0.21135866238592682,1.183998175690332,0.6937119649911767,-2.8573011258460723,-0.8039887889581528,-0.4402441889114488,1.4784778794865834,-2.168247322242355,-0.8559648593699691,0.38767102333513465,0.6278508877659885,1.393465430099384,-2.9985903402551526,0.4693781934444822,-2.152216267709813,0.4542561747544037,1.143396095919452,1.1320092705704974,2.403454239757183,0.6732493946100131,-0.9864926309392057,0.5607834123390028,0.2721873039720791,0.912129291361319,1.9675108592999577,100.129
20248,-1.6467767665777207,-2.068206333521276,-1.1738429387681695,-0.9464520962743876,-0.3263533085831072,0.9232813122499283,-1.2338925511278538,1.0846054662555786,-0.5248452100613789,1.3948032469670149,-0.18481822477947207,3.253679767596937,-1.9623388130719743,0.5146525611559545,0.434026094839359,-0.42489032224191836,0.5171814763029138,0.9600609548251656,0.2973442400874596,0.33557423441219913,-1.3892858280330131,1.008933490158745,-1.5225523976397892,-2.3930916198598724,1.1939934534872259,-0.35589494503580166,1.0671228486039837,-0.030237704182998572,0.9156892637956783,2.9490031471728457,-0.9950773121730181,-2.2393848412763675,1.6498171647908704,-2.7630283337566706,1.075313159609093,-1.1906826877409742,0.45347987787026334,0.2876473793315147,0.8755809788049769,-0.3268140858777886,-0.7613342380770337,-0.5190494625450395,-2.285859124576254,2.902847660485162,-1.8680105077589582,2.781449490751486,1.191136567216049,0.10162988413814325,0.4007738505696635,0.05909402066814792,0.756967059413345,0.8890719107189504,-0.8618164266290008,-2.7286169229480293,-0.3138346538579536,-0.4857348292042933,2.018862393596505,-1.4509611967644387,2.199951183142147,-2.4193133017521617,32.075
20249,-0.1776327775919814,-0.6914296702011341,-1.5362661301985956,-1.2927812335596924,2.528007434795645,-2.0811664723938508,0.4264070284956405,0.21117839164667607,-0.12004453764648498,1.9489277364743305,1.544456926241165,-3.0365863173169934,-1.365179387582196,-3.5126726210393424,-1.856567797684853,0.4920545486612733,-2.0042075517696776,2.9943471183883275,2.546908717069313,1.861541783784277,-0.9110206520564536,-3.7924949365356815,0.16911537987290942,-1.1317012009147664,-0.09436910542513571,1.967040898246748,-0.7400806296356812,2.1889791221650334,-1.6476423444051815,-0.2876636328229004,1.0844158375404556,-0.06428439164228458,0.5991017385666859,0.6716574948360439,2.85643417461219,-0.5273547213976496,0.24528501404847972,-2.272391616027254,3.9386354817235127,2.678307035871218,-1.2277930051220667,1.6286651187920544,2.6974298970486066,-0.7851149318581712,-0.695033991232532,-3.2276879370224116,-1.9268318392937027,3.770384909251918,-1.9430486332442145,1.5862353232035082,0.7271289723577075,2.75714877786677,0.6874721404043251,-0.298001583451423,-1.097831514100228,1.0981209502997094,-2.1563949432283525,1.1493016744281408,-0.7359125470253414,1.0778711257739289,57.149
20250,-0.6756318152134337,-2.9569084983984966,0.6345151902350984,-2.3697077118219694,1.9528597320647227,-0.06639538210727335,2.659130303083024,-1.8667973361003358,2.4999823357107513,5.48921907819099,-0.17917028789459624,7.4586099727980155,-1.614333280756186,0.24839242420931573,3.8654376672198953,-0.08197650619638924,0.13765165269074803,0.748945525804074,5.595679002450761,-0.1129160152096943,-0.6877029856396937,0.8356183102011356,1.8070210657201846,-3.522945535578281,-2.2128078613580597,-2.7640463349808253,-0.3774175963587291,-1.7226404391546455,0.9619767802189642,3.543915861311778,-3.7815154063660863,-2.072665987697294,1.2556255081504473,-3.229216504025498,1.4249295978103322,-3.222086805292563,2.527975665053742,1.2704551025771182,-1.1326686003995587,-1.071348619014277,-4.003081558236823,1.824188590801926,-3.4086006299075384,2.4750587778006454,-1.0897845659825318,5.176648579221733,0.6607388945672246,-1.730654852936725,-1.0804845610565446,-3.6569748387085883,1.2844830466711268,2.8445342168204855,3.354283030828019,-2.9661916499203165,0.01269222502330089,-0.8555569456157271,-0.01092139149881205,-2.483314369030153,4.4657817712728605,-4.325720703261384,57.698
20251,2.6853758310672973,0.9069771378817753,-0.04421538958668048,-0.36990849911943935,0.8433427624511469,0.03975141186323666,0.3186471271716879,-2.0534556325838484,2.057863389534083,2.4318240992235447,-0.5881087156615853,0.4231215156695174,-0.1831305107469297,0.020462750856992562,-0.34563984598330544,-0.27773122352341495,1.332293970612567,0.0051215686859483744,2.508901503097279,0.39193228709063765,3.600123700861921,-0.34577638609141437,2.050522572114351,1.8053842667507216,-3.700084757386677,-0.8640676363949078,-1.9651755892137528,-1.6217753656985798,-0.7544117243968522,-1.064500769662447,-3.800491992108992,-2.3878423769197368,0.5503206893337138,-2.3713382516120585,1.0610039446064818,-1.1338727643697712,0.0037978078129744103,0.08972055659895016,-2.5675702799210103,1.7364711249118625,-3.787769709361427,0.24789506895431987,-1.1759982182998128,0.9276392678028867,-0.09899815802712222,2.191174592604527,1.8377422092503373,-1.5113842767759342,0.723859724898861,-0.783314931375781,1.4275379058733866,1.3015383532665268,1.4587995768978606,-1.3261884055204844,1.5132868378530144,0.5663192249592,1.1905516706331754,-1.9390695441709722,0.6641699802560157,0.9870739453505111,94.076
20252,2.6927053737430837,1.6033999989530328,-2.7177770939450765,-0.04892181495274575,0.43412938302407833,0.962094643871816,-1.3517304492819762,-1.566433978988685,-0.31218647572811276,3.3344932346267537,-0.6535899327375366,3.0433327695038965,0.31140003179027376,0.2319104478598023,-1.592208525611704,-1.0403608429340603,-4.37403064802434,1.3324214847698899,3.899447198039268,1.2119301615857307,4.579015564127866,0.24823002435980526,2.7558143122120757,1.5672088804165483,-1.015533436075391,-3.4347880572920064,-2.036539246903706,0.47636923044541457,1.765834137007431,2.3791533293138194,-5.546369796561766,-6.46066390697919,1.9881281207549355,-3.459347050522094,2.674231518527143,-3.7255082102799824,-1.6735834276776946,-1.1062065436060187,0.3550324858278385,-0.8649396729251044,-5.787018375652641,-0.7065265073731158,0.738134013941478,4.073503861959721,-2.198196875504124,1.820467075378727,4.2510979716163915,2.5274369772936502,2.429525255498664,-3.0778544276757582,0.8778510049355134,0.7186153994060528,-0.6711495386667133,-4.298750454775307,0.7217215945103344,3.2314596195123744,3.2130819684865024,-0.7227874721351295,4.669298124512001,0.77949428271929,101.391
20253,-2.188257433195711,-3.3671957725155592,2.884194199592909,-0.8061260952459679,0.5422891890455515,-0.4015336451122827,3.3169854616690144,-0.8364846628230568,1.7439472241901057,1.679720868462156,-0.5042299427215725,6.258450879019377,-0.019608991005225056,1.1542916720596397,4.742576541148242,0.6609007443517021,0.8109201044101442,-1.7356016535997958,2.6522677903232603,-1.575925958889466,-3.3781184617724405,1.3403786676361558,0.7434796822669959,-4.091481014620404,0.1316982262074495,-1.8510147968588853,1.2482197674849065,-1.889326065690733,1.1971969744742352,3.046646351945302,0.04010516016734278,2.737490797863512,-0.2799652276851654,1.0853128712383031,-1.0393250374054503,-1.079869497201059,3.48351793078677,2.329303427539964,-1.5036442130372278,-3.556843287678129,0.7428033983740648,1.9184500272370126,-3.480633467903648,-0.446622628909649,1.203722706242143,3.4789335781079145,-2.2882363151128575,-3.0346446798092934,-1.7898483358603978,-3.8880712789635816,-0.6835717798377426,1.0183799228128112,2.7351033059144663,0.7349869991172463,-1.2477687493622316,-2.7542416021268896,-2.150264515908214,-0.5236214853333436,2.3329431864615313,-4.28397313863683,61.975
20254,-2.9410183164566535,-0.5369994189852317,-2.2369341214445893,0.8216994769020414,-2.140083159317967,1.6002331597342188,-4.662440124513051,4.021086920477272,-3.266735566649922,-4.410132451300385,0.8332792365841678,-2.0139148158573077,-1.0917817882639023,1.1783027707866176,-1.9236007869516856,-0.2135916985199271,0.8185338785010942,-0.6582003286434134,-5.93720154923508,-0.4186248949973448,-1.9571999728708496,1.3275931779317842,-4.1120763703700085,-1.4036542322143628,3.3602999662408224,3.0624750294054444,2.3745028043723018,1.2579204907080686,-0.07215557875632361,0.7905241281244506,3.5458322741613606,0.7893956605611003,0.5267863182115509,0.5773994208967704,-1.0871370591593386,2.645578561012593,-1.6558651683565953,-0.6284054335744823,2.00314965283941,0.03228406245328262,4.854836494231634,-2.1145488169469973,-0.6106809639812862,1.6543120498609922,-1.4891632912472326,-1.884427795902143,0.962631098404698,0.34776510811539413,1.3278771580771587,3.4017342543191624,-0.7343631711752908,-1.3368283702113728,-4.236506664190971,0.9331360726889701,-0.3715684658286559,-0.2607763481514353,2.4723483552488723,0.8455499394223334,-1.6625675919529084,1.6428329477613992,24.662
20255,-1.7922836654579553,-1.530399920805617,-3.7706824001371335,-0.5672952721184755,0.028748454678349245,1.6982798834861905,-4.085818598843331,3.0942423783662676,-1.605866429393929,0.527243785064282,1.017293272705706,0.9916616433216439,-3.119481098189371,0.10958676021096464,-0.6901395105981206,-0.5989796105061351,1.5026455258066578,0.5385740190544485,-1.3451461092811494,0.7328600069774671,-1.2025542757812624,0.6074276178715989,-3.1163408548605056,-3.4007905924897277,0.32922186897963807,1.9190330994910156,0.8493089515925548,0.9286298130826376,-0.4839219616986598,3.373242010934041,-0.3734062913167934,-2.218386652007634,1.9083249304176824,-2.746006869367724,1.4982948111846734,0.028757538357330886,-0.25500250669236274,-1.5073981305478474,1.349879329473079,1.9522828169268895,0.27689583782357563,-0.47372382166042626,-3.026424562863285,3.8639054367867796,-3.6393513525545726,0.5835690516754236,2.317182400633945,-0.30337559991026797,1.0383328414875685,2.1812975732097466,1.5834806326003317,2.7300016210396594,-2.173525544365044,-1.8482452352894496,0.17076070445157315,0.1594289682594891,3.4271776596790775,-0.4081760141735247,0.5848907130158855,0.8719279250743991,4.506
20256,-1.3438293767205096,-0.27810874998352325,-2.9699092733985184,-0.09440399415419824,1.0858030182107872,-1.5689265991494339,-1.5444471132809832,2.6523840771407947,-2.544551264853905,-0.800684794818262,2.5333278312683056,-4.371994430955115,-1.3549851224867513,-3.309849788927798,-2.5512208572475052,0.5649694811616912,-3.2771919900045146,1.411303354383128,-0.41434396391502404,1.597891848523962,-2.1198493405823085,-3.190640039312069,-1.2211277634931075,-1.4182368414863118,2.6275553695378733,3.419380359403649,0.12121854281897497,3.3243137817962958,-1.766276024933954,0.6643769493706831,3.839178839012177,1.3655805650532542,0.19879654968705052,2.9828500662226514,1.7163541668014701,1.2217411055297844,-0.8876197381353391,-2.9224827156528166,5.0834550068171325,1.5526079212244546,1.9275765189474412,1.5423622014939429,2.6326164918243338,-0.9874295036191976,-1.247022008210787,-5.681747810562296,-1.3298212208051843,3.7545125411076183,-1.0021230861477004,2.1094858111548844,-0.4102698117084223,2.1302659632676786,-1.1528438504748855,1.5478201743646232,-1.3433405085398435,0.8843581937915834,-1.224754909740586,3.248856027146433,-1.1780219867293251,3.4605098296092303,46.247
20257,2.20863802184049,1.039433711272681,1.705583376413689,-0.579839753442558,-0.06836473233364805,0.2887813976886718,-0.09875673100617544,-0.8057379095185704,0.6754275994834075,-2.0341912539749782,-1.2059268040361215,-7.396157491370717,-0.31144148300747965,-1.6050117097270027,-4.0331541744703285,-0.5677002839051011,3.3369794659021093,3.229367316513396,-3.210950445757752,0.831168554506628,1.2005017812157934,-1.7661022457424518,-2.3207964321013965,3.6950675018611383,0.2560430355293992,2.9954238381785587,0.6735791233095505,0.8749507541474477,-0.8685063835828708,-7.409013624293084,1.7110164785286919,0.19999461305169824,-0.6266741980049684,-2.122021759632135,-0.23259679964364413,2.194510222447754,-1.994612690525581,0.29400851829444896,0.842811375869799,4.602446485831063,0.1610682699778465,-3.080145312200129,5.118915597758958,-2.484893217507263,2.173942626537347,-1.2598796727556028,-2.674372712108929,2.500841595626104,-0.8642344771898745,5.2207789833171105,-0.29943876098248995,-3.845845579040301,-0.707401646058632,-2.0254524562750262,0.36442842403988535,1.2090750325138957,-2.047805909589915,-1.9766649493288466,-5.1114490909585575,-1.9146416026360817,79.549
20258,-1.5521665063206296,0.267579824205416,0.9793921617425279,2.156462239645828,-3.938587158696516,3.3910794329655625,-3.182771154406677,2.3985102417125845,-0.9378389405445208,-5.341459515450842,-1.4450545722555763,1.834801052156847,1.1762101373029792,4.8826278273326205,1.3415497211087883,0.0006219870379653714,5.520435210607377,-5.01956995650489,-6.964759430956818,-2.873274627892956,0.06227502631352233,4.94780474196239,-2.3895367264831266,0.2887985547359991,0.7206459404872338,-0.26743917805356904,2.067025539576009,-2.8892112611923655,1.0361900973707712,0.7825553628876727,0.7429408851939459,1.4949274503892247,-1.0011722634777949,0.11817178494089603,-4.642080417610241,3.2577562322847498,0.2956672655513828,1.9694195687607021,-4.405989300343662,-1.7886862383555082,4.957717785387504,-2.2942010563712074,-4.423732701249982,0.5325586062339009,0.43107573692646695,2.9794429188930174,2.7173886405066483,-6.4635374794557094,2.7187752354668495,1.363340938554707,-0.3573779366316159,-2.6690665388449544,-3.3699498385170665,2.3001150525887715,2.238667865977683,-2.856385228401657,4.329669749235229,-1.1163149791307847,-1.1045531280529646,0.953243798987343,54.225
20259,-2.964975669222266,-0.7907993514984896,-0.7775966168668301,0.6227464588311423,-1.3968999580064794,0.8343478112439193,-2.084332049355298,2.8439270642434016,-2.7060560423684525,-4.021394620593365,0.42898382518153444,-2.581421048394299,-0.38674737283745253,-0.09790357097492913,-1.6952934948291851,0.06404109546283746,0.2713231557936114,-0.002516016220505833,-4.833104752058424,-0.13868533895382887,-3.2122151121314313,-0.10395605396929511,-3.658666808882993,-1.2177735811278478,3.494308326437106,2.837711136505363,2.0960490611032223,1.399830580969523,-0.1654037530300334,-0.4433682497279611,4.464927129618777,2.5278112013819993,-0.3198875069302788,1.3645178648915621,-1.5420670548561486,2.973776832079885,-0.6612180235876584,-0.4956178209558421,2.7542978940618,-0.03276757025859478,4.746310149136315,-1.4105430142864384,1.2215937655192683,-0.7108407480247482,-0.3814711431972808,-2.580061544830286,-1.3680658927287623,1.235821219994851,-0.05292871726818518,3.006021902958177,-1.1843755723297826,-1.3612923023005743,-2.7859476333687265,1.7577112608322651,-0.9620552559400659,-0.2926633037175504,-0.22047655247742795,1.6143978194199256,-2.644115661298079,0.22496810228724695,31.439
20260,-0.48723289632809075,-1.711429562374256,1.949720778180029,-0.6645178656662248,1.0317315142556824,-1.1367313660507121,2.9482721965794227,-1.2062708848744361,1.3666967603696079,2.462613500675786,0.04446068184745805,3.7926474706931836,0.2870132615236132,-0.49192828156420193,2.8008687437776323,0.2906390972122419,-1.483245940570142,-0.19606545178089263,3.5941323036361608,-0.3148103183274008,-1.5971739699290524,-0.18712224811871675,1.496717025465886,-1.690093107019537,-0.3218250114612224,-2.1420199624583685,-0.09953435423768942,-0.5080050591423462,0.07918177021620476,1.9428948565038584,-0.5417759857908366,0.8128685752484636,-0.1849106350501311,1.0302141247478946,0.4856781231693714,-1.7755377173596139,1.6875642044839185,0.9169657998846791,-0.033060769596020154,-1.9309964107296722,-1.0795722956575655,2.0405188418365756,-0.8635202964377557,-0.2996073736444853,0.8785572299968264,1.6911473564695128,-1.2935724411436575,-0.04316255694998389,-1.3356720564440527,-3.152315300845918,-0.022802279999612207,0.929946154579063,3.0368680147113554,-0.09738129276231075,-0.8264294913866462,-0.583622288871852,-2.2198545851334166,-0.372993025215631,1.8902431243974025,-2.5827553985352396,81.434
20261,-0.9721812613562852,-1.0866898492743218,3.3835179815057694,0.2624076600965884,-0.5606895077489926,-0.227283952716257,2.876123341878472,-0.5009731447199808,1.3473457308856598,-1.2795340627289709,-0.905758331147321,2.3725910600557527,1.6161144629485726,1.7419146289949632,3.566695738441499,0.6404224873074897,2.646671754755733,-2.746214276629691,-0.4938309456658162,-1.6735744889373056,-2.1175904934005554,1.6974002979655274,0.1364489461846566,-1.0772138500231565,-0.35060767975908536,-1.1170895172940618,1.0266474769066642,-2.2506852341668813,0.7542731752886924,-0.46254453408684276,1.2686734896741316,3.7185875468739966,-1.3024604706463407,1.914332054056372,-2.4550905987157066,0.6832373946160042,1.9036455560033447,2.574731397311445,-2.682368887712358,-2.8276908297779735,2.636407256556494,0.6106712299000203,-2.004535758782962,-2.0047513561380725,2.405806547864087,1.9813365462874561,-2.288992423895719,-3.8771696069133847,-0.7487220444183343,-1.5584105933122416,-1.0278691997193634,-1.415847504498909,1.4916236736672208,2.5270770568562746,-0.4898377994183643,-2.6753668662454713,-2.1765771747723424,-0.5265061658368522,-0.36083124987563236,-2.2696807537241006,87.909
20262,0.2485568440860726,-0.5952004041931448,-1.5582408138429722,-0.6090954896157165,2.2634965751858838,-2.0039619720631023,1.4963158238710683,0.029449479125915667,1.380482643201815,3.8052852456925086,1.6301366729598015,1.5609580850736413,-0.6214029991630149,-1.8119046307518767,2.155050688629976,1.0246918661773312,-1.5242076277030163,-0.9855891087372636,4.966659375743721,0.24255632227931384,0.15706675888724633,-1.7977984303879924,2.8154895861715947,-1.7006465692332242,-2.92497654424731,-0.688078539984116,-2.140737932172908,-0.01132222278684697,-1.6749947716663556,2.6841546920593187,-0.7404370620898301,0.4781615727199555,0.02333799111986884,2.2443802810980387,1.1615917845805002,-1.585288365571889,2.0847123793874838,-1.305706413495277,-0.27264117915087754,0.5564047567317726,-2.019303958844025,3.769305997966203,-1.7813710405459602,-0.7279322947989659,-0.7215699213438671,-1.280566418869634,0.1945817081501339,-1.212283878587144,-1.378885325684625,-2.577608812778893,1.473103532369014,4.778079226268576,2.93516953007113,2.350488539008313,0.00620800047053939,-0.8364441816521078,-0.8439483774007488,1.629668199715095,1.7113635589047222,2.4648833824000516,79.411
20263,-2.007188425234144,0.4528951803808066,-3.4236140252018394,1.2554479046596223,-0.755658256953756,0.02895656333385338,-2.611506020341903,3.2028658606815816,-3.0996012026238566,-1.8309185544059705,2.1180605619392328,-1.3950946946002467,0.1328659991604364,-0.821955331830977,-1.1439742959378114,0.19598158472345334,-2.60511866923517,-0.9469885751978576,-1.8452370014019857,0.4726803833112645,-1.3941798509984844,-0.6893907866383808,-1.5427700641111262,-1.6149261028639996,2.566424583570084,1.7808704105508701,0.3312241003404142,1.7585341721392316,-0.5542734430264029,3.035989535212848,2.881440874248292,0.8398741103167817,0.19118725727344818,3.301957059341441,0.33309617315890955,1.1125832993370262,-0.9502397622935513,-1.9356959572743808,2.3514102576630607,-1.0969496757373562,3.0153839129794116,0.9889092268091249,-0.239079155311191,0.4900730118693477,-1.873564701447423,-4.176932698270781,0.8041094587015997,1.2195774180253576,0.7797718746284699,0.669217541772684,-0.47626020551469705,1.8208173067667852,-2.3826031997525763,2.361139443265853,-0.3788852025382119,-0.11852623721963884,1.514526474992621,3.245368160839373,0.11571566490656404,3.7530584828254407,46.74
20264,-4.135649804034,0.19965862860474878,-0.9087262966703041,2.4779967634604882,-2.512132081372469,-0.20490563908499698,-1.2727174499867782,3.809578130419363,-3.6949551251552606,-4.932798308328144,1.4330199559034376,1.3485154587929076,1.9617816767594232,1.5026455524227749,1.4823769679797325,0.776641244755275,-2.8915857639771225,-4.218803939985283,-4.065560576700208,-1.7651163974604143,-3.7097761932848536,1.4959522820876094,-1.0290731800335875,-2.121518959110966,3.618239825062084,0.6094025266994404,1.8043659344470784,1.106963062572909,1.1919053406349063,4.349470152501075,4.153420128822866,3.832418624115128,-0.8231707797130305,5.946076959055092,-3.0047076781525295,2.2256997387334394,0.021276111508790885,-0.2920548990841632,0.9171636326308099,-4.7525619156938195,6.730276650053795,0.7293113478866051,-1.7968436424801202,-0.6007162412218143,-0.627414697212406,-3.3616245385530763,0.4797961423339858,-2.090293265017976,0.9096208848840527,-1.278732568124653,-2.2738650602298187,-0.38966020027299053,-2.329290942498897,5.409849856251636,-1.2258130542486905,-1.6971027287222886,0.8989687324031657,3.8535178014910625,0.5855769604376848,3.2147539437055936,66.416
20265,1.670284487901387,1.6168944327942805,0.7375287328898263,1.0472046029593047,-0.8081727406744433,0.20783538740067473,0.6412288404921913,-1.041951360253119,-0.37680122070260674,-0.5624207209687031,-0.9443370620435447,0.09393070067879758,2.3158519638805917,0.32929536178110475,-0.5843991467297971,-0.48050779514915776,-2.3154161781562266,0.08736540482039984,0.12322723100705309,-0.11774986573360363,1.7208705107384294,0.03810735810724286,1.66406909841993,2.2718175989496574,1.0626224064208212,-2.126640396042922,-0.7452881020958086,0.1410639790679945,1.380129293771897,-0.6318571162519137,-0.881789197081813,-0.9223288002797174,-0.4596977377471594,0.5751652438073582,-0.7616283695572723,-0.7336081558245875,-1.238066666646676,0.37192531941093243,-0.12575656913760583,-2.09206776322401,-0.6968126546977251,-0.5966578209087896,2.1327735354260517,-0.21425905746368268,1.0528340995008358,-0.37724937893905874,0.8116106190611454,1.158315498105109,0.954174199728963,-1.84057834893133,-0.8884338169715096,-2.535658303074239,-0.4211829655835631,-0.6403999592456007,-0.3414917998971266,1.2868558862924189,-0.3216979159914827,-0.04233047582442287,0.7462183395201185,-0.04731705284575563,120.136
20266,1.709536519565628,1.4488490758693506,-0.03293023410435052,0.6561485025096548,0.8941577029280162,-0.9225944145651435,0.6758332978536359,-0.6396469009599598,2.503298773888688,0.9351928429798182,0.5927882958209463,-1.219112013981239,0.3540320318624123,-0.3328388149911551,1.704692005727981,0.7876358864960705,2.9309601326583166,-2.9721992043006322,1.1190919689435066,-1.1605769964428714,2.1669265304669785,0.318291598283127,2.168038050186071,0.6662600384053102,-5.2075853529217015,0.2399061247851041,-1.8933326697030504,-2.531680030119248,-2.7105637791738286,-0.32170601755632733,-1.405571571235054,1.4986971477346587,-1.131666162214858,1.558558109292728,-0.9421816862956747,0.9595504077359348,1.4080370799583217,0.11193224985527978,-3.7415365593313528,2.058544878113278,-0.1850351569723523,1.9413190301011172,-3.0454975203354957,-1.8998738078088866,1.3609286880973208,-5.841402743082813e-05,0.9563338764280294,-4.751438481814338,0.3353683765845357,-0.20145227029656543,1.2709759241969811,2.9894642760110544,2.175690382952833,3.5895885888239265,1.4802080031201752,-1.7871452628703568,0.15044918543378163,0.4041244691222444,-0.9181592199379358,3.683855788328298,88.348
20267,0.4909899256798709,-0.6200609428011499,0.3237838149611192,-0.9013402456255639,-0.8732752110720701,1.5131037271305556,-0.5037267244624667,-1.152375911967903,-2.2097135657573657,-0.3153291354497982,-1.4893639331342698,0.813275204532568,-0.11064073296649307,0.4332621796755267,-2.5766871347837723,-1.703100321187431,-2.302116350573609,4.668233396754325,-0.5004258568498229,1.6042490717080633,-0.07609134567447237,0.3452993167263408,-1.417313803343015,0.7351536916765831,4.669661625180344,-1.0295506928521254,1.0632927255137588,2.141732110777752,3.059770842875105,-1.032319828864455,-0.908258800730072,-3.823984320991104,1.1462066788437533,-4.369784964393116,1.5276067847575276,-1.9317147274968003,-2.303004893562689,0.06139656201584412,3.402210100778037,-1.3341079730393828,-1.8969990386890743,-3.4911047467193828,3.981633089434349,3.058371408514998,-1.0992982014304746,1.7770016101641597,-0.3933146290990753,5.668266971649772,-0.024727079621052667,0.32059307013120086,-1.2251324392201803,-3.9448284168121983,-2.0620194900442743,-5.826134532139658,-1.3572043742435738,2.885143806300526,-0.4106901455744879,-1.7009318234309456,1.760926490452981,-4.992279337090132,74.008
20268,1.9992229936372743,-1.4205744610944095,-0.9005827046165448,-2.385721314475144,-0.11872158913044016,2.489043398031212,-2.6011100038256885,-1.3268015614112023,-0.8459380250164574,2.373191139600787,-2.2448763695044778,0.8918894164004041,-2.8054200013989563,0.5541280753016735,-3.9490648931225127,-2.1979231085415014,1.0942792887654793,6.260547736653337,0.5577219265665297,2.637138582912019,1.765207692085257,0.2725543683289602,-2.7727856520906964,0.19443002438345197,1.6389998290656986,-0.6340516479850377,0.9777213195430464,1.2312299671815783,2.0668553123092317,-1.7930169666287494,-4.402228343188168,-7.644957882206844,2.9124081060447264,-9.132465608723615,3.1845082281252144,-3.0337044836194536,-2.605280656470875,-0.1430418980970733,2.5780015539005814,2.573071881941694,-5.590772177738897,-4.181259835194684,2.0824849657194795,5.376725058782343,-2.2691919907139555,4.92139188780315,1.6617216675890019,5.417104344509397,0.8069814087699521,2.5874388168881253,0.9267875442589681,-2.6683171560416237,-1.7705374603380548,-9.727993666676799,0.4443144796269276,3.9131169850615466,2.4622909507634216,-5.30777585010095,1.3575213458244932,-5.764271573969391,39.674
20269,1.3478219426276596,0.38909641785395427,0.6205598799054967,-0.28945145971151276,-0.8594905539236042,1.0255937649212814,-0.48565860353206014,-1.207090676036685,-1.5959339170374693,-0.22239946216603665,-1.5780546372822104,0.37983868424988965,0.6949295594131037,0.7436085958738627,-2.5139271133632035,-1.231370217135691,-2.3798863425120618,3.425067415794482,-0.15997998833235633,1.4121586490051738,1.099817782661774,0.2577816622283124,-0.6407516805702821,1.929950821197548,3.4617012095750894,-1.786627504398426,0.3921771185541607,1.4907375411061385,3.0110194025859793,-1.1935682597842208,-1.8712493922117683,-4.252890682857107,1.3268531274262154,-3.456278313380334,1.0451459675545713,-1.5799866253479395,-2.48908112343108,0.16912586285602338,2.0087183042812455,-1.1864044600731907,-2.2805121226512304,-2.767134931239046,3.738714594173401,2.1419687223298607,-0.09910819370767626,1.2615876104763593,0.781973561388172,4.812659736304175,0.4664620013674861,-0.3952130787328455,-0.9576606086766934,-3.907971570719579,-1.7338083411986434,-5.236949071208051,-0.673739798485282,2.541642643161229,0.49128397751614056,-1.7812215434551837,0.933980814766219,-3.700403177182982,82.695
20270,1.9967169638835112,2.7945822772225477,-4.243100374430461,0.095462936867302,0.7556098919985289,0.36797479213729517,-4.559498403023601,1.56011618673434,-0.8578909480573489,0.10688748552377034,1.199252121233823,-5.612426276877569,-1.5811130599558914,-1.7712873311586772,-4.3343567933800795,-0.33267858284197016,0.6605114790421309,0.10085692983490381,-1.6765837632325993,1.1183298420261463,4.230415258352634,-1.3577703776248737,0.2854888858957969,2.675853118418673,-2.913574968647952,2.4315777931053155,-2.532548956191384,0.8071035516756506,-2.901152542263863,-0.6419832778778876,-1.2353104167739732,-2.7816251363123876,0.7315430916569399,-1.0956189284993438,1.6127478690873116,1.4018762327588754,-1.5574214479532689,-2.879313666123949,0.3078769374640044,5.190888802666227,-1.2572703796477345,-0.764823257866617,0.50545729144434,1.3044154052644772,-2.1256484678788268,-3.4081192666056963,3.4702787709486587,0.08885127043387964,2.2316897280368924,3.9064727771898418,2.650984543465643,3.009973760464945,-2.222677858429473,0.45018621342369247,2.2113534397949817,1.8623284416937669,3.9741657511605926,0.8821342238197328,-2.1914598530783462,7.220561069316792,64.554
20271,-1.8421847464180887,-1.5536983638069626,1.2908713041134363,0.20402192085586965,-0.3801034944298591,0.4927414021694539,0.9416814370760971,0.9767669819378506,1.861354634521594,-0.6235517177057972,0.4600081217725794,2.7500352404996757,-0.02766581630662838,1.8055575532808894,4.459753405424213,0.9464991675298629,4.766464178837361,-4.102027285948522,-0.8850567822314156,-2.565304197350117,-1.581839609290171,2.074592699038121,-0.28607936336335904,-2.1107145907213245,-2.322918384243719,-0.13503399725287388,0.696476416972025,-3.4035518729633383,-1.229131765689261,2.052688792397762,0.7675735080665963,3.3120243287593802,-1.0361768559612317,1.4304391751359402,-1.9623718825884824,0.9644555580325527,2.755118100983083,1.82378936169363,-3.851762151715252,-0.8543967000063065,2.5453603272842438,1.8803996789556294,-5.537460273380374,-1.00992258229063,0.7848555653270436,2.308260780460699,-0.21865901952194514,-6.425193882287338,-0.2853142895123174,-1.0887742398490434,0.5302946619476966,1.6003423619059505,1.355679568922555,3.5917638785956703,0.6005137715048623,-4.042744194881431,0.5978521535410821,-0.02251958979779642,-0.053886745148298304,0.09565925166958145,52.826
20272,0.4496079961122711,-2.347176204218593,5.597999772555952,-0.9350692319852965,-1.214265099577099,1.3595684483096258,3.8474088494894234,-3.1989074505085417,3.6117052575777175,0.33075572947880405,-3.6257508251222395,6.100583972135886,0.7366209935793374,3.6356671619467327,4.207619957069748,-0.04924660565610661,4.410986824778394,-0.47068860540470037,1.30945137267207,-1.9608780624400166,-0.5589699700884516,3.2370934615421083,0.17343822728664499,-0.08056031829017306,-1.0494200944643572,-3.196887188997027,1.4777979433761006,-3.980402500421691,2.9057100635888777,-1.7920197039158425,-2.5248425681498956,0.43051203197123733,-0.5916171894521136,-3.1925774561881757,-2.045688191699829,-1.0419317988842018,1.8284267272928743,4.601155852606271,-4.657479874148154,-2.453324218830099,-1.1048723795143274,-0.940579818785315,-2.4779009451444254,-0.37290763014374007,2.9518711983399264,7.542332672096235,-1.6111971183655336,-3.746417450889092,-0.7684285798808846,-2.8348847501856116,-0.6730387147635853,-3.298299175896638,2.5755627445121054,-2.2041592819528084,0.32289982264100225,-2.322320451536985,-1.5539389136163484,-4.285664110676225,0.767190998732328,-7.910288061642754,86.276
20273,0.05387940760981161,2.1149626199692575,2.4482962026823025,2.626083923503865,-2.579426544484606,1.5248700033124643,-0.10652547508435328,1.0617536682848776,1.5300588414602354,-5.930828718781225,-1.320190093304393,-2.856821904584784,2.3614040603592885,3.666031333015728,2.447087006504969,0.9979295706863691,8.213658236244216,-6.776225914350587,-7.124073823828926,-3.684493621129262,0.5674670902537027,3.75025800350978,-0.9371305492022279,2.438595771795361,-3.402226370707997,1.5137872571534923,0.5728173175213153,-4.252415480153481,-1.4930331491206408,-2.9831893454058864,1.8585285028046794,4.702667653258925,-2.9127915470729335,2.9125233652059803,-5.493735195470224,4.738867568079609,1.0934914582853477,2.615392748454326,-7.064420302839127,0.3744705137995569,5.808665663737533,-0.976807932900049,-4.4442393140386045,-4.029559913188254,2.778893263995358,0.8607941865176569,0.39445460953104716,-9.151708873358553,1.7285583206568462,2.218837999714291,-0.42986745365061624,-1.9193146501501477,-0.9353075853707238,6.606564961311724,2.641371140705622,-4.281041877595358,1.3763506266716132,-0.07325435604580968,-4.724282648807401,3.946695216328218,80.625
20274,-2.702194907957524,-1.564358089426143,0.31293638051885364,0.08270867981524672,0.7363935939016507,-2.0798356091082297,2.459394090310192,1.6865622401891893,-0.4219822228813652,-0.37136072616205834,1.6959909730307239,-0.23307635464095028,-0.10297195788441435,-2.112278022849472,2.0536548218249195,1.8111938826300116,-1.2591246603220205,-1.0147750893222915,0.5386859180930743,-0.553319252385002,-4.491666692187343,-1.7590285640621974,-0.8663852681217015,-3.0287937399294997,1.6286047677583817,1.4610881065009946,0.9540276653360135,1.1290303929098404,-1.282643948813313,1.6199002688575794,5.3621579823663215,5.065553749176982,-0.9305140390526355,5.13039429162796,-0.5102849976668129,1.13521675400901,1.728889766046985,-0.3014641655167787,2.193898641028085,-1.2980952050591414,4.072318879216514,3.2779695776689715,-0.09409123052371374,-2.988916577333086,0.420996892731735,-3.2454117543438654,-3.8531348355903416,-0.6524823548561304,-2.2683045835453077,-0.32100031298260323,-1.3070480118905967,2.0157058126129237,1.5931055388725797,4.061011739313447,-2.1283032796634105,-1.6478336080421634,-3.7568535083419574,2.6262741400382077,-1.2192282118315443,0.2295054293100271,53.574
20275,-0.8176006828295892,-0.5444003853633155,0.37421028185492855,0.043358021392384066,-0.8283947871535722,0.3912748809060351,-0.4472339059939543,1.032405390562859,-0.2245401065135221,-1.2078636586618492,-0.03957021050203195,-2.1126899643066395,-0.6055243205024836,-0.0658191192163082,-0.42117478176538703,0.2223832565756214,2.8586852628594754,-0.0055930841822944555,-2.4797646586209106,-0.46421757831146715,-1.1465626828231918,0.26537994188272324,-2.1498074212584837,0.15537703441577744,0.10730870068435155,1.7603740715191547,0.9831722999440269,-0.3711956631990425,-0.9191090141971704,-1.7027738203989649,1.813496438095775,1.0039363206964258,-0.5314187423131295,-0.10656613669813951,-0.7838238359692956,1.5762890688838884,0.06076131297846928,0.2974109580221027,0.02529897481290682,1.7246303023393788,1.9142311481252776,-0.43457597968619144,-0.1886573467362025,-0.7186488594249353,0.24322477681612667,-0.30907948047640066,-1.1525140857944967,-0.9481968271205881,-0.30022139023963335,2.4954814094292455,-0.1263119761780993,-0.5672813748510659,-0.7062655078862734,0.846170863635402,-0.006964778967585461,-0.7907537874137676,-0.25271236476544934,-0.016695353762972542,-2.2885461907277334,0.44281575782899624,49.419
20276,0.13321274864465688,2.4693784320723804,-2.3159543129774,1.7737973779901448,-0.5926345973704543,-0.5275798076303625,-2.1532467561738695,2.1136630848635956,-2.3009188377351397,-3.249112433242224,1.8515467938689225,-5.639947944103186,1.2538223416177925,-1.5140473837969495,-2.7035347831702965,0.30438972258500085,-2.4152918436167603,-1.3614095943483748,-3.429823314903316,0.1258326864351185,0.602347772022203,-1.8455322724307595,0.138977657884018,2.1300667428306665,0.9761454028441745,2.4740883188090286,-0.5873703777648572,1.9097324751079927,-1.5288127326315661,-0.9370172380781325,3.0982648646818824,1.5079645672777189,-0.6657995417506699,4.189020227365753,-0.4438596699452553,2.1479607333334654,-1.8111090744424745,-2.6747137021693477,1.7101437538921829,0.8950078517537959,3.0338525298361585,0.07596061048974832,1.795081539617519,-2.135618988537901,-0.2661360714750951,-5.958360256402551,0.17685480740842563,1.1489878575356705,0.590920347274483,1.6965624753333668,-0.5554250272270417,0.438106779028983,-2.2533535893404983,3.483974513177811,0.057453712949630746,0.7497968942739082,0.5189016868881727,3.4773488430978134,-2.4659777549024366,6.070582739849945,80.667
20277,0.2429880129183689,1.208500460181806,-3.0777614543297447,1.0722377651772925,-1.8488596522153553,3.111733724576737,-4.639263129687992,0.8602143936814332,-1.8011067041391056,-0.6473057728673568,-0.2523542397445338,3.9160845256782006,-0.044987191481874675,2.6045530649451387,-1.3820398411177202,-1.1092253649663624,-1.0262115677671761,-0.42958137491260656,-1.9941431490959682,-0.18344647878710163,2.877267324647295,3.2785557472792717,-0.5326660030438235,0.5985973096221849,0.8331529939815616,-1.8173825673747839,-0.3375101456987729,-0.3495916995974664,2.131803717781227,3.5112958640444525,-3.7802762249258177,-5.1752566280111685,1.8711105621991542,-3.9716989730868817,0.4136237301282076,-1.2340074620893833,-1.9878754225546242,-0.15272893249127656,-1.2846907377950971,-1.2810721614509732,-1.7501830258196194,-2.845749090330669,-2.505820772053587,5.727689483863026,-3.104500319439189,2.7459096839799484,5.497393342336084,-0.22891422702109537,3.888264292893939,-0.4216562253730428,0.5949198298737988,-0.7112514825822869,-3.7510061099823977,-3.071799526719742,1.4715445413289747,1.4904389857026699,5.869450375717624,-1.041513282098228,3.5881307050270674,1.2874338541693524,63.942
20278,0.37954341560549054,1.4372627381486824,-0.6731633636085409,0.751487904467515,-0.6403372420805542,-0.38062211241538957,-0.7224685028026476,1.223148873031651,-0.9889769391029948,-2.014037514018475,0.5540333942527221,-3.3035387577167703,1.2008330922466595,-0.78735137090512,-1.3125918316106173,0.3747134886897592,-1.1492042032530334,-1.1208151568134432,-2.0399528350757987,0.21735503617092072,0.602112627556481,-0.7828925616549656,-0.2735478190296572,1.4355145938696445,0.8233608645783482,1.0377811265752366,-0.34808938916710125,1.2427664540639232,-0.8377487168037152,-1.0788638158844728,2.0706295165796367,0.9674741359230732,-0.6921268886112383,2.2245678281782815,-0.6135398373699623,1.048253821544968,-1.204513776574581,-0.9454748912485664,0.5438397390423095,0.20410441574451074,1.9032222841299165,-0.32468939478500836,2.0008680114442807,-1.3519191887754565,0.3745180994766233,-3.0837491146325924,0.07920992362021628,0.9672222213472229,0.5206658179653558,0.7626180513352536,-0.44357267832024216,-0.7751519069581566,-1.3728329793359073,1.9843557943614774,0.12748950555057253,0.6809915562992616,0.15675658627287642,1.7254750734133653,-1.8779346504611532,2.7491695479338274,88.525
20279,-0.998513603599592,-0.6096314151265084,-2.1388024054343098,-0.9720951062894488,-0.32771001771796393,0.9492529647409954,-3.0742862295691142,1.4095963392450785,-2.62079615161045,-0.30445195610918363,0.2014601781737808,-1.1947787959557006,-1.917374417570957,-0.5315794386951654,-3.4241210820000245,-0.9565071847636712,-2.2867214903641777,4.172270587523785,-1.4199112175418205,1.8618552490358864,-0.584684220072764,-0.917094505644794,-2.444838343233386,-0.6170320362670362,3.899381739085049,0.9973587653347475,1.1540335149818886,3.2598247898145405,1.2660303164230933,0.24905862105976156,0.5555606428863857,-3.3123442848166635,1.8203194936512124,-2.9670889326413055,1.6964102128930052,-0.5195489693549473,-2.4846025424040334,-1.3328394252248608,4.254374426347499,1.0412758046197603,-0.8365190977414158,-1.9453808833276844,2.858418217682932,2.764887969739719,-1.7755294467322311,-0.9084327528133855,0.4442098614735607,5.5574717490416745,0.30510924423281544,2.1685630418295525,-0.38433945405617714,-1.2405938302057886,-2.6879809821685794,-4.027822085932966,-0.9079654738359788,2.6270811328420716,1.2911619621276336,-0.4514319351581086,0.6342180290487693,-1.7524713920493986,39.528
20280,0.04278902550046304,0.3441930170718062,-1.941578051088057,0.17946525246402073,-2.7143587071858963,4.222075532485806,-5.140073801711902,1.7051353676466494,-1.290675052723513,-1.777195611673422,-1.6293789068474607,0.02925622875161199,-1.7827021227996422,3.0443492945291215,-2.5353928391450027,-1.7499978942997356,4.752226635871968,0.8804335565944799,-5.126548012957719,0.3616852524696455,2.0416790007096957,3.820608276035045,-3.5434482393924993,0.9013142133790221,0.2870339128488573,0.47293282417608434,1.4725577480739638,-1.1119203321606292,1.0441963634527436,-0.7253270688291549,-2.831765826856979,-4.778248905787614,1.3581207275815936,-6.513196421783169,-0.30647956785844294,0.9347976268191001,-2.3247247043184,0.6199306724487312,-1.519175235486524,2.32361213952727,-0.47649341954440705,-4.627950950994336,-2.242756920857295,4.684011735311783,-2.037912189513696,4.194638739554777,4.1699942793275735,-1.0775162579539606,2.9900662960084405,3.7202112555493314,1.2249784258450507,-2.561774733716323,-4.03323320384637,-4.16090012245785,2.0479405695813595,0.8384595995394661,5.90922233711375,-3.933136796741273,-0.35199187116260056,-0.5770205398898456,25.897
20281,-1.6040994709215652,-1.6038989123875087,-1.5750685055369047,-1.3799601277938742,0.8462629620484117,-0.057875457181262746,-0.9715407293071079,0.9341684915754138,-2.202327244871247,1.0374750864404154,0.8146268335375558,0.11889266509936466,-1.5633011081341812,-1.9147721790411634,-2.2156715770519795,-0.2580410560460754,-3.206614740578002,3.647464279538889,1.1812817880429973,2.041085222990839,-2.1861623888936057,-1.5415814414884075,-1.5804653430923097,-2.140750644902029,3.923548001285925,0.7538800968268833,1.0557116108332947,2.625791592963181,0.6081531710197711,1.413367194990333,1.3808142775123753,-1.4707082351834515,1.4919298376576833,-1.0776101944341172,2.369474528862664,-1.6129140324529998,-0.7763259172578411,-1.4471068020421787,5.015962989762931,-0.22445594269025487,-0.853752507124919,-0.4154768742666452,2.842495410146827,1.517281240809908,-1.4704891358012928,-1.5610846529320233,-1.1465977069234623,5.28046058359471,-1.2286035280196839,0.5095949678185179,-0.292846099190618,0.5552915788484438,-0.7977613271626416,-2.995526640499812,-2.1156018174628635,1.5385251131650695,-0.7469847782795778,0.33767206803309474,1.0332959070547705,-2.3313605821067855,39.951
20282,-2.6254232049838775,-1.9016350184716022,-1.6419695177912916,-0.5874410261936487,0.0930571534812907,0.37654060372209164,-1.1676408295808018,1.4991193981506734,-1.3147616782532674,0.21104712103852602,0.8793348117703674,1.8372928119820104,-1.8357780307622096,-0.09753750935919481,0.14051460741647767,-0.08575083653007498,-0.5851258133406648,0.3767278551718505,-0.2393268926883041,0.3712153433942505,-2.650855629810418,0.011288851347853048,-1.4289531874755943,-2.7152695753849407,1.7747873406057635,0.5619098028711302,0.9766157250767905,0.9001542981897591,0.39740871284933593,2.2949463951569533,1.194691160190498,-0.3577699214950181,1.0942164582933789,-0.34194469992253423,0.5956951582684523,-0.04340663550146889,0.4562560269451453,-0.8590829534802105,1.9843001604935824,-0.5525607639114654,0.42277513741796285,-0.08599133514787055,-1.0535349853826645,1.3718671185918792,-1.750389608187464,-0.21460297832853464,0.02327599428176416,0.8516934809903626,-0.00799811435960307,0.2758624589820054,0.10015011044473025,0.7470498699320374,-0.8712596784763761,-0.7399240226582967,-0.7320586920381129,-0.1930751877025229,0.445694275101452,0.36540421812424223,1.0015730380904797,-0.4447750485368929,35.975
20283,2.2155648265079813,0.5917835071955719,-0.8674320258077619,-1.4183307506618417,1.2596077071764369,-0.2526231308212933,0.2967307215420615,-1.9779083808676314,-0.4150203113547445,2.2598479507686484,-0.3123304523577331,-0.8621371665597202,-0.39555727604769064,-1.7210281790621595,-2.8451964891131887,-0.8413847584623555,-3.7433787828592657,4.1935604135174005,3.1269691187091286,2.4059308045796293,1.7738325506535948,-2.2314450739752782,1.108862328280216,1.6368061235190996,0.4195085412854802,-0.9276076538964453,-1.2106429590759185,1.8426940797583122,0.8329639318256498,-1.4176563194331913,-2.5221019880614723,-4.092049007122387,1.444374348138466,-2.7094580152013314,2.672163821225697,-2.3181518667376237,-1.6607957547428231,-1.4119245059570205,2.8055942811370373,1.1589069037242186,-4.29505692029456,-1.0200037982789265,3.6775029528443994,1.2061296953673233,-0.5839338366395489,-0.027280069180477318,0.039996432960989675,5.206712720352444,-0.2771150346290321,-0.586629931995573,0.43754607048136296,-0.6508216149266827,0.4292178906569951,-4.233723985279583,-0.4441255041288562,3.117174430748397,-0.7531501775461166,-0.7520349053816491,1.5822641125080081,-1.5863002955207017,88.202
20284,1.6318902806552849,2.326501229569029,-6.9866312128244,-0.09828777267138936,0.6292803594110036,2.237932190112548,-6.409145328616978,2.2041764986246024,-1.7124577374797942,2.917604664881494,1.5155277346771168,0.07097180561320204,-2.05603924495684,-0.4460998683066787,-3.481410236617636,-1.3242071948248726,-1.1893861210392425,0.24095528122962476,1.1387475982030064,2.0288782392778018,5.158684790961206,0.3805670161617573,0.44737380923467124,0.6152965028808818,-2.899044460420888,-0.09282229177174518,-3.0403492865075914,0.8607526934421996,-1.4940371920565896,3.6316652164090404,-5.365793711939916,-7.317742934416429,2.683408992645553,-4.471120937763324,3.5196135567869433,-1.4745719450596906,-2.311313168990735,-3.2888774630410755,-0.17205967454502705,3.714586376503776,-4.688842695355146,-0.5791585078227544,-2.3061510941370877,5.935833997898822,-5.033885060079076,0.17933931067973438,7.482370940462488,0.3050957892536803,3.794541064089278,1.1432779751515572,3.2973101936264433,4.0335685330126445,-3.0109350722906063,-2.964592253855456,2.8538602605444363,3.0082655758000634,7.4307805879685835,-0.4175995249287776,2.8724273559525324,6.7063853325464065,52.035
20285,-1.6153005755420462,-1.2470308480205439,-0.1201558744452835,-0.05011035080409475,-1.5046595597530144,1.5572043654241507,-1.5501348542454307,1.3287600480174164,-0.9339999730827134,-1.770272547002219,-0.6056725554287146,1.310879145521199,-1.2679392173196797,1.3984803392265712,-0.2766694730700447,-0.18165434147501888,2.308510336422442,0.2564595755137697,-2.544240280548289,-0.3368437055109693,-1.5871573757068431,1.45735908910225,-2.715126515670352,-1.4103337646914262,1.719322314107992,0.4644289482470626,2.0054539141492898,0.12738724257323478,0.8199688994876757,0.4591960514113914,0.8183661813466127,-0.23437272607680631,0.33748441899620446,-1.7519804257696463,-0.7500171086661754,0.8936721910559143,-0.3191262540856751,0.5930609710022494,0.21147964772229383,-0.40956721290459813,1.6027432150893253,-1.5814973953806941,-1.2750361958602678,1.5245753756025082,-0.3545913997895419,1.6243149291246284,-0.0206384000994183,-0.29405342247920435,0.45922607073112287,1.9519384729678873,-0.36190827247377627,-1.272157304265382,-1.8277313920153153,-1.4203425901152693,0.24075430347294108,-0.7285231725238828,0.8867062473571661,-1.1477661062032933,-0.245338828282021,-2.146908739336018,41.994
20286,-0.07077746543395691,-1.2656780164862376,-0.4169744220487239,-0.9738807574139814,0.4452649092475889,-0.486895714559108,0.2379715408177423,-0.9800041808599493,-1.2190700546852338,1.5974652907508613,-0.16767148334412402,0.8372082047473813,-0.7428517212091945,-1.332442053036772,-1.769123265046823,-0.5475135853605183,-4.1349589856797495,3.9094544042306767,1.9087075271627199,1.9419790865608622,-0.7660122811999934,-1.2875376260737252,-0.394292317366412,-0.419460306420629,3.321562473549477,-1.1575809144004698,0.5533661688135049,2.5320925582339364,1.857020979224911,0.24031827971114278,-0.7754059041769754,-2.473688679117682,1.3472922156204714,-1.9874055298506712,2.4039204695901155,-2.0631382671583878,-1.3273415310824999,-0.6970361694297209,3.518020325167889,-1.1596789884571337,-2.287639328378086,-1.0843771908875401,3.307597967796597,1.7718076943935148,-0.5683510542589112,-0.20664158897597587,-0.6669683345157792,5.873900711134181,-1.1007146441167734,-0.8368793220717965,-0.5165562783283948,-1.5143581577785623,-0.5120986496825666,-3.7947208394567036,-1.722314163577195,2.6690203496401264,-1.4001360019023377,-0.37204250878875295,2.067004680501493,-3.638236810918458,76.093
20287,5.142356618325708,3.075826766685593,3.342159703188387,0.2288641196690955,1.7783724428357308,-2.5790772689204626,5.263879743811174,-5.481064292207423,1.500521387096839,2.0818840220542474,-1.5074190155707143,-2.4440463421131247,3.640245812303389,-2.0218205499880426,-1.6456129760804972,-0.4944578727237275,-6.756484836395333,3.4817864432988848,5.407363573577528,1.2856861604234715,3.980272941983367,-3.1077322176495037,5.535255444669029,5.972204224657109,0.6490123184351368,-3.588807467589147,-2.6709892576137624,1.3810679524642668,1.7714084161989785,-4.9693080215962775,-2.3756651774321838,-1.530432908563538,-1.1317880344264797,1.2907543987249346,1.2585174188173398,-3.180521664401739,-1.59076354765214,0.056190301559771394,1.2018701174858544,-2.0618134557958467,-5.105005597995788,-0.039456177327304665,7.872329711883185,-3.0835163761402984,3.0512641181222904,-1.5400115468817008,-2.6810353025902596,6.2038504525145495,-1.7812139231247672,-4.32686178970927,-1.7763374500380242,-3.560566779709284,3.012509955104325,-2.318764018516413,-1.1775066960234684,3.367720033417438,-5.1085707192318806,0.09699907090473658,1.219171968097616,-2.4333432743808827,190.665
20288,-1.1015055865614003,-0.3169963650597142,0.6304894156430566,0.17799255853197193,0.13559721560790697,-0.3189791376437365,0.28492731775474317,0.9366584246685616,-0.23805393611871395,-1.034688823690957,0.8308488964059306,-1.0326144991548034,0.00972003571311783,-0.7396679418155154,0.21573200946430288,0.343224536686728,0.3392560664008182,0.10074767885178934,-0.9554296819729755,-0.3777018789462002,-1.7155924740381603,-0.9163731517499376,-0.6740585978640244,-1.1017181180218327,1.39520830346994,1.1357365410739118,0.41929772994677866,0.5973324502756994,-0.37308161572417897,-0.47171652215066795,2.662838528390515,2.126496101249624,-0.3775827691438214,1.7543178837173545,-0.43106364521573104,0.799129797564087,0.30982338531127224,-0.2781836518586247,1.3772096695411369,-0.14998277249507122,2.153694406786159,0.5000665447160715,1.0779285210597338,-1.7461096964838645,0.5663127905902315,-1.8285566819660661,-2.084381736763978,0.27785413938109005,-0.6927962065742841,0.6989506564971029,-0.6832094807581874,-0.018234346909060672,0.051045377811848466,1.578038044180708,-0.7086484962004146,-0.45284377919247065,-1.5519860148690066,1.2683060001279016,-1.4738992779995768,-0.11553767439995995,60.183
20289,3.8749673448133257,4.549836992466628,1.0805883137105126,2.7292745778414655,-2.2793007195361663,2.020543157971392,-2.220212921055362,-1.007031991502311,0.8852834895918662,-4.24284335596747,-1.7273317444913527,-5.825061222053145,2.6987237192082714,2.26182268750904,-1.9476242007768023,0.15046708075502815,4.582526719025288,-3.09239489340296,-5.664450407731219,-1.4241518362743755,5.2757702675148614,2.2049591561611814,0.48866609610109146,6.4140336578867725,-2.872850635169289,0.10258426965415568,-1.2703283692782952,-2.345566825770482,-0.7106838200448327,-5.273235702155554,-1.2409850964003786,-0.0991715773655895,-1.9903604522356424,-0.0028518338647994246,-2.986154985554168,3.1151616342078214,-2.0911891915647627,0.8068857357139081,-5.479523444551357,2.064268871100119,1.2486724648780534,-3.2244079852047807,0.3599472674842645,-1.984360584795458,1.9157413812797501,0.1660147785239673,2.610577562216866,-4.10253104292107,2.766475962269556,2.8194203676855842,0.4486651357351936,-3.4763226338908972,-2.1698303426850147,2.0148966139096203,3.039990966896469,0.04061516431612569,2.7719651351924455,-1.1219950843310669,-3.592789155347171,4.429899432349651,117.367
20290,-0.5471964441485775,1.3578929072415424,-2.0432407357763758,1.6055351557689148,-0.8947533726241328,0.12263818158386897,-2.389541482909534,2.3310716889505585,-0.2801548491568499,-1.8230205309342153,1.5018695782119065,-1.7773293976342304,0.2621928157088424,0.9869543594711659,1.1343426791065163,0.8784011381820914,2.808247460709369,-4.791870455174635,-3.139081070506157,-1.8238838655565859,0.8559908839569473,0.7875940548507311,0.09349663190717956,-0.02873435383678638,-3.2065942278938153,1.784899643409814,-0.6846796247980683,-1.8188636519723285,-2.644562971858693,1.5412527749202831,1.129967111327923,2.4050175584807034,-0.9063134655723019,2.951266937921537,-1.663158157165527,2.357150862191804,0.44078020613630137,-0.7542401503729537,-2.8686494509052514,1.1957987119549984,3.0092485686241384,1.399193779713065,-4.270379811608392,-0.8305809883702238,-0.6532045240137092,-1.9087864891016673,2.4854610884239254,-5.774295019567849,1.83104918712118,1.145369147271512,1.205506352384035,2.850322453114958,-0.9009050698691018,5.0836058107201705,1.8250529454981772,-2.0699888307667362,2.845766475047091,1.570225368732849,-1.414386103542776,6.945807853952167,62.858
20291,5.114347797090624,1.651247557975498,4.428609518667826,-0.9341758953872827,-0.0879638608920707,0.9668315209677144,3.306770812978196,-5.828087811601088,4.179586708764117,2.2372390139812843,-3.7617232947784345,0.8279042508208504,1.5404990359682569,2.125060373743392,0.6125117413783788,-1.1534471458135693,3.0055906127682817,1.517645209791868,2.470763655727463,-0.748954391217068,4.908923264496196,1.287182898628715,2.9738801277792053,5.1728528571880785,-3.7506128861272243,-3.4819580607561242,-1.5061198307169044,-3.3282503236875014,1.5580995784000284,-5.564292086000549,-5.802596600665098,-3.087874536244345,-0.7464305175882596,-4.887410618672131,-0.40730184163582145,-1.7249963674597253,-0.5286362094457029,3.584049766317381,-5.037385610456786,1.0586675707221942,-5.527069352827621,-2.3285642087724563,1.5166406486867126,-0.6132325679515032,3.13168577471739,5.909656215081767,0.015184822764333042,-1.2515134879067626,0.28311718730605684,-1.7506216557239742,0.31712283494040094,-3.679311200693319,2.6041813529738826,-4.444377768695679,1.5978192350422802,0.4057105714469519,-0.8378074643576234,-4.883140517894046,0.002982908204124446,-4.415439989969258,136.637
20292,2.4262299346429175,-0.2655366890670813,-1.3537112941886398,-1.742716122613501,2.863278141275197,-1.2783801523977787,1.152748656332792,-1.9967457983942092,1.586012145280694,5.095295265841011,0.6007337184763601,1.7989260823119217,-1.186280554648311,-1.8519236385763704,0.11288591336046555,-0.0753440567784383,-2.2127054379967364,1.613774839202038,6.293122134505577,1.4503377546744114,2.0611643397495425,-1.970577819571682,3.325023038384586,0.21143543203627096,-2.431099911969222,-1.7520361025970914,-2.280027881526521,0.5574537053475134,-0.6951310244171421,1.4326648374962514,-3.7226097719878,-2.631146444869171,1.4911475229474136,-1.6516301155747959,3.266290149064284,-3.0848737614902197,0.5246171192091816,-1.1795850921872593,0.32251629369992785,1.2284396995139961,-5.415611569633748,1.682049770630611,-0.07010919432347547,1.4021194674292772,-0.9089793450253081,0.9073364465790239,1.1660796614864137,1.1983549881050752,-0.6953028333846298,-2.325637594015609,1.7909242632821583,3.2237085863035526,2.287694618275488,-2.0480767595231946,0.0722122926212645,1.3937202353444724,-0.29539064243647073,-0.5418040612893456,2.6512116374048738,0.2369732290131209,86.249
20293,-4.129081389885818,-1.4766948686774917,-3.527144118092622,-0.04251244780760505,1.0356485542167007,-1.8287634578359266,-1.9352446455161683,4.5054544191586485,-2.614852515052349,-0.854147019131106,3.0775460373841073,-1.5962585015684612,-1.5884668527149948,-2.4994509663002304,0.1155231238588797,1.4143232297329225,-2.195284197174773,-0.939651914193877,-0.8184476914501178,0.3393180269296786,-4.644308498231084,-2.2070757645036516,-2.4477902157697105,-4.262610849411697,1.9054310448396206,3.1156803134299853,0.7273498547494714,2.182650178659019,-2.1643859167075417,3.868189585714991,5.111914660072162,3.1975539582272683,0.6123592263577755,4.428322160831916,1.0168037518739035,1.7917732490482894,0.6803914520321673,-2.2911585594681028,3.6295675321883887,0.19924301327397892,3.941974947973704,2.3056879987521186,-1.3696276097513462,-0.3671527823898829,-2.3762808984930635,-5.335139124880963,-0.7066751723995801,0.9209381659304172,-0.8097205975476073,1.6427146238574064,0.26476427808614683,3.8687628492334127,-0.9102127777985609,3.8659801756066914,-1.5146463361672442,-1.08132873502693,-0.3161268774589359,4.167289345894264,-0.44366411971990477,3.7049681568181025,16.27
20294,1.4849874343363583,-0.06239733347763783,7.194627786911304,0.060066021817898066,-2.319979580585222,1.5645252622757089,3.7527349545804545,-4.0236585368903075,2.976595970571933,-3.184554552015703,-4.302634435126929,-0.052615405479602306,2.6338471477994707,3.2764167408232003,1.748841736770866,-0.43130545615409366,5.4428699009073656,0.1334929467151718,-3.0517849668507124,-2.023436888732293,0.5496863397317351,2.8258681015841836,-0.27540612330993686,3.7915860704827855,0.4124181354758365,-1.643014283243566,1.9271868581947684,-3.402622034728906,2.689829374086857,-7.033571221176641,-0.4540220251972364,1.1664249616482965,-2.288697715473102,-2.6276646137980344,-3.8818330404586012,0.6399132116037411,0.09114114449359757,4.918303461582743,-4.3249728772796745,-2.004880315457923,0.6510288598918217,-3.7121310271971244,1.9620887698422291,-2.616568910575149,4.993836529148143,5.24716093775489,-3.1920518275450407,-2.0436229909985237,-0.38452478735537027,0.4823510090477281,-2.3350978318245517,-7.430763810398632,1.0364406127227863,-1.6060756432166268,0.5642245618887767,-1.4779450433269807,-2.793228882295866,-4.48426379830499,-2.7637067209968134,-7.290809171397941,117.463
20295,-1.6337725460713652,-0.17344538238385487,0.6928973267994754,0.6339218956320399,-0.18884662859836832,-0.7063964122377797,0.13746049239631813,1.7755721320063123,1.0661279033637439,-1.2357763293876223,0.8087050456228665,-1.225863693795284,-0.052961022386462636,0.043838523766860704,2.6218284321534093,1.2788098223458007,4.534363019173217,-4.0365460405842875,-2.054755207508472,-1.902506074408163,-1.5733559278269476,0.6640207655073052,-1.0502603306708311,-1.3277080373284977,-3.1858309614327696,1.9662858104116478,0.34317538368496214,-2.6992041642494238,-2.334432846274215,-0.10793486837069206,2.514281413391203,4.68045373682697,-1.9799451645682957,2.781498362224195,-2.1370103609502364,3.3182350272454704,2.3969370286020775,0.8471329956029218,-3.122542534432654,1.1325168401176464,4.028508561015353,2.1085824450568738,-3.7561679187680554,-2.5903894246497847,0.9733800378236984,-0.42080869262060283,-1.248449105576797,-5.840836809492083,-0.2136811757952159,1.3218690341308785,0.43436700549330765,2.0417520794952093,1.0242272322260344,5.162780487971847,0.9641803406606679,-3.1900288121880958,-0.27144330940852857,1.0184973518587994,-2.9203377999365814,2.502446974095647,47.074
20296,1.6102038221205213,1.462159474441929,-0.003616413086705253,0.7081452972822229,-0.41889942302473926,0.8801352247045253,-0.27570610848731986,-1.2081253243451324,0.7441024048372702,0.08573781022209706,-0.9482164525345028,2.378660282326228,1.5608361655520737,1.5916648268029756,0.342860733054539,-0.4746350631557951,-1.0593720749940978,-1.184604385290752,0.9056654918013262,-0.2934210853301057,2.5587842593699723,1.5923425547321333,1.762459793149871,1.7568477205243427,-1.0278661107411984,-2.2779977212584823,-0.86982269577852,-1.050139569063694,0.9529761198321314,0.8996634913433449,-3.000972440983271,-1.6465132385683177,0.11447246094842406,-0.5214903809713859,-0.32252747429993844,-1.3633127604215538,-0.6021211191397959,0.639896033731418,-2.349811711404361,-2.0039551599726138,-1.955805629764159,-0.37427089956033743,-0.9644604787668227,1.3675179561923485,-0.373474116270958,1.6795848140579437,2.5575736441473382,-1.1834303260487267,1.5593235834193648,-2.2396713545128737,-0.028027615861449764,-0.6615757715238947,-0.3304768072093219,-0.4404034678426625,1.0000187759316879,0.3879374977091665,1.9922513848623904,-0.5299815949655694,2.223233073005461,0.9310246674217075,107.17
20297,-2.8606681636882154,-0.39427322001336895,-0.9458472948150156,1.1969939089534791,-1.9399213903827661,0.6017067940499626,-1.5161360696159036,2.0001135758848605,-1.8346782174004774,-2.4072304850515187,0.25533653597729605,2.19803782780526,0.7944234503021502,1.3442762889316318,1.4676662403683558,0.2490131351244801,-1.0065966830005642,-2.9467921170895477,-2.2841410818808128,-1.2429598156325985,-2.059736000443957,1.8443825913364758,-1.0238988397710425,-1.7752148131132697,2.139401610124052,-0.31447473588106084,1.338587026142814,0.2608012475797072,0.8947603461829521,3.937270335636412,1.7179389514522654,1.5190911845305397,-0.11815188009171865,2.33021310559113,-1.6565319522307032,0.7989970424411297,0.05865357843938343,0.11920196176391673,0.3065771684141711,-3.0769188314327325,3.5488901926502474,0.35965345881757915,-2.257422012169315,0.7486945215595595,-1.0645280415742246,-0.5910283248465449,1.0785674260196205,-1.5548915082673544,1.2497173352308106,-1.3157191717318208,-1.0041497978408016,-0.5349283190203562,-1.8502852217260457,2.34640532765435,-0.10415924936828497,-0.9759263886738483,1.9511106397548472,1.554275485060817,1.0083910993122052,1.1415340835777683,57.573
20298,2.7600913474753255,1.860630123063706,2.4128658112163683,0.6186189668404166,-1.0073172254234632,0.3787616078532198,1.1427200597986555,-2.2106554066423696,1.4115848593423395,-1.5827770264641772,-1.5123701988189058,-2.696463998200353,1.9322808965484857,0.7286903324604642,-0.1877354036807034,0.21993654437358556,2.4292049795247546,-1.1970448300711531,-1.792003545325059,-1.0913246225135946,2.2242735476731155,0.294138561237295,1.0514838935989368,3.850166707058808,-1.9858957363631193,-0.14668265141218462,-0.7579374948913866,-2.139509843064624,-0.20705331930911486,-4.336783440254387,-0.623644171982683,0.4051126568853919,-1.6375206745658122,0.2521362394301855,-1.7305376546474869,1.0742794546465093,-0.41407961474344457,1.2797696545798694,-3.2138066497273114,0.9033016155113853,-0.11902722876875826,-1.2454896087639855,0.6105010828861188,-2.2237770769783594,2.4001373353611952,0.3511152959760127,-0.21620684123479358,-2.0962896023791067,0.2808944623074231,0.6765426920063511,-0.24840903896056893,-2.72324016204109,0.6535248752328243,0.9524080330247255,1.7615845676203137,-0.5294268189107447,-0.9218495258586179,-0.7695425136796384,-2.2652804532129354,0.5010956901452868,111.619
20299,1.300779536529243,-1.2039329024870633,4.191501953648142,-0.3468372938682484,0.7000899633356233,-1.480666160485598,6.34026345352312,-4.628361674048871,2.3308346676867298,3.280207125369769,-1.8973112834326855,5.006227953195484,2.5865690387588516,0.30590290551283145,3.1701904993323984,0.12199981039876229,-3.8197975314489825,1.2976224749005931,6.343678107649847,-0.6387584252008641,-0.40634879917891387,-0.5366950112732013,3.897497314460298,0.3000192567186425,0.7718245247556395,-5.109285498407453,-0.9714408634732006,-0.3205811114968124,3.156298458169372,-0.21644632025222083,-2.2133947512573062,0.7754084583591907,-0.6380563030396567,0.850156353418175,-0.43298324864024584,-3.395698473634118,1.469543927820408,2.4600045512733373,-0.37992649729795824,-4.868264732936497,-2.965016530815739,1.376943318422058,2.255523511104636,-1.414760958888342,3.1135800321079192,2.4026522636834327,-2.665717689364797,1.36575238852761,-2.1048877831291697,-6.326793466645085,-1.7102196292529195,-1.7542796926687285,4.053922556497637,-1.419274471780409,-1.777778317753605,0.024433056160384922,-4.591345924792583,-0.8316945843542162,3.101027773049166,-6.014896200521096,141.225
20300,0.3215373896520852,1.2741080241229714,-1.8311158683836621,0.6756575143200866,1.2474697378577626,-2.156448163480116,0.7492169645666478,0.19302524534970877,-0.425808511974134,1.6810685050796916,1.9904198190988298,0.4367770145993993,1.138436881690807,-1.8207458452616458,1.0671619722114314,0.8652926336984172,-5.310805663182771,-1.656771012306438,3.4891869671610376,0.030069364669622345,0.5711373181289371,-2.052848277104811,2.960271973581801,0.23841673951359404,-0.5218900952520806,-1.2485356650658699,-2.3202517707558057,1.3271260447357558,-0.6324293174056963,3.0980748079887928,0.3556538811778341,1.2289068222306632,-0.16406989861658125,4.1671647482854555,0.4098213269480757,-0.7151748393707713,0.5401472521491444,-1.751260949433685,0.8998213348937155,-2.0154007304214794,-0.19577252428940278,3.264312679917523,0.5187741046523519,-0.7780093180081648,-0.4312564692206523,-3.7666564908968985,0.48379571230103785,0.43085393476085665,-0.007487114101410064,-3.4163933315211024,-0.09589945795981392,3.1037193346317413,1.261530377564634,3.21927329761954,-0.5821743175250912,0.4137966992568949,-0.4874755218393564,3.3563712266283954,2.2014321605150347,3.76912076379513,104.392
20301,1.7837184416543592,3.4586364610889233,-1.7675064754533185,1.4388816140558722,1.0581046068601938,-1.8464314647192632,-0.6563481827988797,1.1282619496819972,-1.1815047506110845,-2.1082362988501293,2.1405731387877855,-9.491403664907416,1.2549392512683788,-3.8429811240706138,-3.359080275194762,1.2225631401834796,-2.030287919920552,-0.742718709404251,-2.160791035706562,1.0185377669329498,1.4860326482077968,-3.649285367683954,1.1564549301637919,3.830258479493499,-1.0380459203221772,3.5279954001093046,-1.9051498168207803,1.8808799959261309,-3.3498916369264915,-3.2376034627349872,3.5877389282164396,2.3060979173536955,-1.3764561475328625,5.153586944133201,0.1919420721843184,2.924829309634189,-1.9372418913609515,-2.9670273663613145,1.9058749180669767,3.6760764101049133,1.970237976240881,1.2256497282317762,3.7353116248204814,-3.969106961883453,0.9209372635396406,-7.778074429510671,-0.5737975177733566,1.749217247813833,-0.03601941842153872,2.9785236100503307,0.07368274214910048,1.0828561519965108,-0.5831207122818945,4.655406627075482,0.2508382018321109,1.1746234891113108,-1.1734889303230183,3.8296492734642547,-4.0781705813774245,7.540359991790317,95.244
20302,5.283159030229888,5.189660271030193,-2.3707337835671627,1.0671313638114244,-0.027729062632250612,0.9607941238389509,-3.0654812410551298,-1.2202051510061052,0.331488271785661,0.5255452164536523,-0.3358797073637657,-5.100122143957703,0.9425661141479478,-0.6366711147236208,-4.028946447556132,-0.872133944059691,0.26532517403356304,-0.1869525557544063,-0.38467036779652086,0.9308882724634029,7.776896946609028,-0.4776285317051471,2.585667673306415,6.2151194103565475,-4.44841542217774,0.024356848978406176,-3.53754087329908,0.0016610781854378143,-1.883223688389069,-2.834610816628521,-4.091878588651725,-4.246332967920159,0.15416135879841236,-1.9932436182947963,1.3196358424287562,-0.10949566036622772,-2.744256026942844,-1.7969351944771592,-2.8070989881325543,4.190009514442735,-4.166096065278393,-1.6642313749686743,1.5739681028527825,1.0100186696510303,-0.8396139350212579,-1.8451468044127255,4.583266598471924,0.048377853709543436,3.114031590888289,1.562287292541657,2.196484569280968,0.4162414443366446,-1.4468856011406648,-0.8291311395297101,2.765989200550443,2.7997455462679612,4.032651551584442,-0.44025837720033156,-0.987858001314325,6.546863269066464,121.251
20303,0.11693443883317245,-0.8989627692848454,0.35930392327638316,-0.2821639160555477,0.49596410108941735,-0.5510941299213936,0.9233081241334811,-0.4969756302200759,0.6165565108916526,0.8280821541724179,0.04247615239146614,0.4634962572539594,-0.5658419799220689,-0.3709238442763938,0.8621340794152346,0.13532634585535921,-0.137617362390459,0.5808861502454107,1.4293777284125373,0.051643516320228094,-0.5087864924017079,-0.4265764024088034,-0.08413209435813437,-0.8344414432686049,0.13092601315976543,0.004102096123086832,-0.2515464795528634,0.1297610946587599,-0.03480858522960485,0.1387492946568562,-0.09676324201225708,0.19479977665145948,0.036795604149968575,-0.08963114104907932,0.0628309116114189,-0.3936921737464575,0.36655005690960657,-0.18053641073875348,0.3677395128214986,-0.28931387971985056,-0.25908966335800665,0.4339013607512999,-0.2421929207267694,-0.28449440031814255,-0.21899337118048892,0.47694252075406296,-0.5323518116051202,0.6207132632224868,-0.7739185530415799,-0.1545717289820112,0.040652771612390615,0.24809161891917592,0.6020079706778145,-0.3319488873702361,-0.4021753287304479,-0.07490555370375009,-0.8817103464733473,-0.13909005870874208,0.5582657873251089,-1.0869748557538448,64.626
20304,-4.219063842284159,-3.1887718882637155,-1.7452417942218434,-1.243953874546234,0.9649766003646255,-1.3689123508680292,0.22694151973022125,2.2317749222034378,-3.040717331448547,1.0597131010343686,2.1838478233186227,2.041398133856595,-1.4340069024997233,-2.3578721221023238,-0.01774375229636216,0.5161654452701607,-5.892686106409796,3.0610179149705687,1.8283006029556645,1.5989740174732041,-5.668267384013443,-2.871458622514236,-1.843485088230113,-4.861665564060104,5.440988102733908,0.8759714633543376,2.017364577648123,4.287522519733621,0.9127380049183559,4.078165357871616,3.9773408785220457,1.4822676705450029,1.3145727948145751,2.3053768605399196,2.298355319436944,-1.2141258976720934,0.21166163908045257,-1.8111954236392618,7.248479572031498,-2.7896294101304933,1.7009513065873143,1.8224391122150627,2.373122538099432,0.8112754802904478,-1.7944939306969316,-3.2957923405389202,-3.0382816654096945,5.881241469591812,-2.1340762850399497,-1.1328576975355449,-1.7064640815095182,1.4174182166658043,-0.3767172930469912,-0.30729912910441287,-3.6639363940105625,0.6471233500930758,-2.572878819971646,2.807523636102594,2.090558532532987,-2.5739314149767796,31.086
20305,-1.4056661725599873,0.26190499770257597,-0.1960367104707919,1.185910118201235,-1.8839496490193057,0.1053043772903288,-1.1051753075223523,1.5299006797246075,-3.5964950003736345,-3.74576355970396,0.1234978683862788,-1.5841499090929156,1.6373131241035517,0.08425816842361075,-2.333215172024397,-0.37500428690516785,-4.216482484072573,1.091834998336497,-3.0725887881748424,0.4711622757709668,-1.7869660692913787,-0.3877644719130268,-1.6924964269616691,0.41759041954881415,5.413233937339712,0.7689775050071295,1.3118417777751334,2.6265349256488144,2.034810450953713,-0.2815327265952345,3.1468619658366754,0.6829773093770511,-0.3078388971453906,1.8807784468574869,-0.8530171500252233,0.7940078592709318,-1.927674090278975,-0.8554914259001406,3.8445168355174046,-2.6216025575142368,2.76788303586911,-2.1593096108526604,3.7583713746258454,-0.15911825048887956,-0.024196799703459358,-2.842251906485641,-0.8743479342445645,4.533730721297396,0.41161447143794605,0.6013674344826607,-2.3298290010233003,-3.654091233070491,-3.4972099662065133,-0.014629160176797384,-1.5300543990741284,1.4063785782441296,-0.19024504406561066,1.7352927613212041,-0.22543158655580736,-0.419392246160807,78.198
20306,1.680065633217842,0.3961350996770573,0.011089863972390757,-1.2391348286019828,0.6988774664943542,0.3267392071234517,-0.5745175700664271,-1.2650401904249318,0.6278303920905651,1.4544803673870637,-0.996478982902417,-0.853871768501844,-0.8441782347631905,-0.6816158769693588,-2.1224039230797147,-1.0048211110708354,0.05297226380158997,2.777561089957067,1.0731734626476546,1.272673438495973,1.766176217356774,-0.7108913859599941,-0.03747468429250537,0.9270994443333294,-0.14361704734030675,-0.38094857018433037,-0.6979269172822622,0.5169443321016766,0.554418990154571,-1.4334011796435768,-1.8431136440230151,-2.689778714351927,0.9331444027964578,-3.2954101221724565,1.4546004401877404,-1.5134581974698087,-0.7875357717684672,-0.33253973011860727,0.3846774471636569,1.9049337537093005,-2.9434173432337425,-1.0135689500305087,1.5400584591708781,1.14563183662311,-0.3473198163803193,1.2808371273039127,0.3979714249095447,2.510307417691569,0.21972304905244888,0.8693485646270972,0.41182357642671263,-0.8352479114452718,0.16078129895611412,-3.811076773004927,0.26262057320358934,1.6720943605307836,0.18740378851890063,-1.6953872598880677,0.3530626027593833,-1.5831511879840408,66.978
20307,0.24593398075164388,1.6759311897802118,1.7138627004211908,1.894792269644354,0.1623136093227613,-1.6365223469526615,2.7734286992449655,0.11868986512948859,1.643966964321643,-1.472542498369343,0.8300936153545008,-0.019573968332236097,3.02467589529556,0.6273219197562706,3.964496158263419,1.8942810242713752,0.25257712481879424,-5.583206212355767,0.19096596048248257,-2.515619648876673,-0.19445691996128608,0.27467338682451836,3.135048481064505,1.1516009714572573,-3.322176954733628,-0.5812327101281476,-1.2609910791232228,-2.3649019110981016,-1.8972839724124417,0.7177222312021131,1.9295660878743137,5.507571256258409,-3.0006644947422068,7.130853321672397,-3.175558791954738,1.4540389463666852,2.413742651047606,1.0499595847515917,-4.018618210376084,-2.0620191628406985,2.9935905104144034,3.4249949528540133,-2.822432225220918,-4.495711409564823,2.497074061364932,-2.5010212222697468,-0.9965928568535523,-5.708032134785214,-0.4687887313545211,-2.9979346364615402,-0.43245057708004236,2.014158739582612,2.6558681593907765,7.999714954723737,0.6597643976244687,-2.648006375108464,-2.0340464418358986,3.0698947336132596,-1.0669808858807386,4.923819093854934,122.269
20308,1.1658873961188772,3.0194820508431093,-1.915860866386259,2.419074739930153,0.5772495115077669,-2.0061412259900084,0.3004225059257945,0.35539885422318396,-0.770096222433723,-0.2925363763536287,1.8772080437885765,-0.7049176135523711,3.0977474246022814,-0.7504663990929039,0.3533822816560656,1.2658705206118084,-5.596162383148168,-3.733057394772299,1.7415822501161538,-0.42361043036733526,2.432868739776132,-1.53233536908223,4.215224921811015,2.1106348661689935,-1.1979177337508864,-1.519889423864552,-3.2556616761584114,0.515590905574427,-1.2416170868992165,2.9660437866666802,0.11165664199178833,1.3325095015035389,-0.9841262202953791,6.353778659051147,-0.9049762876649234,0.15768233686406197,-0.1866951978169053,-1.9287464337318643,-0.8603749897912717,-2.3327556024462286,0.7633049232262225,2.3583464430026932,0.22131381666842778,-1.5917105338779294,-0.2152075687911968,-4.966992298582035,2.0508643642064395,-1.4436920917773395,0.9508492624572911,-3.9389683074442337,-0.5262957028391961,2.3129581723706907,0.564768931343581,5.235441285216097,0.23583162364696622,0.5600343719527028,0.8619445043324531,4.362147723541988,1.4904680489654216,7.315397377159066,131.863
20309,0.6000081183238369,1.9197471405206052,0.3358984126694639,2.365024672400839,-1.726788724052152,1.1261349919492554,-1.0025335981325485,0.9498551942197223,-0.1446598963027722,-3.1353298446086915,-0.3395170204866433,-0.47717851856831095,2.029590057113505,2.28716121824811,0.896538058813452,0.4786596120198709,1.9736208931995498,-4.059110314772317,-3.271560682701957,-2.008599602908291,1.323228415865415,2.0012243379376473,0.6034773607840429,1.9123874793965183,-1.3520784480578782,0.24399156036043018,-0.18766165099383963,-1.606357468980748,-0.45771815390206505,-0.18755658842276182,0.26857888693515564,1.907598717697125,-1.41141092933114,1.9521061934884603,-2.656016198930263,1.8550445163741118,0.19179591395777568,1.0615662385661575,-3.3489275649214694,-0.7986071459046835,2.736101333478698,-0.3990027922803693,-2.3432437985452266,-1.0018512470132683,0.7539209619409728,-0.17606909131970616,1.387220130247782,-4.34004806830069,1.6539009910958398,0.15142006206637879,-0.28251633120188846,-0.8069010721009278,-1.2088608620930106,3.6482157870543546,1.5400536399780744,-1.4090031375747143,2.2598362406994696,0.9108514467072585,-1.3599806020948475,3.524231085699291,83.836
20310,1.7160219265047485,2.2398117626070784,0.23311118037160738,0.8140484487128351,-0.2433149823846918,-0.42746081193122076,-0.9102676202834411,0.6062346738420716,-0.6078309054907804,-3.8087331617514586,0.23866520306508315,-7.700704918253334,0.3199247216752671,-1.6501777957060977,-3.5093252685706293,0.1278735000822082,0.7614914613638532,1.2047246454154306,-3.758192225611404,0.5141603742767097,1.627516098641842,-1.542456695587752,-1.2185977189645842,3.703433782831789,0.42101401863854016,2.7415180424455547,-0.32324123773405455,0.9331662442850022,-1.3516704831523538,-5.34600075181097,2.316384139405838,0.7498897366634117,-1.1642186875781853,0.6849158467510781,-0.44792361501123235,2.39761840428647,-2.380778220928729,-1.132445029892198,1.2219606685799103,3.070830639413437,1.8868675483806654,-1.868006715268469,4.488946690230158,-2.7942758159865466,1.2940343458895986,-3.868769168031118,-1.3911222753076364,1.800452422888564,0.16895048032791354,4.0128587078558375,-0.5534253415122976,-2.3892216389253664,-1.6009855854433177,1.2457918521645803,0.4489080134609377,1.193390163196861,-0.7377355524990677,0.695249139944725,-4.565727988165526,2.5748304800131594,89.606
20311,-0.5423721228497,-1.373037607852018,1.9769242232631594,-1.0115025314052122,2.474267258344482,-3.297404628682545,4.24830610341837,-1.4266350972335127,1.5782103941870194,1.8491213987347122,0.8638609478030002,-0.9409794507526219,-0.08600692009240718,-2.4066532379781713,1.2942159321882722,1.3350607185635746,-1.8413567168318836,1.3158849814837208,3.6313029545421256,0.5975026320750618,-2.4710541160154165,-3.0944708647218504,1.427818473849669,-1.0615682537449025,0.269810846542341,0.6719226462416238,-0.11246562139227571,0.9572069558170899,-1.014375721556058,-1.1826897572078041,2.176721774443224,3.2009539252361017,-0.7948514946786835,3.4903173818003532,0.5487455382644888,-0.294731832107989,1.7486642343908412,-0.020626134503895402,1.9684194204065588,-0.33226600639430015,0.3317207145772276,3.1878331024144115,2.191034658830872,-3.6657737175000533,1.9192490159741804,-2.0142558877709065,-4.610100167378093,1.8065042510007197,-3.34287166155808,-1.5010941185720683,-0.9663736026500207,1.3598754159814783,3.4870793486866463,1.6993734921791708,-1.5957098158479763,-0.8765901957993099,-5.61185966677818,1.4625464364657552,-0.8448984743670406,-1.8332437296963346,83.864
20312,-0.9371169151122699,0.050584034714207866,-0.43843931121621016,0.685106105151918,-1.1083735292627312,0.4358580656484514,-0.1509672368210739,0.23303355278586754,-2.5023201217144315,-0.43712194982765495,-0.3106274921706888,3.3595669845389007,1.2943306930844671,0.9414912797847999,-0.7801646948602491,-0.6417623396243766,-6.297990776796146,1.084700024243428,0.8051897503127637,0.7461370146199218,-1.0053944849116179,0.3227062576311327,0.6951130408597859,-0.26342241655752846,4.772610320553481,-2.867522860746742,0.7429636028077208,2.218761391344113,3.381041042625487,2.9394791151074853,-0.5225731168994104,-1.8777039146205783,1.2214768425507196,0.08135479486884728,0.569480933479066,-2.068253870000797,-1.6419204643073042,-0.22960902603196442,3.0180446602185955,-4.823007848184981,-0.8184563240371135,-1.2735055645583193,2.29568072131666,2.8133016780983775,-0.961162392862068,-0.207507554507116,0.9379538174746855,4.549407313676461,0.9099323856170818,-2.8750629056547936,-2.2351597458302663,-2.1280822954483485,-1.6107980062577352,-2.0402221093950597,-1.6863417013504898,2.027120430300198,0.6335429660250119,0.7104127470351789,3.5987992070928705,-2.108036110380759,95.687
20313,-0.3597409016701872,-0.3272498345295258,-2.9164963188672286,-0.8360769701844806,2.2432496952597907,-0.9159468450518589,-1.8258306578942505,2.020870759015702,-0.28853879468769167,1.5166253808125387,2.108640424710533,-3.5972347794588586,-2.6458158550829127,-3.221223597107021,-1.8478931177143505,0.3930871143305798,1.0015853920647124,1.0848705991235357,0.5914858683618528,1.0116191605254952,0.1642144788860806,-2.125057975078314,-1.0752205155640024,-1.1246429328968102,-2.132264808534692,3.2584232751512734,-1.050865224095205,1.4789582165316348,-3.185336765307725,-0.07661849546209579,0.8494944313242176,-0.17580787929374056,0.2962720643461311,0.21574155144809157,2.0195077420756746,0.9598817057401996,0.19572185739028886,-2.389730956483442,1.761279744355687,4.894181653826847,-0.24097681466617243,1.426699611954776,0.0685156270944487,-0.009255024585794719,-1.7037464193478973,-3.0557860371180747,0.1460404567005302,0.6591743890758617,-0.4350270962295932,3.437128640248261,1.899743187540813,4.216223026619197,-0.05627243551469238,1.085757039125447,0.21856444110212286,0.8666358428900667,0.42442130869971495,0.7087807258947936,-1.6068657006366895,3.759544725133436,29.661
20314,-2.1993668945298683,1.9322765058930043,-4.90928999524658,2.9448683407274943,0.3802376611765658,-1.6240993466726774,-1.236496412877994,2.756090470093623,-2.5153856571181166,0.5350756244217776,3.3005614703456736,4.938901747561936,2.576498680022477,0.15304238220449626,2.2189312786882924,1.2277692786367276,-9.222385979763533,-6.11567502819037,2.9247296634036988,-0.7076654444915166,0.005225201664069076,-0.01833014085707413,4.069964411433906,-2.4804990097582995,0.04606233485062658,-2.911579400772179,-2.358609712590077,1.5032131518448049,-0.5055641456085763,10.052046225632013,0.35939255616858945,1.22811435885565,0.16804578722018904,7.5551387759676985,0.0007871127483893292,-1.0494045756547348,0.6355353356740913,-2.987401206898149,0.7180320908652635,-5.9196921331110905,1.6447941523856977,4.714533679680908,-3.6282912344210927,1.6755610382896,-3.0438259810743733,-4.763001551654596,4.507746808159411,-1.75940891317915,1.9492446916844872,-6.295752340362272,-0.5988823615502595,5.468866836868052,-0.49397386809059124,6.00712365322323,-0.5915620456663242,-0.46361397003773286,3.1790632654077933,6.393283928199203,5.941794103030816,8.295945065395706,109.709
20315,2.9364250855996348,2.619152088546574,-0.008331995797330793,1.2600626689011794,-1.177839141684344,1.4903089824194193,-1.4985065432275761,-1.0363041035975902,1.906680650370239,0.030350607366411472,-0.5598575818420498,0.6862926769399649,1.4223878667239662,2.4386289008793356,0.24093116773589363,-0.23985688758236484,3.382071762651496,-3.2406024735706094,-0.529486712417783,-1.2586514945297955,4.791711409878125,2.656321151748552,2.057542537427348,2.9777876702990467,-4.692559163888796,-1.8280509950133423,-1.7156099384686576,-3.0554652693080144,-0.7841866910687127,-0.5601685049336309,-4.339411914917905,-1.5343151193955555,-0.5756849808466638,-1.4656270784756869,-1.4715160079076322,-0.14436184839124894,-0.14087314773425264,1.188555325176245,-5.897775493165607,0.8924872128690793,-1.792998460784236,-0.44491696260479624,-3.2502682012540665,1.0954928509276913,-0.1348228576707945,2.499584861586298,3.8920730751146353,-5.382232424379484,2.8394110190287236,-0.8971983399952795,1.639890825313392,0.24351338535067715,-0.24122155985707072,0.8895265187715282,2.7869550552038946,-0.2766409683017881,4.001065747633415,-1.8476722830676156,0.6379344018042764,3.339424747595034,103.547
20316,3.9399025432415016,2.9706331801747847,-0.19622330807979754,-0.40987741710324865,0.6611861586161253,-0.39295842699297434,-0.40887956825435795,-1.4980165297648804,0.11065333268701702,-0.9748401436412886,-0.2902285099271006,-7.370012807139572,0.4670592882798181,-2.4293938541879347,-4.564321656426555,-0.4976414565538015,-0.26754004100101225,3.2757354669964722,-0.9581369864487335,1.728171303576214,3.7656822916819914,-2.6051227143993265,0.32298106802712645,5.021755748211456,-1.092817290158274,1.9235432083842752,-1.739616327416029,1.3040556662475598,-1.5251557232536777,-5.8653824485912756,-0.5143340732642461,-1.0178065894573352,-0.6346877048912531,-0.9912764826027216,1.0804042392311661,0.8819902154452741,-2.3809052751336246,-1.2678338676248837,1.408769410557702,4.380529078315316,-1.9917672062726561,-1.8429791311833927,5.14661747081088,-1.780923349819083,1.5543829360424737,-2.88396031913875,-1.2523526501819298,3.147113020534216,-0.16709867677881896,3.165850200335294,0.378184448208333,-1.5304842449916893,-0.2639964041132526,-1.1563804965503839,0.40935975736507685,2.3552989598028473,-1.0400033967024527,-0.20094202677158374,-3.731515339062563,2.016759825208795,98.803
20317,0.5675408777150039,-0.008147235511668405,0.5889082722250862,0.14314044699074602,-1.5450343871364662,2.017179271413545,-2.296061077979961,-0.03196364949825914,-0.7201699531616217,-1.9575768446536017,-1.6892836422524666,-1.8161025486524738,-0.5124629160019523,1.5884122297627663,-2.1021296073268347,-1.0696159511806653,3.0147021343630005,1.6020384537508154,-4.11661882057172,-0.037031833722904695,1.135557339161331,1.1990489626130305,-2.7656878706706474,1.6243848878217526,1.1165105068673242,0.8904107619645081,1.1192788433453675,-0.28445075805640085,1.2861040020623584,-3.0610820191573436,-0.2381724836044697,-2.1481000657527853,0.2579890820291695,-4.123080784593407,-0.37208265979128574,0.81118372600474,-2.0339101934314163,0.9098817161079059,-0.5731008221872893,1.0113988360516522,-0.22836330708714114,-3.519870092316911,1.6167646746412219,1.3824435918583369,0.13780826054755885,1.9976835507544715,0.8609837940030446,0.7501631556544724,1.1537543170662325,3.3984466351350164,-0.15678803119193785,-3.939775011798814,-2.198682263941654,-3.234025983910335,0.8638710265637348,1.1185525312220825,1.1729068122793442,-2.5970912235357,-1.9327787668752785,-2.19306080501984,57.864
20318,-0.3874811389002738,-0.16744783672984545,0.15523332709730134,0.024059645149247078,0.24442178445377435,-0.7156436426487501,0.36160492705582137,0.2785508543447123,-0.858642479171013,-0.886917997745703,0.6057791362851549,-1.9574756836795169,0.042821149101712266,-1.0990870819864942,-0.9845507845062597,0.3813827000092592,-1.278433610712725,1.14910358765421,-0.24553132861510843,0.5668977374216776,-1.241201679114512,-1.114317050566523,-0.8499100559962736,-0.5490997817037666,1.7881886916083252,1.0216705581884635,0.43370675488738175,1.616779348158051,-0.055051760914568273,-0.9913322173657909,2.004106752125634,0.7708210810849008,-0.21048268546760374,1.218420134922156,0.26365844158874546,0.37951839516096486,-0.5903293943636477,-0.7875886868576972,1.9088807368568654,0.3353693223940864,0.8736777055308024,0.014926585870150402,1.908053032754192,-0.5897415604252558,0.22080589198009146,-2.2688196560511145,-1.510606919702285,2.073499345677495,-0.7995275766355081,0.3904109785180678,-0.5156023744172452,-0.42399587721994914,-0.2588877654517317,-0.00922730210590278,-1.0683043818797597,0.5425476789276842,-1.7139308617506261,0.8132660288555293,-0.7327350726391418,-0.25215924809458895,67.996
20319,-0.23112099710481945,0.3477325031369842,1.6627811773260035,0.42435025874560584,-1.8788184320681987,1.7676147184243656,-1.3916281096663567,1.3514255257760843,-0.1721567837642787,-4.502389281518581,-0.9777215242151934,-4.580771752380221,-0.3973367086145778,1.3081020431278552,-1.2994383951609039,-0.29736748636904525,6.0203711757023095,-0.03396528272417787,-6.18532453734281,-0.9936562446903606,-0.6960895113280041,1.6687026899163333,-3.637010624682368,1.361230862724792,0.3966262450221725,3.278741115281047,2.1138465176635277,-1.222154089042335,-0.6726103679773523,-4.6716341144892946,2.754373447165296,1.8931753352802274,-1.119043328871492,-1.043492239794033,-2.480133705490058,3.541132243668947,-0.8199429105470438,1.2170796662260468,-1.4464549321162468,2.5447170206957446,3.4161322906414595,-2.2698751316902026,0.5402145143007391,-1.5199025206721584,1.4629008985388592,0.24171641263809582,-1.4060604346695307,-1.830150320620468,0.11510003851909706,4.977847399972563,-0.08167211375379357,-3.71436357104875,-2.0893878934756427,0.8625878849826453,0.9959590523856306,-1.4324804523056878,0.43278778686774955,-1.611103183547699,-4.920451034191538,-0.7737959853449898,44.673
20320,-0.19535376616220212,0.9825992803823814,-1.8558264367847612,0.7024837498360316,-0.1654381643839161,-0.08986339020948278,-0.8779235523522223,0.6655135708585492,-1.9712260493220801,0.14587376344406078,0.6727660074584888,0.7218348559863974,0.8089209671353687,-0.4485151648122381,-1.5000217052416607,-0.4770043623142277,-5.427177790812095,0.8797181330924002,1.162414242675078,1.1458145923159004,0.20900276467281886,-0.8310201757978976,0.6821857005367833,0.18236586229030768,2.776612057897774,-1.3014872761897818,-0.5103771031492426,2.160705380735031,1.3228848745075243,2.4818313759363635,0.1138187410560434,-1.439082447807671,0.8913209969983256,1.0139334344107076,0.9228170981985709,-1.337429337155746,-1.4106304722754055,-1.313919863998135,2.700310954478825,-2.32501623301808,-0.7353785419337787,-0.10599035021327712,1.752301748229882,1.6071143553481602,-1.3731997804694271,-2.195713971164527,1.362246201920172,3.4886693856071274,0.3954258784658781,-1.7577733804003686,-0.7601577309038076,0.18855761774742882,-1.3185187156124925,-0.7152966518153722,-1.0657460071816498,1.9505875840920903,0.7008580225009786,1.878209915701937,2.307738407151188,1.0347611995258048,92.574
20321,2.0115307783291345,2.8551537268065177,-3.449466133827375,0.7005508746358368,0.3142072425112225,0.12338599355534641,-3.38801041793332,1.4027303962242537,-0.7243974430507756,-0.39819756965852393,1.3440255600647975,-4.207869065795094,-0.20157519843561614,-1.4368454165667446,-3.135679058094228,0.15731835017444384,-0.288391970916382,-1.345050164285084,-1.6180431094270504,0.7377216160476631,4.1049660013073375,-1.1550765417556348,0.8318224370853373,2.1557508552391784,-3.0257184531087646,1.8266164498549478,-2.276918350688641,0.6218046341597732,-3.090591921540433,-0.5940879707048177,-0.7708445557515272,-1.4511298147258755,0.13120719971486539,0.6107966770137307,0.4811933101835099,1.093314407545233,-1.1659574786294233,-2.753024073279028,-0.9899874543526288,3.753209060905308,-0.8877021292671383,0.25106855476244216,0.40051110051221495,0.2791763343419084,-1.473296397391015,-3.664671194282899,3.5026007943599335,-1.1169442209638705,1.800430602264525,2.2342421061188062,1.8226030220014402,2.048542954905961,-1.7177966697958529,1.4268262763320396,1.820056951855864,1.1408925531205034,3.1429435436506075,1.5417128518416627,-1.418995832227636,7.316682269142681,74.702
20322,-1.633486117537112,0.5400254853869327,-2.0459712936408283,0.9587116065723605,-1.1584454971704385,0.7630035141679591,-2.9137180725281637,2.9174431183745315,-1.9761339011657633,-2.606769172480632,1.069311909932588,-1.6201582365087028,-0.22121840026767906,0.2676297998952438,-1.0836361622313342,0.15099124654812587,0.2281000588933887,-1.206840521296497,-3.460273225327209,-0.27579889770326094,-0.5342987014548226,0.3729228658525065,-2.0503764288596673,-0.5353392099380612,1.6336349460567476,1.6389335975232409,0.7392476937369021,0.48502951125637483,-0.5537192051492548,1.488968592661794,2.2422392394288972,0.5371221700302985,-0.061933838436261476,1.1042001009933318,-1.0182915047758465,1.9694058034541102,-1.063769270026406,-0.9061497838453058,0.8370787103128359,0.14296762767138996,2.9211916410352656,-0.7101112463412695,-0.7763291121849876,0.8709496582580133,-0.9726009094013663,-2.0621036265943724,0.9453711962375348,-0.7509036495142256,0.8885596488989244,1.5915291623490215,-0.39498173272569437,0.05967139451047447,-2.396779892264153,1.6894291267783428,0.060858476139194054,-0.3559928052678828,2.562218957059207,1.4987665291401633,-0.8481839954118314,2.7897714558413735,44.831
20323,-1.4312295686294287,1.2022522572214784,-4.239049791049506,1.0033168421589542,-0.009026433061911199,-0.04037316756329187,-4.076348789204093,4.223538245161284,-0.9534914497819869,-1.1580749334776101,2.6182939339190883,-3.2820140856943287,-1.8965291844667989,-0.9122155291635885,-0.3546896051131492,0.8625785393446201,2.8750750311333046,-3.4998110118255092,-2.9914891337526623,-0.7098777761631891,0.2040724950958708,0.19984419439767484,-1.4832361548353759,-1.7277900927399887,-3.0254123763537106,4.007141517297375,-0.3777254265552764,-0.5450346464021963,-4.215761267188715,2.168809086987775,2.103065368562289,1.9835973694503903,-0.35026647943088063,1.8650295814787177,-0.29265553505169983,2.8488520079037714,0.5103481855287758,-2.3740217975754185,-1.1315726069581455,3.6600516624601904,3.0676189484264595,1.7119800560409981,-4.708534765704951,0.09673608553376013,-2.3377080517045505,-3.464945738089861,2.3627191734287716,-4.39557057408147,1.5487270967103144,3.432698225417287,2.2674654744521496,4.75404522785903,-1.9411291124250498,4.745582390605889,1.8082394866784437,-1.6107222724060914,3.614856890250093,2.181863164797424,-2.3742957114205856,7.766146180740747,17.925
20324,-0.5794243168550297,-0.8954272498497978,0.4208365256299807,-0.11932664052092125,-0.21341667713957085,0.08080425703132513,0.8746229991545517,-0.3884522239261814,-0.9221729034110453,0.9454293012322778,-0.1611555857999955,4.036367193253985,0.5271848671050106,0.8166647765217792,0.5456815033687326,-0.46398312532008923,-3.741442945577802,0.7756729050440407,1.5966277559606026,0.05600973319246236,-0.8951082162302699,0.5663023655859751,0.5279584969209472,-1.1994993736128687,2.5516704450232095,-2.3447926655539657,-0.15882016254726067,0.7274460510382548,2.610662346530839,2.6697005000837373,-1.0720819869170555,-1.2999000563071883,0.6605333424312732,-0.3159880585252183,0.5890804421020686,-2.0571780445137393,-0.2605080893908399,0.35283887652372214,1.119774294489335,-3.4064372475415183,-1.3695685763088286,-0.3019422741159765,0.6080624566282482,1.89580446036581,-0.7477693124820173,0.9020530019278091,0.5173475027693752,1.9248634855426157,0.14899116649077376,-3.0652137914500797,-1.351943632437454,-1.1353457055115914,-0.25524326901968164,-1.8439238026659686,-1.2915744461801497,0.6772802118037924,0.17467393734876505,0.22960882107061406,3.3557592881888154,-2.5092198607155294,84.354
20325,-2.109484468123649,-1.2506104686776502,-2.1018017036014776,0.058207087716625805,-0.35601881691339987,0.6898677058898741,-1.1686077188092832,0.6383140130323703,-2.8921362536465374,1.2461039978459112,0.30064690894896656,5.310443267528039,0.34079846558184734,0.8288961530618122,-0.21359317177748138,-0.5443193946694377,-5.854358241921707,1.6054631035282605,2.0930943170841165,0.8457576279601023,-1.6145988908073705,0.9448605544393176,0.1286305791896304,-2.7062324347430273,3.8482011246092465,-2.5677038255021962,0.4508446841001975,2.2756221785976174,2.9489216244917547,5.251546804771886,-1.3602065459993902,-2.722616644099289,1.7251654457268135,-0.8174557176583097,1.624774049462371,-2.8484710418302233,-0.8558071343562457,-0.5517416629141416,3.2575230765922103,-4.4952450604025636,-1.240687556147169,-0.05216507374581075,-0.05217223478590849,4.240316968949977,-2.6545469373066104,0.846747815817161,1.5620549139806945,3.466520997338297,0.6908208506862357,-3.4696856676419854,-0.8954789941782293,-0.33591587584689486,-1.4710793718915216,-3.222938307864842,-1.7286483755472175,1.4953042507318197,1.631204777678553,0.7498840579966861,5.021507901155737,-2.15654499934416,68.258
20326,-6.266778423727632,-5.639555328734572,2.9369480000009536,-0.16911959516573868,-1.821528687015116,0.1641651694263334,2.301155600549381,1.5868383567733708,0.29751313529292,-1.0247747738302015,-0.19388991438286504,8.850074687329615,-0.36957303012808934,2.9940359857790813,6.866241124398192,1.1372064772741797,2.0115351693136203,-3.173053465889621,-0.7014706855448166,-2.924745715539438,-7.847473482322209,3.1693493552014247,-2.6008679419450447,-7.076894256100055,2.7789878829411956,-1.297875849620821,4.069456704667489,-2.0506410174190353,1.8256755359314751,5.4877326147450205,3.4487523453851345,4.994755664234568,-0.4441995050331481,2.2277844927809793,-2.7031852520777253,0.3201512584189006,4.409759634099072,3.251583437800281,-1.0620737909557716,-5.996713003781103,5.650932970459321,2.0031418046249256,-5.72381544367067,-0.040485695607950865,0.33656269899393426,4.105543228665573,-2.9628087726254795,-5.127330700215619,-1.6749533305900344,-2.772653331177812,-1.5065506267754754,0.462430779843895,1.854362168506332,2.589808536089284,-1.8420813771827065,-5.080216791478128,-1.531091948207621,-0.10002363303650058,2.384314853738308,-5.548626495305583,17.414
20327,0.2983783259606013,-0.008548709326830689,0.9467592537612515,-0.49986212706699135,-0.21352560759077932,0.6356126347706518,-0.17246395430145356,0.10440009920365326,0.8846085319900135,-0.6872830760020694,-0.4945646647925705,-1.9224396145543605,-0.8035722613759874,0.1693378899582627,-0.29226798873132553,0.2290496237458387,3.342258905577823,0.35352346139669455,-1.6322421589154656,-0.03400685688164573,0.22494662871809737,0.23688569277579802,-1.0438904360518464,0.7861262287509133,-1.107792014125585,0.9365502897515483,0.4567607658091563,-1.0593465477604047,-0.8279948309376761,-2.5188777941306384,0.3264995928769703,0.256389671860245,0.1773032936640866,-1.6952527442824616,-0.09995185821764616,1.0466871822981414,-0.10220192209023247,0.5872816021766256,-1.1064178141132361,2.0847807004073133,0.397201460868964,-0.9671068784359835,-0.039848007091283666,-0.313098588608149,0.9146204319548463,0.8621244602741338,-0.643756687721916,-0.8601732089059203,-0.2969599227370225,1.8910613894918926,0.4758874793140585,-0.8431186103538655,-0.04860462377519817,-0.6438588276630046,1.040511498368066,-0.5678849028632805,0.03231582528994695,-1.319884520838506,-2.2657740187568916,-0.5264330662142602,60.724
20328,-0.32991690834143866,-0.04782781629568707,-0.8646502577121342,0.4166802006419624,1.0725275615135657,-1.3393117230182021,1.0853816201140236,0.009501272639116033,0.6898279657076177,1.9947945079286187,1.0565498066369843,3.8385283249371653,0.4120011042343319,0.17901538592223515,2.8645860504622123,0.30271237317610017,-2.355498260683535,-2.4458221280069687,3.299811693300161,-0.49519752921790305,0.03505223322737486,0.18327872470558115,2.4282395521909375,-1.4050025019254557,-1.6286206354049777,-1.9279836758154119,-1.06418677673466,-0.9599984281037692,-0.1314677977866586,4.20361100483529,-1.1588645968866065,0.2872448700709503,0.2638930858105899,2.1440827679106826,0.2842502195756979,-1.3550664294995185,1.586211360616563,-0.5436646765108439,-1.1353261402244523,-1.984299738260707,-0.5206830842971726,3.093469641871305,-2.5976431802387068,0.5982840507887702,-0.7674324600322224,0.289718762643188,1.5400270458327425,-2.0482411105930547,0.1754986728413139,-3.7265317730250134,0.501493957209278,3.0805551742956365,1.456129883532051,2.0597365803295657,-0.10921787439908331,-0.6151774590539817,0.6228893771583057,1.5858756635987066,3.137291028014268,2.081101410624955,84.719
20329,-0.19946912011998696,-0.8214850575581538,1.2472228509310577,-1.1011194539535356,1.4170806534743532,-0.7641038437166897,1.4665542480686051,-0.8655822259413469,1.582613977885533,1.1052165705438017,0.18562579577500737,-1.9291305941168697,-1.039988821746499,-1.399936665483739,-0.007498230071330492,0.3499328854670114,1.8393588632039297,0.6990044093021395,0.9108586125206485,0.206512345236658,-0.4581028872383032,-1.4589887306649474,0.049153574310747884,0.26807254295037797,-1.4706936305771028,1.2682399036088579,-0.1711631151502943,-0.6288204211425641,-1.4376474034973166,-1.9695848020492708,0.31039086410028477,1.198607915277601,-0.5446867188571926,-0.44042937973144447,0.24449466744525744,0.5967443463573223,1.0180552847348234,-0.4376633012257639,-0.4591690102347167,2.3676106722717414,-0.46490467268840324,1.0373135664054027,0.12306378993837966,-1.6827725256513317,1.0387139046676777,-0.08924946213893203,-1.8395813339249403,-0.2415565387051255,-1.319782892419119,1.0933728278634947,0.4778391279613752,1.0864995829914006,1.7171902445387375,0.39341496062508796,0.17791237575696922,-0.4270682689761822,-1.8361965981271418,-0.3817095543280855,-1.908569400887195,-0.930555796276441,63.002
20330,-1.6819185891844461,-0.8578064795336571,-4.3059388402962355,-0.09018855174731961,1.4437493449582075,-0.7150226745722414,-1.711252413357188,2.2400957170814113,-0.33718736809026356,4.007879431676741,2.4886768377492543,5.192359439950333,-1.354727272274494,-0.5795666984328662,2.0616500712010355,0.08099847352934642,-3.2295820263084063,-2.5125946105104107,4.204429385969778,0.21297530771820689,0.21019620473380257,0.2615244460587879,1.7772342190230648,-3.999377933616405,-2.689680511911999,-1.6758327020551897,-1.551309350611207,-0.11327438510378837,-1.2527383301515103,7.871231332588701,-2.121448335735128,-1.8710527754509794,1.4709830218444921,1.321092401690443,1.6289747190551198,-1.9175887622625287,1.43322955345423,-2.1583830750707786,-0.18531457567181336,-1.2472304863824812,-2.0678616057799273,3.668005808859496,-5.205277021757114,3.4766781870637136,-3.6626386106375257,0.02487501029479211,4.008572930947408,-2.1323456153955345,1.1278475049844987,-3.2177108795582057,1.8649241570458077,6.657833313562969,0.8761236661714333,1.4303790235243503,0.2699719659492723,-0.18322936689579727,3.347960739494666,2.2861321072950056,4.81959792742372,4.656431429654043,50.491
20331,5.68535781458866,4.190189442408046,2.4957624791764386,0.33253707061316196,2.2824857135536623,-3.517514661858344,4.740648782791671,-4.696183866314419,2.654577251663701,2.041402352232652,-0.6083826233237855,-4.669399418491428,4.060419551809936,-2.73121219627787,-0.3728105458440767,0.8555580987133481,-4.679884834845309,-0.16318745630227327,4.903693980781748,0.3507556659361016,5.153828657914033,-3.855104779254835,6.574252224663112,6.0966797552191725,-2.9394838296613264,-2.3490800102250637,-4.330172504845771,0.4577194198923029,-1.1798002845028164,-4.557494956992906,-1.4053253746870669,0.9837982845213084,-2.0204181609097356,4.379424944655074,0.049980074823970454,-1.276545611122056,-0.8517463194521562,-0.5853005234118895,-1.3745055300886546,0.19035482420770733,-3.75497590002818,2.1980062787878696,5.414978524409022,-5.020886908820185,3.405352227498639,-4.199405955872896,-1.6268521951329005,2.2591525760825566,-1.3950187735863002,-3.410013786803225,-0.37875423589114665,-0.19517673949257344,3.554128033513456,3.0414443283455768,0.43230944372679975,1.965438042415992,-4.390463954796862,1.8248991096477776,-0.49822517466364247,3.0200894278098493,192.808
20332,-1.4516316780649337,0.5899540022642711,-1.9835517980262984,1.1014238409916253,0.1052316014042281,-1.3448845361266137,-1.337536512326488,2.205216931092692,-3.257677644494156,-2.6008948977575375,1.9913154933722537,-4.7943038129639115,0.1983399858434484,-2.240260279722742,-2.6359215483292315,0.32286701547927754,-3.6905895943053393,0.8165801466194771,-2.2760437013753076,0.8921919605881166,-1.6954781182533618,-2.314004733062508,-1.2120093547310962,-0.0042634674908405175,3.2553907415764565,2.532711084052749,0.37525238610108147,3.0857977454556127,-1.063747986495419,0.0013776757127872928,4.6239531777043705,1.5813444991864065,-0.3222569321896046,3.9312340335761395,0.38127952931089276,2.062514240903137,-1.5416046969578021,-2.0513332546446006,4.4375349800204935,0.14430452412975864,3.0315066167921474,0.31177593618583843,3.541314971393664,-1.6129995317042058,-1.0073430808353112,-6.082617398415727,-1.2778917644217882,4.042431952056327,-0.6642634657996861,1.6175382755863006,-1.409948823245646,-0.02148266812971071,-1.4803200405494292,2.1170414853077064,-1.7248642089936166,1.0876303103382592,-0.6361893285389197,3.797819298932382,-1.4919276760548184,2.9915935722283913,67.059
20333,3.5046451969296193,1.1371003538070004,2.4980462455943186,-0.5372047223880277,-0.6117526344365266,1.1330907261787357,2.1540549753635294,-5.3144814354633665,0.48441739465848593,2.455528688181415,-3.258235286169215,4.446797739977357,2.6164393880953067,1.5539603039692644,-1.0100993473357636,-1.8243936429407868,-5.077262564473245,3.414121943242692,4.494639638899007,0.9697870813953593,3.643007845562603,0.9112396721575539,3.5506498111445115,3.6601121885479397,2.021421864758195,-6.434623208965724,-1.0606226488110617,0.45418061871093196,4.99322455603426,-1.7334514360835722,-6.035014274512827,-5.599162796675913,0.9960035461230278,-4.554256319594854,1.1871826558564464,-4.849938088569617,-1.9066153459083994,1.5013720773757697,-0.012516003626570411,-3.890129805840974,-6.391493350927473,-2.881417848150799,4.409031953602149,2.6504110913039107,0.9227696295699471,4.441887138194783,1.4291214456368218,4.979602640823246,0.408482840785529,-4.701191832227585,-1.2944432591192743,-4.747910278614445,0.24358939436676733,-6.814179370021892,-0.4765882674801262,3.511773191818288,-0.5334256369706472,-3.2225628723637976,4.757748296202835,-6.238377140400852,153.322
20334,2.094057430275283,-1.0453873975451689,1.8817847767293259,-2.775232630096182,2.077094953085216,-1.0862426907018663,1.860230329714271,-1.784923509008578,1.6224191394666527,1.6385270178863445,-0.3196219994285402,-5.348361252421821,-2.4466900950216885,-3.1601110744819154,-2.813700388216184,-0.2735435767020046,2.844114303100442,4.950154939063306,0.6985207975248784,1.6076292761125288,0.056777880277902905,-3.24635441039785,-1.6952845495031559,1.1186595969700077,-0.9601711022337952,3.0289059498591744,0.050312511737594025,0.8971505558678743,-1.5599290150856158,-6.103790606651932,1.0066726999423696,-0.28607781236139007,-0.2731980662391709,-2.8631293415473693,1.690788164515276,0.47521029418586186,0.03098823117047167,-0.2579260053912719,1.8593695042793834,5.6160509359403425,-2.1175466621576624,-0.35130572190689696,4.187009751064508,-2.4263080285025787,2.062468044925776,-0.3963798283180406,-3.9641404113955767,3.2872128089321264,-2.702658894443073,4.03646254662418,0.772788955215445,-0.6718320383364011,1.7721504952625275,-2.919430402477178,-0.41261853828976897,0.778378418750852,-3.792675610285278,-1.8998869374306828,-4.073420332337621,-2.82011027468331,62.288
20335,-1.1801865723299088,-1.4896904407079123,0.1715532436622949,-0.27832132995346387,0.9312236930712762,-0.7623925314602231,2.1202079631382533,-0.5690637632863983,0.178921250960736,1.372975537526758,0.18087738445024723,3.0235764294274787,-0.33225609741848827,-0.5294849820309057,1.802341016693459,0.4328679538730026,-2.2852075126491758,0.1687702505806197,3.135857857534009,-0.2991723923957892,-1.512349625888715,-0.33859865812727774,1.2314580647244515,-1.8115321598153338,0.5838327520438463,-1.3210677462510523,-0.16886120859138792,0.19855440914596623,0.7240126799514452,2.279738206408822,0.138882409130139,0.9200308436686169,0.18661842774711027,1.2857530268428912,0.5528410081974678,-1.6253489001046602,1.1931265575897623,0.23981540256200573,0.7496081720503369,-2.264954548078453,-0.6511798657886164,1.530107899040438,-0.5565680783634365,0.3101814613633587,-0.49607299594163584,0.3977223989823095,-0.8554217153170283,0.39272329397357486,-1.1257976023418108,-2.5625768984457165,-0.459564133986531,1.207931355050362,1.5977536616799142,-0.06428513802579598,-1.382485419372622,-0.2981941873987058,-1.6416271241518905,0.5107854921971704,2.0973198912793927,-1.7998536648000443,79.173
20336,-4.387162026179143,-2.0080644408479356,-2.598629750288113,0.3404856070000041,-1.2050781435984608,1.3196077687426446,-3.1862073185201276,4.0574392058184605,-2.9599155240709574,-1.5844319345652629,1.0433296209659737,2.293520211737601,-1.7972817426063479,0.6126879822505026,0.1471527116906656,-0.0283998022953674,-0.28857768916772725,-0.019202449028772273,-2.816382978772786,-0.03542075831591408,-3.9758862106283517,1.1942434794064356,-4.0385206186292315,-4.872346983009008,3.5071110683200324,2.0103422061002316,2.2280259371625917,1.1208419767948197,0.6010726654445158,4.497667661528622,2.5389760197477074,0.08580030263814198,1.349105311922032,-0.3766003462527783,0.036391407134903395,0.811969090629466,-0.02171447450410738,-0.3931957671894316,2.7137275320468133,-1.5035508961777941,2.9612033105185516,-0.40300474754757976,-2.8264966037840344,3.075997600603574,-2.8306153800909972,0.070597924836406,0.7821032598240925,0.385662777888707,0.7814570594209659,1.2045244634779166,-0.26519669999299905,0.9712534803477696,-2.9095136778960575,0.03155691894953633,-0.8828077640984545,-1.0484015731956522,2.584525580458637,0.8557300619289577,1.2098320249951737,-0.2834944907912379,0.668
20337,5.407983591333689,4.0659663208273455,0.40011969697698935,-0.23145442213422307,1.6660038485329802,-1.0304012798245186,1.2290346984246852,-3.643926152627769,1.7112581210920652,2.342190560697995,-0.6753433123213932,-4.502689956748521,1.5371641325226695,-2.041237780276836,-2.9616553969901744,-0.5234630723685556,-2.099130735386861,1.7717002834393856,3.1186905103063576,1.7838285859396363,5.922165508652787,-2.3210650398390418,4.050327920182979,5.9022412015730605,-3.7342884174648017,-1.5888894201678958,-3.526636693799182,0.3635053727660191,-1.1168683093190381,-4.364186782884168,-3.7669749539328405,-2.9760182548706133,-0.5806267690677439,-1.1087340806334658,1.475819583825097,-1.3677454963451197,-1.7051956803316382,-0.805051060137562,-1.254239255828649,3.1062980101297617,-5.466965456971908,-0.28244954257010524,4.256087604462497,-1.7412609947543527,1.5480551821937858,-1.4127775232590656,0.799980695702114,2.5543461653172486,0.4392314252175824,-0.6501289198450544,0.7121406326075264,-0.6770771589027448,1.5012573134805107,-1.533401240055039,1.3044547642186284,3.0280172711672058,-0.9425885451045347,-0.5089328924009502,-0.7987348073755377,2.7089770558907786,152.317
20338,0.12776146812856298,0.9075962923951596,-5.885615786973694,0.2322798735125771,-1.635892027918692,3.9657875557753117,-7.364962796705907,2.3550226338078146,-2.804106126718555,0.45053256413478693,0.5531225626608733,3.1477929992893308,-2.301339668043547,2.601954623425992,-3.0642375032945015,-2.081732440859316,0.08431512054021946,0.4929751280274408,-1.8603555869752741,1.1326936330553077,3.0398298548283544,2.998589124089899,-1.7957729226891108,-0.3343245409745351,-0.10961349061272639,-1.1608851644430036,-0.2570118420251145,0.33975148110228925,1.0776773410385478,4.673609279144297,-5.102049507289376,-7.4117795209414545,3.123194846639248,-6.089274359001181,2.000121054812434,-1.4468448543689785,-2.4863854065300846,-1.6307208257016863,-0.13368856736750423,0.5972578722699291,-3.072729324143053,-3.2084029401267706,-3.4723655789555448,8.096061312159891,-5.568430224879211,3.10882786214399,7.707587275186476,-0.23877522588071826,4.804723297938718,1.1286549305304192,1.7974136555928777,0.7702594818055701,-4.765960307049208,-4.961291819999739,1.980775818948147,2.2002522748022186,8.506556265599327,-2.03766813025398,4.028077784744021,3.0985999246266838,32.361
20339,0.5897358550077881,0.6977288033287785,3.068358487741252,0.18304665092909517,0.1434848081030718,-1.9962428458798918,3.038314765306378,-0.6105827195090779,1.9174097342759693,-1.5325251036375296,-0.18584085077545148,-3.3876056285987146,1.6546452989530367,-0.6742353869594472,1.3630092236629565,0.9818508479445676,2.078699483631477,-1.5894553821540545,-0.7414613373759539,-0.9162482182935648,-0.8904048087197645,-1.028013510441752,0.773028547874743,1.4730050199282663,-1.6101327580133853,1.000476301495966,-0.28895376094625386,-0.9714453113702961,-1.3675829718861643,-3.5285306438898387,2.2702749875412795,4.715054654350549,-2.33661734589958,3.7944344158199486,-1.8681636031944435,1.9516163673388314,1.5248023116392049,1.0776047195236518,-1.6248681139385803,0.539138615000891,2.5311683715863436,1.1091876430326228,0.9274805459261152,-4.845371827076102,3.033641466336854,-1.9429213103106362,-2.9438593485867086,-1.8606002379328732,-1.5584090427841142,0.3710355420764936,-0.7441410235123614,-0.7502113336307862,2.348929827394433,3.938726506611543,0.03179221712996272,-1.6762968773359135,-3.6601205534899384,0.9223419828130445,-3.4961174264511343,0.6654919383123783,93.067
20340,-1.5310072233641467,0.3855782554451839,-2.447797618465044,0.548778546253647,-0.8600680699138168,0.10073667286234544,-3.2895298180658314,2.9887293286466003,-2.7281751212632397,-2.268537617920265,1.1960770601096626,-2.841241776453625,-0.867329373479065,-0.6849436411463544,-2.645050123411084,-0.10977768019532685,-0.4639954713885108,0.27035380509101836,-3.597966720553874,0.4216542943287322,-0.8348906412026407,-0.36410677038092715,-2.034588762445086,-1.0239114792947204,1.8264160480552638,2.7782257101246977,0.6296043784235907,1.7719866184181419,-0.6090194114956844,0.5023473981861061,2.286029228413901,0.27710954731991044,0.46999779656329,0.6991257756432342,0.19174058552200132,1.9676731097196787,-1.445191126399425,-1.6542405954968569,2.2612141604683744,1.0910288023223285,2.706282961977752,-1.1388249255286413,0.5089112760281842,0.8205892540501198,-1.7495587476121366,-2.773081260753967,0.9078192299420108,1.5158865467807736,0.9917137231050687,2.828911329561407,-0.003201205414302674,0.2527329917201741,-2.4683588727191013,0.8630482977464666,-0.09848052356170427,0.5138626540330336,1.8679425524531805,1.3523269433742051,-1.575157273590177,2.7038138028756857,34.547
20341,0.9162794662963212,1.6100718973222656,0.849628590782915,1.3969777711402152,-0.31781069023993225,0.07168417162157453,0.8374956755632341,-0.6843693012152559,2.901891165172577,-0.20884918267253696,-0.1752302631809616,2.1334073672102787,1.4425537366201264,2.461347177200121,4.484717974515044,1.2162263047906605,3.898088334397372,-6.304167340334977,0.24028823844418037,-2.793061849731907,2.529339931375165,2.7972437310659224,2.6158436368809146,1.0889318123631482,-6.11857744326954,-1.50959295123671,-1.6173552547305365,-4.103104776300255,-1.7936665592798005,1.4882992300702194,-1.836648516452992,2.542705028049341,-1.7021810683429226,2.642390513547918,-2.799740585203958,0.7357792536507926,2.8591458261038896,1.306210736874754,-7.0435591766919705,-0.3417807692262893,0.7082186636837883,2.1353556587495506,-5.884983750891931,-1.4168680679339645,1.196555621589672,1.993534487369058,2.1964751190929532,-8.866992498205637,1.7333683877137822,-2.283736507703095,1.3004753215196423,2.7719813328584806,2.0109638371676177,5.084462539600682,2.371856088082378,-3.032391052220558,1.9769087579912101,0.1405018116547491,-0.12033065516628667,4.463187116413413,98.082
20342,2.0337579220835234,-0.3219990845534586,3.5429344726059435,-1.2275641403516562,0.2711419380183142,0.06245619319090892,1.635780388742498,-2.3116685709123597,1.4747527565033753,-0.6668802723131556,-2.2331838722938167,-4.280633282634315,-0.7057753749850035,-0.4962382344461521,-2.2857752575646915,-0.2652384561740182,3.825015095212723,3.6395756531325523,-1.4624428955595372,0.23315906012497972,0.7987548533318773,-0.8050793450885468,-1.3832659118545403,2.6405027913694328,0.27797102174197164,1.2230725919114829,0.9144996908679955,-0.4610051065515457,1.0935230566325242,-7.112062741033088,0.7251711285908704,-0.11959727942035425,-0.6161295728428106,-3.0543961159516755,-0.2909945747829768,0.6737956146966741,-0.7490303541052039,1.4649630686732273,-0.08668475503490647,2.960625177483971,-1.179086894605082,-2.846110081233864,3.643694868525241,-2.302496597206081,2.9281917539357183,1.8864234575351866,-3.50825591455302,1.8977037058511625,-1.6120523858325773,3.4718256606714126,-0.17895556732051499,-3.887467411194681,0.8185014139452149,-2.9823020274976844,0.15599914977098026,0.38587185200328017,-3.4665023326413658,-2.6493568576193764,-3.9017731293137166,-4.571860740079937,76.95
20343,-2.5821436340551385,0.07937138585433817,-2.2009183055199975,0.4631161320509957,0.22501338769068702,-0.6893451910628943,-1.6096516304070374,2.800051178617287,-1.0594533919068148,-0.5713126274784985,1.829654136511047,-0.4798860022274606,-0.4729007432739257,-0.8648223243462722,0.5884165092964313,0.7324876174453053,-1.2238507915337133,-1.9731206045787917,-0.6089503445613842,-0.1992395156510971,-1.5538107274236597,-0.5410315495863272,-0.5867054308041829,-2.359791298249019,0.15730677136486276,1.558756895064178,-0.2954943200738491,0.59422180895266,-1.9972706568815848,3.2044703453087493,2.2807650650636844,1.9265422058158734,-0.24954741101492353,3.3430273821452396,-0.19868980524452243,0.8954485941523151,0.9850313753911243,-1.683806729580828,0.5849868003778221,0.19990772595350176,2.8325935498014707,1.8662834033469513,-2.2660052257904164,-0.36318647357019185,-1.464774094704381,-2.678327090161398,0.8583266166438872,-1.3924814740047866,0.33081258425500115,0.2166402074806106,0.1814600314244088,2.832748290810205,-0.4951450687014071,3.6528603746075503,-0.3056860064557028,-0.7814179391906442,0.8471259469973343,2.743860457577473,-0.12975424327798787,4.159952071689509,38.95
20344,2.9469865456296995,1.8426654741260917,1.9185945047891904,0.3634188546305918,-0.29947339340411977,-0.2423645189718437,1.9138508035314028,-2.570790581894491,2.4503106225328097,0.8103023488387224,-1.738396933433862,0.8923277110263506,2.001562620674379,1.2738119699628327,1.4383008458180606,0.3571748897322936,0.6256176247617566,-1.8817807131334814,1.8507621992234915,-0.7919696472167919,3.3114852652223985,0.8744056970607083,3.31978665234507,2.886459895451504,-3.120053495131254,-2.766103409148736,-1.9206585538460565,-1.9194667591916748,-0.07733312264300479,-1.4881871266412863,-2.6710938963795567,-0.29809151997588246,-1.2151600854551639,0.4110216007549245,-1.0615912788551294,-0.8252207011604705,0.1534014333967742,1.2681352712650436,-3.772449675884011,-0.5796092312260397,-2.3853776085782123,0.28965731980031373,-0.7196805396086966,-1.2210806313757052,1.6300822681066467,1.99019302915759,0.9788640709156411,-3.0677267627466063,0.6088044950722267,-2.3720650261419247,0.5604821208864824,-0.510751559525453,1.8062676773459294,1.175347414972551,1.1075284513253765,-0.18561120871726774,-0.09916750410323188,-1.055991456228575,0.4559678673678268,0.9708036205186777,126.563
20345,-1.0211775773413123,-0.13233638967125094,-4.949303464414681,-0.1864117824123106,1.041128162096718,-0.5650084022403181,-2.4647728904541517,1.957067938068191,-2.1686494676840904,3.295763238451219,2.068213477563228,2.475958225080449,-1.8402822216595194,-1.4415684964372426,-0.9931070975459066,-0.16025386621767662,-5.052062534495885,0.3036108389795516,3.7021927607032366,1.5383870776492423,0.41967860342193597,-0.8931898616668406,0.7675691082131905,-2.756770561936473,0.43191986870520604,-0.9924378897365823,-1.2500483675762197,2.0580360457966114,0.1572379366597964,6.1777426864603315,-1.347317239050092,-3.3821122073293677,2.21710495679876,-0.03899663098446621,2.9705518999780556,-2.110715891960162,-0.21682892383845404,-2.7316275347280836,3.2640855639037203,-0.44921643675736445,-2.369458427326468,1.7307865263240376,-1.08211461146345,3.994476334592589,-4.243913459717258,-1.6382071052251248,3.7154405136615853,2.533092581673028,1.1023579932246492,-1.8150009927536919,1.0127497046220726,4.072688828189605,-0.963148550846761,-1.475944981178445,-0.42143693925662074,1.851709152005758,3.144999554219346,1.8922387532757678,4.0241285602439145,3.355949276267855,49.934
20346,2.0719060142821504,1.918644072843229,2.3843098083828314,0.7570352358642116,0.4263956791391753,-1.3021917053730236,2.7312278039496616,-2.0903605676459094,2.426464051649358,-0.04181269136788053,-0.2212467491197082,-0.6532645387688705,2.3699933512043603,-0.017774448996061468,1.678951348485729,0.7869553947404114,0.553234692035146,-2.4440668266656367,1.632904148345511,-1.0517524255081279,2.0601965225882024,-0.3125814333625989,3.2033655692656806,2.845101385682042,-3.094342250729779,-1.185356923339281,-1.4289185574844736,-1.8334867313399201,-0.6119786610788335,-1.694918323276146,-0.5388407703315856,1.8973397965079095,-1.8293045895583897,2.7267587492244645,-1.1366613971322184,0.2499444796681781,0.8850036693823979,0.672172493383082,-3.325630010799239,-0.5803903865085129,-0.2887359871855566,1.1379530232314234,-0.06622810926503783,-3.4201096735421537,2.6656578630317993,-0.5693079198977741,-0.5104132096898446,-2.9141583275560614,-0.05373086006761457,-1.7623330641848067,-0.07626136079705455,-0.05411251644337546,2.3713494568397846,3.2498161353451085,0.8875309629355347,-0.7654814989798895,-1.4608713958358164,0.45563671914216064,-0.5259263510801584,1.7064281815743172,125.162
20347,0.019027188457824307,0.5327547955821779,-2.3712080994651963,0.24537471935589822,2.407522497065122,-1.6352921473826743,0.6528149609484368,0.49028124995716477,1.6498882342869536,3.163612475194607,2.1226120622688507,0.9509907604376607,-0.62298699690696,-1.3730230070236962,2.369512945670618,1.471721723512187,0.4030313433087383,-3.499020478943899,3.8841663232239996,-0.579323427507569,1.0817559828296042,-1.1007472563701302,2.956533332169038,-1.6308549324920838,-5.760193160433626,-0.10098466126408016,-2.3301468173110194,-1.3393778300078263,-3.1897103605809205,3.402710679642282,-1.4843444323851922,1.2655035317391439,0.017222582608993675,2.8951934763426284,0.5374732391359549,-0.2304646913931493,2.3971060206791015,-1.2897749587495135,-2.7942501147272703,1.788905996332534,-0.9102700046672291,4.3071773583033215,-4.612843630819713,-0.6321385941293551,-1.1688971743262084,-1.3175343957909837,1.7935011853294036,-4.468999739817415,0.3024878432562168,-2.074116058679024,2.080034474104964,6.627146931791487,2.5585348557236505,4.1035689536501305,1.5058550548339755,-1.4812601210931429,0.7965576599124927,1.708912772652536,1.1357555256296903,6.245943512575054,75.234
20348,-5.295593553392381,-3.3517529507593125,-3.5036709562489823,-0.2549586000419623,-1.4338351675657603,0.5361976441940368,-2.2632251358901527,3.633067018828924,-5.515493920168992,0.08957053091642797,1.7421083878954566,5.968518854205634,-1.0956298828392272,-0.03205569794792957,-1.3576160681247846,-0.991502997456238,-8.279460389966946,3.049445772192388,0.08300398206443321,1.9497221923714663,-5.539909172267314,0.33104502226540655,-2.8327635211334425,-5.539530061810765,9.313020349300649,-1.1039858665454012,2.728934611102585,4.810116036192236,3.8681506143122313,7.893227217548231,2.338279166615639,-1.9395537317071851,2.6951808350802,0.21987941132128008,2.0336255106738164,-2.098586357849074,-1.4941863553022376,-1.4470326548408348,8.119927710269911,-6.092271485382711,1.8911308116934107,-0.4897197513869263,1.6282277554506317,4.941512629165521,-3.9062462166278618,-1.244170334551684,0.475098827303801,7.377216407768736,-0.16740153879241487,-2.335808905151343,-2.6895218090002087,-0.8718821490443465,-3.517178923499174,-4.0079781503415,-3.535984000068628,2.1254471793067484,0.9695857879469074,2.499376116114399,5.2791147664340645,-3.665376476968564,24.509
20349,2.083705025016837,-1.8339497660234638,4.380034943874741,-2.4541418109223065,3.6878556338371715,-3.201991227202086,6.764322235329154,-4.700329269046994,4.072849324548995,4.811461602091746,-1.0819849596963393,-0.6107343286634992,-0.3419801652771668,-2.7702868468052086,1.5807532318324948,0.7545386624844144,-0.5176281845631997,3.464773949192043,6.762224094521635,0.8172125189531806,-0.5170236260079419,-3.8483549885720607,3.172961746384373,0.5448503401187571,-2.212911514377834,-0.8378453669009289,-1.274002307771214,-0.3979405335993873,-0.5966115401174004,-4.043500930709701,-0.6219353335080584,1.4745768416778262,-0.4680105686210122,-0.2787417133943936,1.9913526783063773,-2.3418146881462008,1.7810508173345645,1.0909728752754608,0.5212644467431127,1.225718423842666,-4.070050509088378,2.554281467199711,3.5202452427421025,-3.669969928214326,3.3415621433889937,0.7997204607950822,-5.579005092372974,2.342883957352661,-4.279948784695013,-2.0515066646340894,-0.36063087800218396,0.11897802572473115,5.923805855431576,-1.9282930221409207,-1.3615435267411686,0.10815122500810145,-7.204512341359712,-1.417514851719511,-0.4733395545162159,-5.305991931247543,106.847
20350,0.997301355250886,-1.8728340719530208,1.0636140955360303,-2.2010803334597915,1.3635591628378365,0.5142585264365612,0.9671139799494128,-2.4942650896790326,2.547886343011881,3.640996433559399,-1.3605662189361971,2.409847826344081,-2.2546346601907525,0.11344837343280359,0.5814780507209762,-0.8968724627558524,3.041997164830868,2.374279033113937,2.940324240256071,0.6012790931618647,0.9397380178876371,0.3019856009036366,-0.11462498686600286,-0.9356700891229319,-1.9710354549737426,-0.7170715523597917,-0.10344328866412231,-1.25956026763284,0.6721055306308907,-0.7105556532863979,-3.4704275732396397,-2.923565839062631,1.2715896303928205,-5.576575125472948,2.0546780825413444,-2.2905327726415403,0.7474191787922226,0.7489073901670538,-1.2388988066654212,2.0926400075324953,-3.9924848784697344,-0.018851901948618827,-0.8178569793388789,1.8460403596280386,-0.3464226268263734,4.744383183211874,-0.15197127283999204,-0.34347797251910095,-0.643488494816491,0.11675340629365934,1.1579543026905235,0.870892191372273,1.8920436149627022,-4.233571108001558,0.3495885867609142,0.14917107404835578,-0.24467308844328528,-3.5791337850594065,1.0490558715707723,-3.765244897106753,52.273
20351,0.034141375952952115,0.34348596118849056,-0.03561159519729029,0.28366659614703976,2.43827579780953,-4.065907304017461,3.5497770390158,-0.657059834286223,0.35135636429309375,2.759262757352031,2.1938843571195568,0.4192992675310187,1.6479810356368905,-2.898443616060936,1.858824708110449,1.572284484500719,-6.014280665935985,-1.3512849715950719,5.608900450469606,0.3923700508110423,-0.8710018888810326,-3.2388240253927756,4.253810546698401,-0.7255205602814438,-0.7167340942526302,-1.7258288127182118,-2.519243994478619,0.9965749352414175,-1.4079597684960938,2.645140774303835,1.0022335870343422,2.709257918785631,-0.7327836368538792,6.13020386566064,1.0449279006890175,-1.7094820233545218,1.7560371772712797,-1.5253869982963393,1.3920278320948565,-2.1056468648141795,-0.4387028281444648,4.634195269207511,0.6382707647354697,-2.4723571770334924,0.5689328406299687,-4.361266700313476,-2.099193833351185,1.0078882316643514,-2.1826298831235516,-4.2556588626181195,-0.667494391038295,4.146692431659684,3.4342676962155334,4.10052832847105,-1.3690995920484839,-0.08840119633941784,-3.583132946892899,4.260237804123606,1.8933967834918346,2.576994235852147,110.905
20352,-3.6696554056810675,-3.284888094274194,1.2101892715547686,-0.36771590983870445,1.0468599335394662,-2.431299711246509,3.309047997163064,0.8220524125986794,-0.3563435514545886,1.1382845917319502,1.1245015729128405,4.150718754523361,0.05301283023512006,-1.1507377976635207,3.6286741883755735,1.0878174890330599,-3.6469394422003667,-0.13522992422357427,2.9284666389513263,-0.3574037119942058,-5.560752943256398,-1.0482206057828383,0.16834012901381332,-4.72030780283297,2.73745046570309,-0.6137142283892011,1.063738255320324,1.2282101875633273,0.6453131675879619,3.8867444334608456,2.9961776151597603,3.797564032076467,-0.19178676373428488,3.694492307641834,-0.058368913030884415,-1.0560420217415787,2.820091486964943,0.2546462361876831,2.7132213291062035,-4.04417424286915,2.4261650877024676,3.2625100060387595,-0.5642684140179334,-1.2079033548306621,0.3236200552262397,-1.259807302751117,-3.1126342510958995,1.2479798668402604,-2.538489534815089,-3.419522568302829,-1.7503443529216525,1.8546168069869229,2.0742117570188046,1.8763139072159047,-2.8156806937028107,-1.3853370007485841,-3.8647222409114583,2.186270622421355,2.074999579611604,-2.511874172008572,56.05
20353,0.1578694978692327,-2.1594736755259576,6.910890514404797,-1.1687674404086208,3.7048597939967363,-5.233571088931696,10.0178643530956,-3.89189704422001,4.545956798560055,2.314276741842721,0.35802132700691885,-0.19556784781997522,1.9592159939641307,-2.998737405137549,5.430861239366159,2.288001307251612,-1.131635993507519,0.12827247699147493,6.128134826343697,-1.1033091569219757,-3.896406429976256,-4.0804668679542075,4.0480454346138846,-0.9987788575681527,-0.8642532623008294,-1.1444072720553233,-0.43774915061212877,-0.7119958735066274,-0.798096277156944,-3.3321498464608017,3.637730703731309,7.897109223575629,-2.8027128448370466,6.693208810820336,-1.279302736242638,-0.6574337087418146,4.313620458118432,2.179042064025518,0.1039922309439608,-2.267523382611325,1.338657187020186,4.905748257204215,2.894544287085504,-8.096015392369546,5.812369343672832,-2.150899637337321,-8.621781319418316,-0.19048778781987488,-5.919756950306033,-4.480318216190902,-1.5285797654700373,0.9012577545512149,7.528915563422652,4.762580964725984,-2.4731309907715997,-2.741976404691412,-10.74443314404895,2.0541773925169045,-1.4535238287858085,-4.746144709052818,117.805
20354,-0.2952983457947459,-2.074964667227742,3.6384820080418816,-1.1456087473013306,1.2829774143733919,-2.2030472500179563,5.600829141387662,-2.9639154614661196,0.939112244248522,2.050178048683849,-0.9531678394933141,3.102587447819171,1.4169536989765166,-0.9710064653329656,1.8606481507047246,0.20141957825803924,-4.272572226483465,3.0585679555935625,4.691338887131218,0.759424120906987,-3.1484447317879454,-1.6610620241213738,2.094698010632187,-1.019308912273507,3.7287823604891512,-2.634843283722427,0.6444444396788974,1.5795954669282501,2.3587312702842502,-0.46372354850415476,1.0214013638468489,1.496478513546322,-0.5644037908348261,1.0891751497226478,0.5936312598119476,-2.530354510571504,1.1411348316577825,1.4008467224237469,3.065877530922303,-4.024937605199382,-1.299043060032092,1.3182220410443972,3.7660326149809116,-1.712195015187571,2.137654920151969,0.5917580775548192,-4.536671846502004,4.405563836104384,-3.225961561972943,-3.7617395258277626,-2.518197851847452,-1.8908739381176851,3.2537043654856928,-1.8159172330422404,-2.8322763259049255,0.47393496819832637,-5.686407886657527,-0.3899010454701893,2.401104091843698,-7.1383928907489995,109.496
20355,0.3187829954793535,-0.8308942689331931,2.4686928084519444,-0.6858358457551561,0.19514596338845017,-0.7540581151471203,3.071847511750433,-2.3664426041745443,-0.5776843823111426,0.6454681487284695,-0.808636453888361,1.4924679352141796,1.2456661697285931,-0.5103707878702595,-0.5827212765626272,-0.4581391585416509,-4.523966415329696,3.2075793481999026,2.3396982944198355,1.1029146260254785,-0.7953930315790136,-1.4724415846719285,1.0932740228920834,0.5102666950248759,3.7468561879540037,-2.570018577283068,0.47961725885525985,1.7439645157066395,2.6371496098891534,-0.5229750271818222,-0.01639888066949602,-0.492906804341888,0.22643747849978985,0.016305932841280013,0.8463367373253606,-2.00239805819883,-0.7724674792624262,0.6837521661659958,2.9123441346965113,-3.412857926255263,-1.744234569260935,-0.3360244184933393,4.193179923043943,0.06595106684156726,1.4265321746212407,0.18226825136444805,-2.1617295942315518,5.115234866417402,-1.658218166946277,-2.827409742715638,-1.8596365487446593,-2.5934822884984134,0.7974916214278996,-3.0053529836220574,-2.2787987164662926,1.939552885665431,-3.3289501806571966,0.11787673374263322,1.79671279410533,-5.026056340028817,110.423
20356,2.581305686395023,-0.15473364184807564,0.6147459213149391,-1.1438660557849856,-0.9062824704898036,2.6339679539921534,-0.9781886615981513,-2.2940411562107994,0.2813666730986994,1.2402355417277362,-2.7454938222091236,2.231672181365646,-0.7091700101239171,1.6996159018380363,-2.1933782676663465,-2.087830483921313,1.0070332469886059,3.5830610852468463,0.5478118493381301,0.9214955764872439,2.887248874848798,1.7467293765237173,-0.2837791383016409,1.699884564416775,0.5034347444067395,-2.133216138273335,0.09602099323418592,-0.4833161254401085,2.910249740418201,-1.3910057228681783,-4.778997807688101,-5.983274846662445,1.9891042264736603,-7.018279219876324,1.5132226743988804,-2.613373858562427,-1.6570759795396337,1.0586591731783563,-0.709517927354145,0.6627052922864548,-4.915903817917179,-3.468940544147793,1.4615222957312677,3.885625765955459,-0.8459209417586984,5.400532774879108,2.23773983359989,2.5006281813192985,1.1330624554057984,0.18490952796856794,0.11683714639282097,-3.546167644725843,-1.1749742972557766,-7.10896803785468,0.5808837338661054,2.2919044894997875,2.16991648721538,-4.465715302931163,1.579182353477706,-4.773518857329547,79.041
20357,3.5673892111326095,2.257968428313305,1.7305248855504098,0.39006577916975904,1.54905967577373,-1.5993892944760115,3.104958928262738,-2.9042737942955936,3.287018889358467,1.6466287678860632,-0.13876462892669955,-1.363081028338443,1.7745156443603365,-0.41986381666809586,1.9028451322489426,0.881525784435282,0.1702415844467795,-2.1684787203328684,3.3736901569657514,-0.9256817381077089,3.1399383477860323,-0.6803124985588745,4.436083588341417,3.1422309606387278,-4.738386830905629,-1.8045019036112406,-2.7934130002329787,-2.0067638007672093,-1.720165761033126,-1.8745831215237643,-2.0345018758751277,1.2146795733299252,-1.6815591310049367,2.0498725742537385,-0.8377473602320623,-0.34272126165829025,1.2938783115876957,0.600843625327764,-3.8891917736045007,1.1769424355086935,-1.8126169320682943,2.0986167440126744,-0.3971245171904022,-2.8072065255794447,2.090563835121361,-0.5129401470443559,0.1674593318330573,-3.1009740808946766,-0.1211582736264383,-2.208592936392599,0.8062540460849057,1.3100975663026535,3.3143881789322176,3.1528106004559,1.4818746141164683,-0.47874545647405503,-1.4002182030551271,0.6975321113766095,-0.7267552766431375,2.7399925690541385,130.791
20358,3.562876617019298,3.080685978177346,3.582821151716945,0.9715853414975382,-1.995313496059116,1.1109113805702437,1.5274177636477322,-3.719614223169018,0.12724399409485893,-2.205889609457115,-3.2793228708723516,-2.2854542694779583,3.551790922671766,1.4291471810425898,-2.1525511212552675,-0.9516630862276207,-1.6822050445812495,2.1379394605830027,-1.2921991877281438,0.29113968907142584,3.54214584595667,-0.015283793219228792,1.2357395253918975,6.275437837857924,2.083547851278179,-2.4650009146544978,-0.13873661480790797,0.2224431178146856,2.7892698346065354,-6.014667085540918,-1.630228083237844,-1.8291122215618876,-1.307065010790193,-1.8787387273697607,-1.5373244175861052,-0.6924768220213033,-3.0060063068610665,2.2378983610144285,-0.7109357203196967,-1.6934700619916616,-1.7465633009866175,-4.088401378652072,5.840385232227126,-1.109910690395718,2.8278176322255586,0.9450855611467047,-0.6727789986855746,3.319769227676288,0.4660310962225203,-0.7399969034306056,-2.0867286928242894,-7.106456600540221,-1.064416214516332,-3.2625465806727516,0.1262279267659194,2.4954524760931514,-1.3224210841192814,-2.2301608733888942,-0.7608269469148868,-3.5089023528514116,152.489
20359,5.94558137907078,4.228134026395605,-2.5679155647271683,0.614719361243683,0.2920595335536619,2.2024398031241574,-2.6638512470386324,-2.231828886868279,1.8966915464070822,3.1151132709606113,-1.147789904986024,0.3578540533205413,0.13743693400957743,1.20216064191865,-2.0158578164897163,-1.2147183995298474,0.9267639669800523,-0.6204552816332635,2.2519287038667346,0.8062239791539536,8.682575942223075,1.0392172643713866,3.803106949247987,5.197065350972481,-5.970591896925233,-2.7559131259799794,-3.6487285621192833,-1.6058299960036886,-0.6292496658926707,-0.7598216209207445,-8.214277872568063,-6.699016980868514,1.3862342708202997,-5.138982688392646,2.0208221466839675,-2.173101051097698,-2.2749227907860856,-0.5947011113022087,-4.561669534438806,2.96104525707107,-7.204940507712505,-1.5518337235396802,-1.5501953260799604,3.687157533953046,-1.8331907819725815,3.1478494315261636,6.744003556054595,-2.122703674561521,3.7298819780429926,-1.0063640279329815,2.7157214362030633,1.3702288271706449,-0.38366921001974885,-3.576622866441857,3.480023858562426,2.6308947092616646,5.495206532805902,-2.819701735587106,2.3047826627984476,4.60264031217559,122.69
20360,-1.5249308536038515,-0.9710001548885117,2.7403933938601175,0.6382683121896887,-1.0369522421002582,-0.12292673776747375,0.3586443296690712,2.1963683716815163,1.9772630279490357,-3.950286914210076,0.03983067185261219,-5.35060055571741,-0.6678343685483734,-0.2545403169947892,1.796302454836693,1.6823794541378878,8.927981576219477,-3.1490398851598522,-5.905552857436869,-2.051398467492576,-2.7223359136349603,0.5834848073310954,-3.2601623259629204,-0.8751672494438378,-2.740869050639678,5.106210624205909,1.5062678154127456,-2.7125140538091506,-3.51486868399679,-4.563865223096052,5.444796434249667,6.676071626075689,-2.736977452675377,2.753066600271391,-3.5203104196365476,5.143290830018874,2.131006792495338,1.5478135916002438,-3.1394049556151633,3.8898539703515835,6.22801601078521,0.40799566215107397,-2.4143302056587546,-5.192830841898304,3.178149614478742,-0.6440795614559696,-3.916626435136703,-6.602115352084205,-1.2769315308648432,5.455310633641615,0.1906638865739727,0.09361521351944342,0.8431426861102919,5.555245960007693,0.8526780635750087,-4.3383751083774404,-1.636752046519014,-0.08115549988092875,-7.159591829784765,1.2882141589481049,25.859
20361,-2.500194958300143,-2.9663210787079324,0.084033924459706,-0.8642374952326026,0.6752738371194265,-0.942317182592014,1.0069773747722712,0.8752045826645919,-0.9636883639509722,0.8683830576399448,0.3402545142539918,1.5417306083845577,-1.560652573019563,-1.1822066450195896,0.17664530453231414,0.15600683136368412,-1.4819659578220392,2.841063300100342,0.9789923924594588,0.6758313045918974,-3.8825041840304655,-0.9499051313644954,-1.8273723716327328,-3.3282400624596433,3.6016509034549538,0.6048612793793423,1.8830378158717749,1.8739008178069874,1.0245832533563668,1.5454014442116346,1.8682866054686216,0.36159998438790497,1.0373277900131397,-0.5977905302220872,1.3350724039633173,-0.9880308183139983,0.8197591159388838,-0.2400815372149004,3.9870767322343887,-1.112590793161202,0.615163589342361,0.6395203222003053,1.145087426085424,0.5776450778485018,-0.6655787812662434,-0.13022303394584867,-2.0536399114920827,2.9450780244298493,-2.105706399561371,0.21653685317027566,-0.6430552808837422,-0.06313788343823075,-0.03356350897798249,-1.5543954759018868,-2.250163909508667,0.04993490063237867,-2.1582347639288897,0.0464607391767064,0.9864328121683894,-3.9380475647607156,39.386
20362,2.6457826052443183,1.3878729258121356,-0.31715309419690585,-0.8885167941140106,2.5184640871316955,-1.7949908431299886,0.6006327958268061,-1.2411855499809508,1.5561110150573112,2.5410870914957404,0.4165075949092583,-5.23577203351116,-0.5034119579458374,-3.230927997726953,-2.175012971367268,0.37196706194326107,-0.46799480189998716,1.6395105743195169,2.4740415916278597,1.498761234938142,2.4700732902581146,-3.1445192795827195,1.8647253216034319,1.9312968746980996,-2.897706741682006,1.3405355628528342,-2.2594890863032537,0.5938598203077973,-2.623891531223984,-3.1533741061027136,-0.44752977193804766,-0.26662625283493346,0.024671355939193534,-0.04484001850563529,1.6739429782406783,-0.06747345425233463,-0.10883953394375384,-1.8498006092409305,0.6227983748511751,3.896785317848941,-2.6773945137875743,1.0697197978277346,2.598671172317934,-2.149683564276231,0.266154217730307,-2.12586318161491,-0.7870793270187271,2.109673872766176,-0.749911301458017,0.9700439257124047,1.3832853217203291,1.768325782372335,1.73168553294881,-0.23033800201187454,0.18952867413157937,1.307129780464445,-1.8024925970197705,0.4559541532127501,-2.025946435518652,2.4970802678338466,91.906
20363,-3.7972193235977283,-0.8815095441067655,-3.4419383520785147,1.3673065270011615,-2.2301990741206703,1.4430228496993125,-3.858458224046977,4.234229770891035,-4.02974667762885,-2.2576455851403905,1.516118324219695,3.114044250600923,-0.24074855595762315,1.1420962919259683,0.049125708124396705,-0.3303519912172909,-3.7430215883868816,-1.2601825400453692,-2.6649028119366034,-0.1940851666290574,-3.0102079626058695,1.72909821599111,-2.1640296879303986,-3.2961529136546357,4.566507811530762,-0.04444658003363994,1.8127537662036761,1.8403746454098036,1.3939483899181697,6.212599509712477,1.8198477918996525,-0.6101976126052924,1.4798119013611413,1.1517855246780708,-0.3851954415148976,0.12628847620406977,-0.9921356018930725,-0.7970259554046577,2.832947312756589,-3.7057579515723487,3.565270999810286,-0.6642085513395629,-1.5446900486761923,3.42612165650113,-2.9905904954885663,-1.5148194621710007,2.468376912557369,1.0479855672838665,1.8588851696247932,-0.7018336407735242,-0.7617115803427936,0.3735526477455841,-3.775129033874102,0.5969348006404882,-1.090928324372249,-0.06776877439258625,3.4673587641429666,2.3530508744129066,2.9520350120624235,1.4072308683714039,31.347
20364,3.1506477494419336,1.3285777500130416,0.2686686269078614,-0.9163435922029659,2.4619750490694208,-1.5063688325059066,1.639216483946281,-1.893831677042238,2.635141842787164,3.7310452473993627,0.6526996382663715,-0.766326464147298,0.02185533880962693,-1.7078568960475606,0.4880083641935769,0.6077303735603721,-0.20875553404525288,-0.5384911442819201,4.558994856430772,0.5202341899820755,3.3105028017414657,-1.7557343730277348,3.494287658115967,1.7220333102290137,-4.4885922724252305,-1.0556369399003982,-2.784942224492006,-1.209666700134542,-2.0052077927893417,-1.167551043560398,-2.8035253127214443,-1.2622759733070277,-0.17069872031815048,0.12853309098497295,1.468556318226697,-1.863525771373923,0.5565009101987093,-0.6292127476480691,-2.186577050336238,2.3329031354524217,-4.117159502079493,1.989230106900412,-0.3985516654042971,-1.0877463452207805,0.1765265644190236,-0.25038522233055205,0.4981476213180729,-1.1217797304148973,0.01870298978801449,-1.679355137997302,1.828822736371433,3.053096249249732,3.1611451530060997,0.3908436631027936,1.3730289183028996,0.6812016782204381,-0.6958552175250395,-0.46845482665773447,0.46816492312967606,2.234126549065649,107.063
20365,0.5799181687970635,-0.3851991700163675,1.8010586607747097,-1.1174541345494713,2.2799523797842123,-2.6667677446906928,3.3246564641552285,-1.4382161685912058,0.08617798500376564,0.5609929316865382,0.3397766712681871,-5.222286261321842,-0.007650305247458966,-3.637949932746659,-1.7731615576327395,0.4493711414133098,-2.3303756638500803,3.5352951963393453,2.011354277713869,1.348365732486207,-1.4736708480383167,-4.368893428928209,0.3355692330288808,1.3343453171910606,1.6212823355371169,1.693559852672852,-0.06532372750506968,2.849838934891228,-0.8258716742043432,-4.316292889451924,3.2463489631092384,1.9295973235216508,-0.6465296773736998,1.9901670928552195,1.5400503062576694,0.3100855073701738,-0.5755254009965168,-1.0330948063540966,4.204366724712894,1.4679286577683646,-0.3618316616808848,0.8452051741484493,6.042182230964773,-3.707097918183346,2.198848352414435,-3.6550163807806895,-5.1770974350160675,5.517082977718437,-3.57819117311431,1.4511791915033456,-0.8171719408442264,-0.6159026310945963,1.6411650291357238,0.07960889883692966,-2.2068628379119084,1.4393162530256627,-6.025966957784335,1.3851742758569368,-2.7287490710550286,-2.1676118614953954,84.435
20366,-0.2813314496966277,-0.11842451741760694,-0.7282624486887125,0.6537997134103575,-0.4707475349308835,1.3787314222252895,-1.5793410284610605,0.3120758588923353,0.6921537183509094,0.40847120598817976,-0.16703231689193626,3.465912520926754,-0.11194743751816488,2.3602896554214032,1.9445771540148584,-0.2825400247327202,2.2725998450840796,-2.988581711938007,-0.3084521473066509,-1.2263898066379644,0.8232845878010641,2.4966700249859137,0.2636270229804053,-0.639299875674483,-2.008463699327071,-1.0801144466657446,0.11256032609501376,-1.7322780928137869,0.05053287225971518,2.470355387063143,-2.0753321498648787,-0.5772684359588991,0.15025142628577923,-1.2383427441136772,-0.6346637680711722,0.045915699802675305,1.1148437098128703,1.0420536334984478,-3.0524583526373705,-0.6235538128813908,0.1735113911272605,-0.05250612263169849,-4.297463826470374,1.7795782826046267,-0.8030973779795143,2.630576682726281,2.487577776691576,-4.236366123606821,1.7332809080148688,-0.9558375948257307,0.6523260138502351,0.9439219331508613,-0.2555292967566636,0.6204195548104502,1.3378101251089274,-1.4322970749446737,3.057144065005017,-0.801543005414526,1.520332491913049,1.2640468274715753,59.855
20367,-0.2382063911039986,1.6163832795788142,-0.6148274861103844,2.195161460585793,-2.6765243044993268,2.007091858617429,-3.076044307774339,1.9905526057823038,-1.2576742220539474,-4.207278419159214,-0.49972027489387616,-1.0350818475006676,1.4152671142288016,2.7630332652108853,0.3106416353751539,0.013084831093350346,2.482570034744729,-3.8535726589199726,-5.497687234399626,-1.5802790646517664,1.1826955918854032,2.969525001820269,-1.2570381958309662,1.484353215768253,0.1373152861818865,0.5041470329617191,1.0311061561341859,-1.2091623953452353,0.00803165371957143,0.035047202151781864,0.7234779931460449,0.7170224532328233,-1.0466884252394182,0.8228086479770266,-2.9747242907479694,2.475788856642988,-0.9246218991599726,0.6050290044192188,-2.963168450012516,-0.7683998009977858,3.6447851023072912,-1.9827531835646994,-2.4212267782196735,0.01670885459978555,-0.3668909237007707,0.18113612981790603,2.7018902034731997,-3.9360990824243043,2.8885468133578662,1.4057735320098192,-0.3495329495017969,-1.6993600051025546,-2.8950199897712987,2.7220033034372184,1.4321932586030208,-1.2805437183497799,3.3033281945272677,0.24502627471935384,-0.9822819633268132,3.1968860264679853,73.287
20368,-1.482305603823851,-0.6425709072015524,-1.7380790233105545,-0.19393258343040537,-1.614017395560976,2.7218985888964617,-3.393174715456113,1.630167435807937,-1.624076330585047,-0.8607602474878492,-0.6360568541106926,1.3721622075640552,-1.467589370208006,1.3822409247357594,-1.4167795183512464,-1.355724477129959,1.7433508885435367,1.1986548347944523,-2.790960285686902,0.34557944819362535,-0.21962892632294287,1.9169323683242312,-3.1952693362546616,-0.895132125195419,1.6070925258562017,0.5973915908323939,1.1898862901318097,0.14999738297308612,1.0752384539478967,0.8669944927401804,-1.1772205859226657,-2.7342678645251426,1.3231980916646842,-4.291637930228013,0.7500588196003698,0.31327618620200715,-1.1762665819447653,0.07101261201813606,0.825887501511474,0.7940187179789908,0.057378285789138735,-2.883182270081564,-1.496836193612654,3.623083618260163,-2.3686667292716317,2.1997763229979026,2.2151358485913515,0.7491000896427027,1.4411222187598005,2.3425814437477674,0.19517648826882683,-1.3242610363751957,-2.875388044943202,-3.427129514185089,0.5349449426115956,0.6047941823422494,3.6838212553210643,-1.9239272578904119,0.6573368768078575,-1.1839660549215165,31.398
20369,0.25189203114579095,0.6208579525682719,-2.911378795987215,1.0463767490755655,-0.14646841605883543,1.0119059019229681,-2.1217535206824305,0.42703796627304286,-0.15137797066826572,2.3038696972430457,0.5033636984700969,5.337220258105424,-0.49577654644999725,1.966726847461469,1.7556392030654822,-0.27324014320628914,-1.9301599953708015,-2.8384050590309586,2.1802221200918663,-0.239485827138785,2.474327846158491,1.987980208562369,2.336756848505969,-1.0461401120212557,-2.3661651444115597,-2.7028120720173514,-1.4533461181351528,-1.2551121417923015,0.5545627859465757,5.725054005207651,-4.235701227215153,-2.967536771592728,1.3203363128016121,-0.6262773511636632,0.5697830944775794,-1.9881321191945391,0.26119653346332394,-0.6191320009016981,-2.230434588886951,-1.6159895115001766,-2.421133761948227,1.005960998389172,-4.159103517834144,3.834254562585697,-2.8923299646559446,1.7322359791693398,5.043155872209464,-2.938537680836422,2.483382116670901,-3.3054177422949103,1.1723411723406654,2.9784448758701636,-0.7010691504554172,-0.2726011428954985,1.131268434648496,0.5250486696107853,4.787498054181016,0.39262258144430545,4.3618392717140075,3.140087718158508,74.868
20370,0.3780208311596337,-0.5437490851488039,2.7558480436238635,-0.1705202621217292,-1.7766724789848685,2.431206863390088,0.4929087129872414,-1.9667471084030135,2.6592687773782213,0.7101012053168839,-2.72948611671771,6.60700638186325,-0.02163782512353063,4.999599714791308,3.2738914127032124,-0.7329846964540342,5.112378361857961,-2.6098514494276768,-0.0602322007764219,-1.961370655017906,1.6057802410566877,4.7150305249817235,0.6672010459560056,-0.10308305547928144,-2.1020280458174323,-3.461217981917599,0.6009394575971541,-4.112037452642561,2.150711539140015,0.8304388303232163,-4.71966533045446,-1.860173374568596,0.23016952158452408,-4.064016122380111,-1.7758867320710583,-1.5438138151001888,1.3654725411213042,3.632422403909492,-5.613219666033968,-1.9628671917151181,-1.6750857967554298,-1.5716085935451685,-4.638172226992495,2.254033146798331,0.6225589087262391,7.466359807675796,2.1606486125257036,-5.263551033739135,1.7780870678844884,-2.0815837359041383,0.6094919689619755,-1.767351171617563,0.5202906312047734,-2.027340426939586,2.1529391853874285,-1.9425178208295,2.2798459382706677,-4.30803752442175,2.4333305748229233,-4.149641310518589,80.335
20371,5.314231843406866,0.1978421733163031,4.9457864174683035,-2.378749053289281,2.480218768672176,-1.2168986931051458,5.946488961642439,-6.794179997468054,4.086213773357744,4.365919962737692,-3.293421998730377,-1.3228952286375852,0.1612755717666293,-1.856484862041331,-0.6906098800540115,-0.6398319446835095,0.8778508470300257,5.655955901154565,5.474851541925783,1.371276505944057,3.637709561143155,-2.0851561038468023,2.929436148713731,4.1803077665128825,-2.149619137027055,-2.309097351692828,-1.5946164866066224,-0.8862631865897723,1.193726592046774,-7.4765080534989625,-4.403122457246685,-3.017294071241057,0.30268256499759316,-5.291982319250635,1.949897895575091,-3.2057264769212344,-0.30307533323745406,2.1174606267559875,-0.7058337072344563,2.8190456949766536,-7.4574292810638,-0.9353416140503183,5.062422292126656,-1.6648516589491391,3.410409306888213,3.906999632834429,-2.79823362511754,3.44636483666018,-2.4387310321620244,-1.006247276339287,0.4824615185669278,-3.223636637912963,4.2368311168814605,-6.242522522709137,-0.3185582466795014,2.4970855043775315,-5.0580351918717525,-4.917549615967356,-0.1795994744473429,-7.047800332986693,126.732
20372,0.9299975067326055,1.7683884972871475,-2.4906303595589883,0.7827635986922563,-2.352504270968779,3.1908813047655307,-5.0486138523134025,1.3105986538656966,-1.959720894489519,-2.1022978776828687,-1.115757499335843,0.3996547250275362,0.01626998640429994,2.404937879330676,-3.270806659003336,-1.594250547397684,0.4228085732723998,0.41193587709915386,-3.5573780256013667,0.21226432127450579,3.264812016220224,2.5133787127229,-1.6795197096253143,2.0898380844596938,1.045269737874998,-0.7076494653224746,0.30441446570951974,0.21108982677028854,1.7871840932016996,0.8431118351391992,-3.1602010765837365,-5.138613510655158,1.3822138481731623,-4.423223414461775,0.3462706510109115,-0.12800304480827845,-3.145635492534197,-0.14135456246595973,-0.7191445267160225,0.4915934669199244,-1.2756552350266932,-4.042530736711926,-0.3317857419214653,4.805808825302705,-2.4123304077090357,1.8769737995993634,5.226210913413615,0.714751033926577,3.662289409211873,1.9376084637853948,0.5693393643695273,-1.8972672195014693,-4.414879810546047,-3.37081049876473,1.7703751213436927,2.0348700651968943,5.798024201965508,-1.8813673817432697,1.162150390924625,1.3377250421273204,64.029
20373,2.4374440048204034,-1.5122895241975245,4.586460405561068,-2.43202139507476,2.744507118245703,-2.5160660813915023,6.947981608785751,-5.574932583736681,3.4094316925565398,5.090099197500928,-1.7203688110745337,3.130235121752669,0.719584841039118,-1.5549268697381486,1.6990220336306863,-0.3560899799552331,-3.7038860763086134,4.401617225334285,8.114200397678582,1.2495840415124109,0.10037267266111119,-2.506465307761053,3.7958324512671964,0.8519632802663231,0.22071654740634328,-3.875133891330932,-0.968610289434421,0.25960744070322717,2.5398963114384525,-2.2799382754585573,-2.979909200915456,-1.2387422339796101,0.44843690396973157,-1.9671032836075109,2.2210689819982545,-4.083183979544504,1.4622016791089338,1.6112098135336865,1.396567334614458,-1.84803560182193,-5.878114074638845,1.225439573077011,4.113817203870556,-1.4222592596889378,2.9025849285187153,2.694558573198498,-3.695188301778241,4.430665584526091,-3.5260968490375326,-4.539612212479979,-1.0971675264178413,-1.1946655999718514,4.995167231870231,-4.557846671485896,-2.027049914579705,1.9452157975578483,-6.062524941077831,-2.14625916265973,2.950864730650387,-7.913623640391953,126.81
20374,-2.62941258919799,-1.1408385906680516,-4.040388989850248,-0.3279108507446357,-0.9645877768952936,1.3723674921636206,-4.985192376646203,4.076841095420814,-3.221904772420611,-1.9576012854432967,1.755196029326332,-2.2647730909552806,-2.850975494501785,-0.6695907773662357,-3.1825583292131183,-0.3226382465595474,1.3291634380274808,1.5443067630759495,-4.358531642785544,0.9170087396287271,-2.1809649937842326,0.14651014520498423,-4.6779642828046075,-2.8163579324634176,2.6135011441317504,3.8800459421129356,2.018701047194073,2.146991348616529,-0.7809280997942258,1.6473330903708834,2.912011346794575,-0.6068561890372937,1.5885775618595188,-1.5955105733097155,0.8286854844725123,1.7943899129956347,-1.2449906494834777,-2.4522838332558874,3.3395892346730665,2.5152709362278753,2.9209829709876627,-1.4767159043541973,-0.6410925632508132,2.6378109263050913,-3.0142906132412883,-1.9436542328074757,0.9340536760551083,1.7571262547544306,0.8024227921866496,4.711972822180339,0.8648135940386141,0.9695793878105674,-3.77654410852581,-1.069311748012234,-0.1163255832359705,0.362790777189133,2.7656442319019803,0.5327499877691653,-1.62952339718943,1.5379098821522899,-2.39
20375,-0.280419054801151,-0.5108578000293071,-0.000669863360553774,-0.5486858320952174,0.273263464346819,-0.006323534460355856,-0.40337914992874235,1.0395389593987179,-0.9528388815601191,-1.0832966820386836,0.18654071139297668,-3.6424108317056634,-1.3409952753056702,-1.559215287514583,-2.122937803929636,0.0334248863038958,1.3972709385110118,1.838092146433209,-1.9519967777914824,0.4454436769703279,-1.4259818218118099,-1.2495704942661925,-2.1090180718891443,0.08227971177936602,1.3530137124222508,2.3496169115212506,0.46621878130337535,0.9714784412779619,-1.285480881853415,-2.6111520445465977,2.271234767956394,0.5685160871521787,0.23417139744836332,-0.541219439277335,0.45660931946572436,1.2190830133805521,-0.6678533554365047,-0.9719720208088984,1.4475623241464552,2.5853689074175104,1.0795837774678354,-0.5492766330777746,2.1359825324858512,-0.8527337691595789,0.1144760154057758,-1.7454925499920908,-1.7902887863193142,2.2020601603768335,-0.7868309069373168,3.4148137933244977,0.02957367916420143,-0.7753993720293252,-0.5122974554054499,-0.42216202778230916,-0.3623455160801268,0.5527557735059134,-0.9729655868544141,-0.138917689911106,-2.71962766035321,-0.6362282444443983,43.579
20376,-4.826935454514063,-1.5514943121044373,-3.4906007516917494,1.2141630606155083,-2.238720831154868,2.4761140260389753,-5.59821228815126,5.518969136018477,-2.9174061004166263,-3.1060783738951927,1.5706225889808587,2.5324548903952637,-2.296193949801846,2.2599388166780243,0.6987587124647374,0.032588409056953885,3.6348930806708672,-3.556448679686116,-5.82222460374572,-1.3977788859241005,-3.2402103154760256,3.0856793443400994,-4.626412611471237,-4.2980926239951,1.4755776990902967,2.3640890267825814,2.483978204077589,-0.7059120288194238,-0.2793648114967541,5.628097055409985,2.093981938906423,0.927086315219065,0.7365253069610727,-0.020768437427918632,-1.4124742659394394,2.3514226442345,0.6034904162398307,-0.5072773584985275,-0.361716885128261,-0.44923329001746826,5.091997149810159,-0.6859339000184735,-6.3231206976159395,2.876576511874289,-3.53834535026705,0.513735024412239,2.6556551539175546,-4.2058009890568355,2.274794681076123,2.6806893822210394,0.6761265919073091,2.074183830733128,-3.888570497482325,1.8368584690755485,0.793516593227647,-2.082505703753228,5.052855709540192,0.6694308715448776,-0.26382649511299305,2.7510013587347544,-18.954
20377,-1.2523441721494915,2.1870966114058557,-1.7384474559528014,2.3178714510099803,-0.9503453129069238,-1.0019750337115065,-0.9083360873604632,2.366427933517595,-3.2573457837000888,-2.9917393513803354,1.5942553825219563,-1.8968699979051775,2.4278514477489117,-0.9693406442381239,-0.8789993568194505,0.8350256903282725,-5.967903033065247,-1.803113302242542,-1.5461318644038524,-0.03724866833393857,-0.7937549879194634,-1.0522057496700956,0.6809167266261456,0.6923463625545507,3.386677196980362,0.33763053081327676,-0.2698712743719862,2.3046303474692205,0.44821383893614053,2.1694018049771455,3.145278368677884,1.9937079331124998,-1.0010061239395285,5.656908849567451,-0.9195240805175283,1.0041202760716201,-1.0843460113899182,-1.6319290866213416,2.846929651011549,-3.6242073430656037,3.6858969994285595,0.6086678780622746,2.436106720584596,-1.1928414805240286,-0.4952681873336993,-5.727728037269886,0.33519655842726837,1.830281398755393,0.16050544114752002,-0.8550107806789693,-2.149084844244009,-0.4795653822125966,-1.9779094875413228,3.7234030468919106,-1.5552503972347986,0.22522426923149141,0.21699473856933654,4.363923119031601,0.5732995664997774,4.360508608685823,99.474
20378,-2.833338270771593,-2.087836033990733,0.7937641518856943,0.2536270959992625,1.0407015972001386,-2.546286450447022,3.7076417202654683,0.48514241713314554,0.7762250078656601,1.4995482833647695,1.5253788887043027,4.9513942002147875,0.8062333726372425,0.14661013246464372,5.375188620398144,1.7836079876048667,-1.683597362988397,-4.030949080033679,3.4717572386674136,-1.7338503948786395,-4.010980777662745,-0.3035581983348097,2.287286598617759,-3.644232273831965,-0.9759134683552326,-1.291954826930272,0.10140111546600727,-1.1697465910587341,-0.28954133070390076,5.355116383921577,1.8135782772349869,5.101871775163472,-1.097915600367205,5.483438566632238,-1.1956963023628608,-0.1970761696062993,3.7435270539926107,0.7257033614913978,-0.8025170466002272,-3.5678566799540055,2.563171194057428,5.0353389657198,-3.889968922920123,-2.0218135081074977,0.5762300789950929,-0.890301696135083,-1.9192698654229168,-3.6162983483144555,-1.576352728880769,-4.455371941429204,-0.35172739330463226,3.620284175031762,3.172675760286684,4.947637054204041,-1.293530290806388,-2.9759709516371813,-2.2778720761950995,2.6315657919572892,2.301390693847643,0.7737338633731493,71.782
20379,-0.5493882637687799,-0.030479526789568195,0.34929267924636515,0.38056605286632184,-0.9948466389697165,-0.0023016464895248834,0.3091017291145153,0.01563581146216092,-1.9961619276176203,-1.7055180637717724,-0.5950973586215603,-0.6782528353937389,0.999693893132635,-0.10627613760486107,-1.8748139309760392,-0.3658545342006287,-4.065086644734736,2.1903309815711456,-0.8709498091498437,1.1548788724344883,-1.0345031460458216,-0.166952912234274,-0.4997239968274775,0.7102384136480691,4.239782146310272,-0.36053293872454817,0.8532730911748958,2.5423977507476017,2.6315618597710366,-0.7174887752885891,1.4922489035952644,-0.2516945359220958,0.37037648812791446,0.20263905368723262,0.37692478222410675,-0.5398206809095586,-1.5352924957085463,-0.09024115452803583,3.584855262518023,-2.5028251025085475,0.23626490069155454,-1.5338947256244688,4.399467372344135,-0.0700342985151367,0.36000738809785204,-1.962775210548196,-1.2960430824299314,4.650428613824809,-0.4080614330376385,-0.4350814020862106,-2.041110263467668,-3.059133867000888,-1.4173948421065556,-1.6622985714139185,-1.619795223566398,1.6587729655189014,-1.2155589172401915,0.5503446253711787,0.569441209896056,-2.2115203904583667,93.096
20380,3.436168780160484,-0.8020101023552209,4.214445447462752,-2.0358197281394657,2.804399245546616,-2.426184507802065,5.990233994107592,-5.964005075650877,4.018682643090292,4.811550624148674,-1.866482028872114,-0.3113509254487658,0.12107090810437773,-1.9794989627391395,0.8081901767051952,0.1999769683315354,0.3846733759529991,3.5667137485285707,6.14968838944917,0.9702571434100816,1.4971853674883426,-2.562176674109349,3.2271005359360276,1.7511293810980813,-2.6371957288474177,-1.895149779294186,-1.580304377682606,-0.7755786899043651,0.14759095147626772,-4.556879354547573,-2.661795229815632,-0.27822538545655606,-0.24735387105668544,-1.7645113010549482,1.5238419330153434,-2.6580430693167623,1.1279511112627454,1.8299766404905813,-0.42827117157048156,1.5074813846837398,-5.014874777786736,1.0897052034685664,3.7160819633641555,-2.6690735159451147,3.308280477216583,2.143602689336343,-3.806773963908489,2.212815203756132,-2.977483888109823,-1.971178301404646,0.4585936973341722,-0.5601325526084285,5.212448038563268,-3.0585271574947943,-0.38918862285238315,1.0313350716414709,-6.265181210994228,-2.695774386423307,-0.13355778503635243,-5.407281103066984,123.4
20381,0.717611488210828,-0.05580128459196482,3.2133138952198315,-0.3773595144318,-1.2109147690934803,1.2710019121471354,1.4810643534788703,-1.6668900345685698,1.1789569634703565,-0.845485383761341,-2.1300713031542378,1.48946771843356,1.0505635809060467,2.106531741820204,1.2360811180386528,-0.28306247866143924,2.7353765318740475,-0.12679673512321737,-0.8770996935585421,-1.1612441233201918,0.012642786206735951,1.8593702727932395,-0.07712187019317765,1.2360732601295061,0.06613250151612296,-1.1751549024084629,0.8039452539206281,-1.5932555148154233,1.6646444278664432,-2.242088140909255,-0.9359100388535057,0.24537893076282938,-0.6650406109307326,-1.8424359958272858,-1.4574685204786715,0.20906966361306087,0.3574430018884006,2.4845578215569244,-2.2859894215405703,-1.226571600862645,0.025674638581725973,-1.543251577083447,0.08627582240895965,-0.5358235101420548,1.52858351395152,3.4577959788955264,-0.8459970528472618,-1.3758048696713472,-0.23742545029462442,-0.5598527544047324,-0.8932467706353802,-3.3322998789239446,0.2965283651018789,-1.3889552354976913,0.6746745594517245,-0.5795043772096922,-0.653327209356226,-2.27694835053207,-0.05465686021999949,-3.3794989782381295,87.141
20382,2.3209893196202787,2.9366337284290376,-0.15524974043413253,0.9688064527918929,0.589999667414188,-1.162020012349063,0.3921823416308838,-0.5580936586052816,1.083199624041924,-0.8131758862240067,0.694665719759608,-4.736367826522628,1.5101620019508606,-1.0656358255194631,-0.8723881954006423,0.6104193842421362,-0.10001716596296811,-1.1771351874635128,-0.3041100845641058,0.0007308482197658506,3.021436552858124,-1.5080105732947258,2.4670224096272095,3.7459997274952936,-2.5389315266938213,0.9248394356037191,-2.3479858013619954,-0.5196318875542711,-2.1358210496037464,-2.646431164649287,0.32865046595903513,0.6580534448833785,-1.2678003903148896,2.6078322686825812,-0.696422048570733,1.5673605473981955,-0.5278862400171148,-1.2479843204712506,-1.4012973375362017,2.020113037529644,-0.08536948138089163,1.2160725480255994,1.335784429897588,-2.5416249049220756,1.2896211720008968,-2.9772057354107675,0.21758707860022414,-1.2385984113321467,0.44048880494371756,0.5496876731358101,0.6340678419029897,0.6504123893451549,0.7218466829211952,2.835414343919936,0.9393515653809764,0.17286643610489436,-0.3213663020547517,1.4136420099404603,-2.3851395925245074,4.554242869686977,111.976
20383,1.9656387472190244,0.15576980441381888,1.9684344794974213,-0.7916316071310899,2.9197261502808507,-3.0171055666445947,4.607408526075257,-3.3788802065699253,1.6075838060397973,3.0159878857537112,-0.11005650864861553,0.2364814692436876,1.3554429202781066,-2.716854428952116,0.698966132161363,0.7638440888201624,-5.281206875089827,2.075611246754005,6.113128699986864,0.8257703496330482,-0.08142486800086089,-3.1316660368050053,3.8069636099196753,1.0865093458811212,0.07752806220211879,-2.1517974317699404,-1.9820772603216998,1.322387511694817,-0.05345088184602337,-1.3052939994240043,-0.4180661523065846,0.9017422121314208,-0.48906568337939904,2.2879552634185116,1.3888070681382887,-2.6104267781650736,0.8960663092033201,-0.19911504718784426,1.9107297501792224,-1.2398248790141,-3.1153616569481812,2.2615952209562873,3.853647005406438,-2.557064810740807,1.725720099767092,-1.92427769359873,-3.117692987037048,3.572965393971649,-3.076654622853229,-3.978785495466615,-1.1786535760267243,0.6866831217746863,3.90845403632995,-0.3035031964986992,-1.9996402861572702,1.5523648371006014,-5.08675790347204,1.0619249061641798,1.6686969250864903,-2.0612573898765594,128.791
20384,2.4617758387200173,1.0422493685119432,2.1914193693089414,0.2015210134889744,-1.5456356770710173,2.133550934514827,0.20074356637658014,-2.4375057850419237,1.5150549118370307,-0.7390413234562504,-2.9210102636877617,2.328443161592036,1.4384121725069396,3.347246934588204,0.034028133219461576,-1.3133240481494053,2.303843106017788,-0.6416613384245664,-1.0515883563722075,-0.9405601548694884,3.2888571891917406,3.1572154646599198,0.7547787742590323,3.12163839914991,-1.047997045868,-2.5336192259544137,-0.21653052196301992,-2.3735420808173173,2.205197610748992,-2.218353597376455,-3.7224338457403854,-2.1274146547379544,-0.2615101923873747,-3.7163487449371644,-1.422155942154159,-0.8049748841534279,-0.37652978862610736,2.725516050631096,-4.2531934585172575,-1.0666511585865037,-1.937123094564811,-2.6274042032163534,-0.5964834169137494,1.403833308865679,1.3513781700465302,4.895241531485839,1.914697987247238,-2.1944943564962203,1.843594660031192,-1.1090332660113458,-0.24409117522820994,-3.898114192691656,-0.4387591346756331,-2.888277835480471,1.763632702325004,0.10514628113517396,1.7391470216584455,-3.3125728890415536,0.7770202466358844,-2.6391982679358814,111.354
20385,-3.4830217928044314,-1.948453137821799,-0.6340756478796059,0.20956474478070813,-1.9435933476371636,1.6718323138424536,-1.3926364187895794,2.1742842691014395,-2.233637425545698,-1.246775132638783,0.2704106803886857,4.753753062301379,0.17669261892247096,2.3743011083127885,1.6774441778766136,-0.6970227801870857,-1.224913393488681,-0.4922693050366195,-1.4951876193556428,-0.48264383345521483,-3.2305440073888754,2.499622276800875,-2.3093947763274474,-3.5632475580486513,4.157750706975556,-1.0558314006293505,2.334210935757229,0.29777736573103253,2.6173949910146774,4.180898237833985,0.9112720654343478,-0.4357962449980455,1.040286820606198,-0.36837344089321256,-0.7340538383515386,-0.6076295329426071,0.22228519567248442,0.9126842902650073,1.5638299247591851,-4.1418403893657425,2.1752495466746544,-0.9951847510969832,-1.9633271017307152,2.622249433094656,-1.839102581975681,2.148487648892835,0.8324601306236986,0.5308729214059486,0.882702680831106,-1.2409662982200014,-1.338309624942259,-0.9965585364273628,-1.99601316618759,-0.9607782088330746,-1.1541697090072534,-0.6559725262168244,1.6528399955846045,0.045976005080565076,2.5192605465278066,-2.7533907827183683,36.156
20386,-1.498957248234629,-1.2063275882174493,-2.891439269747574,-1.6614609735188262,-0.0659033320221199,0.9779917792951589,-4.494682806051561,2.754269264917219,-3.353110521288082,-1.8170724823048847,0.8207488177217511,-5.330205203260193,-3.743105195482892,-2.2503590397819186,-5.756476250850767,-1.0537339016557425,0.470764129307072,5.680567570827645,-3.750409802284461,2.530681561598969,-1.7865521975924685,-1.8701126636538201,-5.476426919985036,-1.0162758383423434,3.9566231969137107,4.740389767898071,2.0096299734984098,3.5608849743435047,-0.5128846201456916,-2.1559795683056793,2.5110308862036774,-2.1251731770949736,2.0117176127619154,-3.472912649190836,2.4720062620175325,1.795312306872334,-2.8059162284208226,-2.1934142741028193,5.71841577623139,4.439855716369861,0.7550156013192831,-3.0776553003275167,3.655509997785262,2.123886770440923,-2.2644734803105795,-2.112930182611131,-0.4000507656823186,6.110621793859918,-0.47290032584825736,6.444776648139689,0.3413042382153086,-0.9961378521172222,-3.521851052036585,-3.9931919319094398,-0.7926624990986417,2.8660997162833697,1.0018324763606024,-0.5665506794866656,-3.0888387834410294,-1.1530221052228615,-2.681
20387,-5.363230995121222,-2.24513687386135,-1.2975516755608805,0.5375624040720604,-3.449722279255072,2.3912863751047944,-3.4857874704027743,3.6236121121587876,-5.895892594271026,-3.9296233267674148,-0.07413592561458779,3.3845902223344226,0.10458561871743136,2.2503208557692003,-1.8417369409265658,-1.2454668454685986,-5.114785902102933,2.476213843396727,-4.397183959181055,0.7144302401414334,-5.458863626795308,2.0520120333741736,-4.6002413423995465,-3.47338186770774,10.543387080456649,-0.4010317879217793,4.198371577439041,4.224172316727107,4.908266758674729,4.563076102511631,3.5456525141417106,-1.1705782445803077,1.8442213147709423,-0.7738101096959942,-0.3989804777304201,-0.5033209508236641,-2.5332413188780194,-0.19800615725069978,6.287703126788745,-6.538483305680585,4.048306406490285,-3.293345799324044,2.6855581733751266,4.091426305014581,-2.6286054600984556,-0.11044057006687055,0.2698196416289079,6.226366171518682,0.9423073934247961,-0.06120515416489414,-3.7540323502093322,-4.789156072473509,-5.654519085620853,-3.6610132537822535,-3.0908425568109474,1.5952433019700831,1.644122401310985,0.8924817738738258,3.3268959717768634,-5.136713552120035,36.099
20388,-0.213190997169785,0.48082620116902264,2.1902336554211193,0.5833093187248055,-0.25493887561659123,-0.9188283127264044,1.9348547130668856,0.25781167142426537,0.9525379658835414,-2.1841589443522014,0.4843612622823743,-3.2364525170714784,0.952811205030697,-0.24903973719012681,1.6368136632385302,1.1131717736305413,2.9509405036314886,-2.0423418753973452,-2.316238849970147,-1.577538359606674,-1.1105464406525352,-0.14865435209826813,-0.048311987958242375,0.92366654654815,-1.6119891426505488,1.884205671350125,-0.1324297375730477,-1.014417922389423,-1.477835438807076,-2.607185671585242,2.7048112688007797,4.5263604298561715,-1.8768103696713183,3.548987272583831,-1.9194853942192986,2.596869160047918,1.616414808817836,0.4566596416724547,-1.8520088335590839,0.5713336418413659,3.5774958941485338,0.894120746492653,-0.12121786486506189,-3.9501523287181795,2.4935215509019084,-1.775504699412147,-2.7436928880360267,-2.903289783051061,-1.1363799901810303,1.3680742419587058,-0.12186364954871987,-0.21338968130600677,1.452132219092904,4.448088422569955,0.26734128347442676,-2.429483312681584,-2.421992642067089,0.9784823880632625,-3.2019332343831275,1.2627592059872614,75.771
20389,-1.7437271420071319,-1.6472383460888667,-1.5049816780514516,-1.2999977708763528,-0.5906899757163999,0.8399899335379606,-2.550505352421333,2.046338800626972,-1.9587579259965653,-0.709294194016228,0.7356622117981372,-2.376527750207853,-2.597339689147898,-0.882457425100018,-2.5355031134463375,-0.41562255097779843,1.6018043955836334,3.019025833573338,-2.9679837747110858,1.2363250797501075,-2.6181040025629283,-0.5681516664273623,-4.525883449308292,-1.7481498074710384,2.4912023456444956,3.4379616696572084,1.9732610254711498,1.826093992253121,-0.17312806858070734,-0.9826656416376403,2.4851919156335356,-0.6364569959241303,1.0769308282476777,-2.624151539580203,1.133712765204034,1.12437391962413,-1.3188685868263454,-1.0618658241067034,3.252516956942803,2.4291807327921324,1.3313736313439806,-1.6218094239589844,1.1797028001096876,1.3877580458682814,-1.387959997851183,-0.6614607780682449,-0.8396698800331697,2.4020504194648207,-0.4734634813288031,4.133639565223118,0.15937518697073583,-0.690589644547772,-2.0954357293923866,-2.2890166514521555,-0.892888677885429,0.7256862907495665,0.21398980995657604,-0.5117965017445748,-2.015241805756122,-1.6826544870133977,10.019
20390,-3.481764568392091,-2.1925253608848054,-2.802582619764183,-0.8984038893967496,-0.8024473004186246,1.2721386047377008,-2.6624516054789,2.150654921818965,-3.8037277687751465,-0.2732086771816438,0.6079423916843333,2.295945049925682,-1.8253550597807437,-0.20330327366344536,-2.1126300068456128,-0.9246803729381315,-3.405167636842619,3.0074566751199905,-0.8849378957440523,1.2082900354337838,-3.1485640877090235,-0.1528597038475878,-3.4576156716352897,-3.6087436765330594,5.540364199329485,0.6002306114318361,2.121181064603052,3.063788264063586,2.221736299687872,3.13150584653984,1.3756253957053115,-2.7733133221920716,2.145678865796433,-2.0103937864268824,1.8747582990473226,-1.0004228194316807,-1.5306144540417723,-0.9613273543301006,5.598437239812068,-1.913313521112622,0.6617182092816243,-1.6357126958001957,1.1207545345583219,3.9764950896438576,-2.734422045997497,-0.6692807726414794,0.5013455103121053,5.386508476104515,0.2525190688090211,0.7638330835095641,-1.2894076106406487,-0.7001246313407226,-2.895925981117988,-3.7071789204482615,-1.981158006478691,1.7729862521991921,1.2358637940846178,0.16652038653843948,2.425470415793113,-2.520487271099559,23.265
20391,-0.16719265111764162,-1.5954652270419722,2.009150879913244,-1.4456812955941138,0.9855208720545456,-1.2199431475976188,2.539713676428995,-1.2889013825179805,0.06273159876591275,0.6794058035695881,-0.24999357138362405,-2.6805852699393866,-0.754753914272121,-2.2361433270243145,-1.0993775391049643,0.2313913459529897,-0.9797873594122556,3.981454023914776,1.2304374430771996,1.1519089445837738,-1.9721571647178167,-2.7332113907491578,-0.8548725955780203,-0.2626037048526618,2.257355047241252,1.044513548945487,0.9275992579824159,1.7017618335454514,0.382227540130958,-3.332555003948021,2.2323180136183063,0.8036954619447185,-0.011494881629491152,-0.5041592620933861,0.529421927345851,0.08255792702244935,-0.30345409084073827,0.04441255265389395,2.916378096037517,0.7263169791071432,-0.27841000454860154,-0.07577006903167041,4.057908230154915,-2.175596144628464,1.7076509745760544,-1.0538799675521537,-4.275003822008462,4.507926190295812,-2.79338365354157,1.3237343033280857,-1.0768672739637293,-1.5276160749631618,1.4822574906755777,-2.114472712368848,-1.7299978308318156,0.7336543476297652,-4.653582034741775,-0.4035399844345191,-1.6307202743656155,-4.566150108034871,65.815
20392,-0.054482990755490186,-0.34937921382156956,3.0889612134622193,0.6328012470997895,-1.3612271363365105,1.4244028042732677,1.0570035190875404,-0.4880305127030849,2.734470835571933,-1.4708619849523799,-1.7376281310716588,2.8174481967672125,0.8133889089507834,3.1367472105174747,3.7358843838346174,0.43754182145575404,5.310221992798319,-3.312821495364237,-2.157849462454533,-2.4569088424140397,0.05478980332677605,3.7093452991257623,-0.010003022624163013,0.19762257240701908,-2.921829619313835,-0.7539408594372391,0.6031717115339824,-3.8683693594998054,0.2996976883434635,-0.6720223712673153,-1.3312932395277033,1.9568249648908482,-1.4798552906086373,-0.23507865423543398,-2.6722788486388764,1.2919724461609248,1.977762764556816,2.9683862062033857,-5.715666372327157,-1.1471251764411503,1.5402098906035442,-0.25687278485247905,-4.355296284765971,-1.2387421527393179,2.047805192302937,4.179680465794458,0.19886022760091393,-6.784375002620686,0.723827438565174,-0.8318238259931798,-0.08674477675744383,-1.1932061253765005,0.8400343294493786,2.0960045661828,1.4355499527444522,-3.0999057542815063,0.7906426964730566,-1.9195495263393938,-0.8282708313217884,-0.9447755670565072,79.463
20393,3.849873500942078,4.889661179473623,-0.28261866406771,2.258419501463699,-1.9462510668662287,1.8614506621319622,-1.9123224068150648,-1.2427536458955057,0.23672157302078173,-2.9229403976544313,-1.6296213427268427,-3.268559032641432,3.1937099845388026,2.0146538240224,-2.1607971198134113,-0.5609146364131958,0.6561519710506083,-2.5558995384700736,-3.166877400807946,-0.7362891943140739,6.249407105334009,1.594814410407796,1.8359638005248617,6.011523311797972,-2.0522392676808816,-1.2602712814682673,-2.406670870287017,-1.3567058296861632,0.10128281555343047,-2.8508403713445123,-2.929523129623229,-2.0950127688622873,-1.1767983670777469,-0.6350186743869182,-1.7231634538850573,1.10460436240777,-2.8517442445900194,0.4572244365928163,-4.149095644456067,-0.013479073599629021,-1.0429135899927917,-2.7131427383190583,0.6830888818641061,-0.4293622973837892,0.774070854171077,-0.29699916853175184,4.137327236730919,-1.9084920183116807,3.435233525098057,0.3014707534116128,0.42357908077034334,-3.1620169284768433,-2.2131515881520714,0.45625441347469947,2.708856755304947,1.455334674796522,3.73616295524684,-0.6394747040213601,-1.2593782518450642,4.505255850772087,135.982
20394,0.7633548942561387,1.5343402257589382,1.657674961305815,1.0233818709005023,-0.03836228040274453,-1.3267951374446731,3.533029117090094,-2.7709691619412764,-1.6925961828920044,0.20752441201257188,-0.5425889389086278,2.4216715637447215,4.006006023059013,-0.14646205892732267,0.1872361422613002,-0.07548157511072659,-9.547467010458844,1.003929792555521,3.1404349155821407,0.3967124711984424,0.46010343000484516,-0.8727221915621967,4.023399555714706,1.9443878262479881,4.646888090763712,-4.707187329939213,-0.7319232860006192,2.7202525724106166,3.807836833815637,1.1722540994189807,-0.6344074825129695,-0.8594364683676589,-0.07793246005178983,3.520131729107353,0.047520653978635446,-2.962413189209264,-1.037462704762499,0.32993858243299856,2.991847612743613,-6.91588710534935,-1.3893342127393513,-0.039689003415481906,5.395058105684618,-0.6920433962195116,1.3994758387822333,-2.015339702473825,-0.7514853246399594,6.02177678697879,-0.5490727189496327,-5.941030252662004,-3.0680344898905325,-3.8431617322755844,0.359492772141258,-0.6681166610365816,-2.8368089816311617,2.3613274139482865,-2.7931835165422716,1.8882492273365814,3.984494481520463,-2.3097967690480337,162.013
20395,-1.3316638740299667,-0.9270548510877984,1.2449645330020438,-0.19550209483088038,0.7928734338998793,-0.7956745765486735,1.4984799268235043,-0.2954423310924179,1.1183787812730448,0.6683387266967822,0.16093549933457985,1.538602960830908,-0.12499986092273851,-0.0958280797886375,2.291532265750085,0.3972942623453049,0.5904746902605488,-1.363594581086527,1.2889430724424584,-0.5927992506248267,-1.096770402254169,0.17370750934902032,0.7083743554980045,-1.331369654826861,-0.9244446490211387,-0.27183457223259816,-0.015489716649880289,-1.1977739329455572,-0.10693946783007507,0.8410487946961813,0.565580109941229,1.5746992544891552,-0.5661940462683098,0.9928291046073368,-0.39895027542095524,-0.15134241190198142,1.5471133325967057,1.0723672330728447,-0.9029853203141724,-0.5487953449784011,0.34787178237573313,1.228977453516452,-1.4150043977414044,-1.4165011869078752,0.5836472805654884,0.529884848307825,-1.2238734693482485,-2.0308731506521163,-1.0281495078593759,-1.3932975436084685,0.09831389753804515,1.3385572546722204,1.350143213113486,1.5037916429348794,-0.11485897661341726,-1.3401658912276313,-1.290737291610684,0.07716338630363703,0.3958682826823471,-0.5811521709899861,71.578
20396,-0.00972018665122365,0.22032764293515306,0.3206186891339985,1.0219131918254165,-0.9124474072571027,1.0255759069062471,1.1210850701699808,-1.7209190151559135,1.4575443635924907,2.2500411326961194,-0.8028160334772607,10.336833247874743,2.2212703785464796,4.186736393144149,4.949278607847563,-0.5953952381433054,-2.616992540441868,-4.487156339682821,3.9282876219800578,-2.0267567727810945,1.8738619850952125,3.895871970715548,4.467479836217405,-0.6190947651850885,-2.3156204900253208,-6.41258189082503,-1.381227193996512,-2.865044248983066,2.8156814533471506,6.380338184034674,-5.383304165575952,-1.9348783335679511,0.26467356255070296,0.37249040999088623,-0.972566718283658,-3.257271910590564,1.8989882134079534,2.000405529812374,-4.723343373842633,-5.762484099145866,-2.416654682106836,1.6339951317347647,-5.71596907432651,2.9173699164417495,-0.8500190188923848,5.227393582298365,4.16687391088624,-4.858222608442369,2.2193080454513114,-7.504428079638772,0.00860513431673366,1.1282624445011795,1.2714617919129068,0.5738393811264333,0.9246448465378888,-1.428917064282559,3.0514265219558285,0.010376533673441268,6.749477172792089,0.2553915443191443,122.988
20397,1.3316188425263602,1.7507619514168857,2.5111110891321076,1.3882125332239907,-2.2549521631231118,2.1044669915552845,-0.43690685810967067,-0.26823912014510887,2.6001476878296845,-2.8926809858216305,-1.974833028543937,-0.8761311480258104,1.2634013315325507,3.45811360073016,1.4796436669186002,-0.08961717080203271,7.357774011025624,-4.2114662123101905,-4.257474747702777,-2.5073247017464984,2.7587353225426616,3.4118156610187733,0.11725368995898917,3.1756642712354477,-4.225581150235591,-0.06596114173150436,-0.11605008975419462,-4.537692105875626,-0.7696647324888616,-3.0015915263681965,-1.4621510575391272,0.823068922550634,-1.8289722814322664,-1.0386777618352427,-3.8190955899819965,2.2548429616761116,0.5761567206524423,2.8285187023036675,-7.144675299129415,1.4249379596470693,1.1327079867086631,-1.3812109244736313,-3.6823454482878795,-1.434877579858667,2.078751800766083,3.2400070605143823,1.718254139599051,-7.327580305501271,1.394097504588175,1.3017401874387886,0.8198341430716771,-1.8024489174883285,-0.2136792924649447,2.4580403446701697,2.7517844637643463,-2.388360595792855,2.518733582670827,-2.6868337074677173,-2.4750822515771578,1.684184908346613,84.339
20398,1.8042565631160863,1.3373251117955804,3.2053700177533115,1.2426401477419626,-1.6016483605781342,1.0944044590076671,1.8583931254069908,-2.370999219649968,1.8345168703689239,-1.2363937118276374,-2.1783686318401663,1.729096905634027,2.730933685715592,2.647239582928834,1.5611825637650323,-0.15427217688550576,2.094333155246557,-2.6264447758544733,-0.9195803127230353,-1.9723626496324447,1.879511237876173,2.354631602275169,1.9276920267991815,2.849998142372688,-1.4180623284313632,-2.8687172460028783,-0.2363270931858022,-2.65502573890554,1.2306122650249793,-2.1134066541888608,-2.000405117112873,0.5794060256097958,-1.4508351704776117,0.02260942531083729,-2.891897131947232,0.05510250336307372,0.6048191215263706,2.7353807065527285,-4.399328565929347,-2.274370781481737,-0.2582453786171245,-1.3555890038177494,-0.7398353857483008,-1.4457091271697113,2.546204629250068,3.202594980165818,0.13861144943581605,-3.34107914110028,0.8934455532132438,-1.8702314406398521,-0.5774564837959872,-3.1064577790736427,0.9006765751437813,0.6000672421748818,1.1177334417315177,-1.1471810394314317,-0.12429407868284228,-1.6766255507965835,0.17995000758659477,-1.4750628983699876,125.901
20399,2.4479994410888626,2.4820050159626343,-3.235760845128629,0.13290972406473686,1.068939723559581,-0.43578252507987225,-1.3985412426884942,-0.4467759495069426,-0.8976973354145767,2.5145233878188282,1.1089366115240478,-0.8238523716812827,0.12042394445368607,-1.578001754855922,-2.0797649500902335,-0.40670164245451157,-4.777790961619222,0.8109030600230042,3.0994871567520264,1.5468822753733802,3.9860448019499573,-1.9592219307671304,3.1334293643054556,2.2679404921829622,-1.4050096583166471,-1.5400474500189925,-2.6635172592369334,1.617769928255307,-0.6812746096201827,1.56075002269116,-3.240585433951753,-3.7333716493186095,1.312963822652735,-0.17054279278819232,2.5021621888594288,-2.1260553401068694,-1.3855384653393956,-2.563443826314708,1.3468679387726807,0.7012013617299059,-3.962279219463557,0.9813344690211607,1.525899085845917,2.1243201705140287,-2.0085018206480085,-2.1452973629095453,3.405950225940766,2.427086651567603,1.0988806255240111,-1.4871199824002348,0.8454114423438257,2.48223542722625,-0.43784764087961237,-1.2834858159398017,0.8852524637499336,2.603546233592113,2.0607656909306384,1.1318925847404366,2.5080210244541767,4.173767838495366,106.342
20400,1.5880493765505057,0.8187137542458159,1.7194844303070385,0.016000798339772276,1.038285717368368,-0.8312559979496281,1.5457764229072894,-1.255824394558374,0.4017980712171416,0.182525660566074,-0.29340527566145724,-1.4265858517733516,1.2310637256937158,-1.024588665246969,-0.23353141357380833,0.30915830274626,-1.7462852407393439,0.2566843756834144,1.1775197862183815,0.41422807119974137,0.8616292299421288,-0.9900593838459087,1.797347662039334,1.9775808547982048,-0.08686466431310753,-0.6896494678069183,-0.6931550297454161,0.35308292274220404,0.021280815873799735,-1.7374913125918805,0.007204841369988391,0.4332632633949333,-0.9040745979597106,1.2815526881538604,-0.2549334064202513,-0.13659354861968603,-0.46656375961906227,-0.22107421556106688,0.19632330014475075,0.07879900829162953,-0.7552714121531073,0.12409243539863518,1.9007387414969998,-1.8294767062687287,1.1143956411418416,-1.0012386892661749,-0.793962453757966,1.0947300409833882,-0.29234309254463664,-0.9745950355138611,-0.5708716765683749,-0.7025298912057839,1.101991234111192,0.6383761335100793,-0.027246835512603262,0.6844893805016871,-1.5296414594479464,0.31718767070408743,-0.6925524953538731,-0.02953121906532219,103.359
20401,-3.597972401940507,-0.13434950950577934,-4.508629061587359,1.2406362054131022,-2.003538488627737,1.7372842452814539,-6.444167259158467,5.68346646156144,-4.742269206807122,-4.7939112497982235,2.164630054380988,-4.436125505261406,-2.1508078673110633,0.031916237262792274,-3.6185401849162933,-0.2477844571275173,1.6311165749694367,-0.7050564833981032,-7.6697167951888146,0.19107694858143126,-1.9458663921390267,0.38567743608506694,-5.3665639787882276,-1.5882388093372923,3.17587512559872,5.182203938109838,2.073433858483747,2.096949020463697,-1.7495100794137928,1.8183759024508632,4.6008522805177225,0.7156926832291823,0.9087977995877901,1.0564210233812261,-0.5629196761615527,3.8823038523682825,-2.2436278836831223,-2.3684799940607606,2.8699132029405976,2.234826781912996,5.443179558788737,-1.8440468122211562,-0.7111216480257145,1.571538244647876,-3.4029971427422563,-3.9724025103346197,1.982706206798644,0.49342222929519464,1.9207605019727956,5.606803843941823,0.18339796668708475,0.2719178393681544,-5.527129978907286,1.6300014331664854,0.12330586739949971,0.22085426024478347,4.463350140325422,2.0828396799313764,-3.0236650858193306,5.036802653274198,-2.61
20402,-1.9739540309265808,-0.09946864333028405,-3.6145757569813304,0.3936825639783225,-0.26218971749933173,1.2870068461809745,-3.752984584097739,3.0173850407404776,-0.7085041063358374,0.3902604672673374,1.531273706316724,2.505864124417937,-1.3045663776807488,0.7301395256142091,0.7290285503841716,0.002476529532414992,1.04256848848386,-2.008877766814785,-0.8172337918247087,-0.40325947391137695,-0.18678462987211086,1.3658139368212676,-1.0054240456350527,-2.87556749719188,-1.3154494469430822,0.6031826958917129,-0.16338590464174135,-0.7710037746455474,-1.145670660175863,4.614102609066034,-0.8301110345187062,-0.8466608171167082,0.9102110250502791,-0.2838978896203572,0.2423148640857346,0.45812688484796243,0.6763742087513768,-1.4425858683843602,-0.8712915476294181,0.5383571601458073,0.7873038189615735,1.2511711621202608,-4.774272470879424,2.9550038770335894,-2.915455547846432,0.5481194368026089,3.5265488907168216,-3.301990169608515,2.1013087188419384,0.389665670860257,1.7755458046709882,3.7118218236404577,-1.691685201647771,1.2753165730752785,1.100800120686014,-0.6745182684167114,4.384881617586067,0.8848416434781822,1.2094687407575009,3.7628466583623155,31.223
20403,-1.6719794628153621,-1.5267752793333162,-3.380688146097215,-1.1806573526386899,-0.6444375523568511,1.7349126202079574,-4.5218608666103,1.761521866180884,-4.701134976567353,-0.12465232780130928,0.16999390146887228,-0.8857051931345218,-2.7951270900187177,-0.7872032161236682,-5.908281940935307,-1.9177680356825517,-3.5989932444203983,6.634985961062488,-1.8183691528011776,3.1798499011885575,-1.4466022249617838,-1.0027295790184043,-4.605990679934227,-1.1592151110862041,6.648572757801342,1.4703114554683328,2.1789510915826527,4.67091634932142,2.561435509725026,0.8146925496348412,0.1644353640546254,-5.828466829641913,3.1542791224798106,-5.149331043943106,3.3730098732074034,-1.422431184543119,-4.022811401999239,-1.8794208857951205,7.173921187626242,0.5165599811977623,-1.5375982654042646,-3.5662633145424127,4.532442912523794,5.165350054638709,-4.109851804510073,-0.1507504310453068,0.788918209674758,8.893716319513539,0.3541091991516101,3.505623317818209,-0.6940675264231997,-2.839837812927631,-4.640944750594081,-7.748904107350412,-1.6197243053816464,4.061918598990213,1.7695581287552768,-1.0713956481916012,1.2934917518802602,-3.9029426072075637,19.724
20404,5.194440317820889,1.7279675238992143,2.8495733786989708,-2.134170552077095,3.7958878965378537,-2.9982668505052157,4.22473759152986,-4.607865216140243,4.32564173057071,3.4735501356806684,-0.9115394961932011,-6.836614041377583,-0.7969902079156362,-3.9030944007464354,-1.7889772801143546,0.3299243540090063,2.334422427411292,3.6959607574690905,4.638312082718519,1.5451251925875993,3.673461328756202,-4.499751705172319,3.043707027691287,4.437760129997701,-5.083448946698181,1.0064055837862573,-2.9290000456456924,-0.4609183986672579,-2.7448925457872475,-8.361693477639193,-1.7192535593190983,-0.22499517956445347,-1.3195046309617313,-1.2949098617973596,2.1747733539425282,-0.436430980681901,-0.04400082893863985,-0.4742092540798386,-0.9009987083828609,6.343630505932907,-5.188204548957472,0.9705089791820802,4.815274629424222,-4.99538591054242,3.4595795302532806,-0.850779690825483,-3.626831243555009,2.012709648490741,-2.437861092293907,1.7589313382085148,1.6591737284711419,0.8728443559975607,4.941898596178584,-1.5115068992829725,0.7057421962751005,1.7166342139652944,-4.964062521263639,-1.6739169105910525,-4.317663821449589,-0.9564225697530844,119.162
20405,-0.5913534555027792,0.2645879743048382,-3.729471158200387,0.24165647932948453,1.6924712912236424,-1.3931857152269196,-0.7191819090540365,1.1289379444855656,-0.20426890745796605,3.491047294818152,2.5284132273035356,4.339701108946794,0.019299658907622586,-1.3238793603776013,2.3513650917308184,0.8670938673418932,-4.5180002046257615,-2.541096454365221,4.818425787313927,0.2836457895110358,0.15728683866873228,-0.4507844691485391,2.7088604643387915,-2.8864486031343497,-1.9707832020412281,-1.7136313166818264,-2.0118408439014743,0.1776387778429881,-1.2198162371212569,7.149551143276318,-1.8648899787264535,-0.46660718388186073,0.8093386862769713,3.2007916536490866,1.6014691062155355,-1.89119219380009,1.5105846247947,-2.11845592406079,0.15392233682898285,-1.6824012168248668,-1.1016183761291738,3.7601588509318944,-3.399467207044158,1.6424802574007002,-2.39341744305285,-1.789958668066309,2.7853994488961376,-1.4934241236180752,0.4190928285810816,-4.1733352168590265,1.3175125866043729,6.254661048607229,1.400081645249977,2.5824410148814785,0.054273992820530886,0.08075277715662968,2.2403884548299704,2.9345843751406475,4.577232731899209,4.725394423833654,71.509
20406,-1.1173212042764618,-2.164323880952668,2.182138899111458,-0.4061544871015378,-0.025124748663873583,-0.6534676177057454,3.774427662535387,-2.2028539156085083,0.6179400085382476,1.6445471555853963,-0.5941672743262322,6.912635974494462,1.228906083681892,1.0672224487597257,3.2017395324275846,0.3948680428574788,-3.162966292236023,-0.44852198048406544,4.007967089672756,-0.7688320812525489,-2.4868316707159246,0.6089571120416221,1.487802632371892,-2.291814041632046,2.44394816110623,-3.9390305909059786,0.8058370036509398,-0.04773446591715233,3.0523675897069413,3.454062678880258,-0.7291859790735303,0.9048017944121264,-0.02066425715785858,1.0357953426016244,0.04939494480826934,-2.8219946600401173,1.0153774318072066,1.5570029762983872,0.24363246640636185,-5.28942273011527,-0.929177133818297,1.338163811163568,-0.5420134060670915,0.46868071089826524,0.7248428529833474,2.480650945276361,-1.2241192884646943,0.8793458407057532,-1.491951459450007,-5.145888902197722,-1.8529868429248064,-1.059219310021542,2.2516372355027614,-0.5456153024142611,-1.832597929193804,-0.2905173407819147,-2.424124402119842,-0.16562517115157682,4.386484513561893,-5.103233348526283,93.728
20407,3.067416613063033,1.6174517551988543,3.160899144761627,-0.20756374904171154,2.104575274726461,-3.505022491663771,5.516892681970087,-3.339042032207895,2.535145180350339,1.304977772202863,0.3503044485003891,-4.528111891192914,2.372228040711449,-3.1035967519245,0.6746780109673292,1.553034132451673,-2.1492752412424188,0.15121127446517968,3.701384802463988,0.22036167958593827,0.9356064923102381,-3.57456168325344,4.128310125482462,3.164207982084429,-2.1998616760285525,-0.1368764810473333,-2.0483994638774967,0.19006008536788452,-1.7957776316133913,-4.891730184731116,1.3007969162667363,3.6628884435599867,-2.23943566234803,4.369619457641572,-0.3377555806861194,-0.10783609680494496,1.2323920955272971,-0.031156539093414502,-0.04459955444827465,0.84165147522815,-1.0515417609433386,2.662480462349933,4.3729370908581195,-6.1143837879849885,4.003673353690616,-3.826472498491127,-4.225274154533934,1.2376382848696166,-3.0420487997315933,-1.7257298643594985,-0.4867735051195827,0.6439228000809567,4.435654620486806,2.851218006859421,-0.9538836739843286,0.1500249290673174,-6.322288253637223,1.6351262941102689,-2.3846905684007194,0.7580738307584627,144.682
20408,0.3832518902927323,-0.00012309630640025548,2.3939355683202668,0.4303042097116152,0.6966330649663975,-1.710136678056315,4.250534387857089,-2.0181362253709683,1.3950123179989564,0.9847658645726746,-0.03167133420016541,2.7453983566617075,2.4355771418282925,0.36476513649583564,3.777746683007959,0.7543328990233624,-2.6978900030301767,-1.7802464966635365,3.3250065914313347,-0.875697680166448,-0.4974940735735436,-0.1821119275302317,3.5680168990890686,0.018558483067119,-0.17738726171462188,-3.251666231179681,-0.8977153244142952,-0.9951984367298214,0.7908343543216481,1.369530547781163,-0.2835001286351112,2.597037032654518,-1.2224680556316128,3.8519726027097714,-1.211050003982782,-1.1489951248357024,1.794973047072538,1.062561007472747,-1.1239100232717907,-3.9115185610570022,-0.1624832754168219,2.2848770655686614,-0.1285141339953238,-2.3514295922951156,2.2671015526626936,0.09534098275957895,-1.513816199953332,-1.5576434505896266,-1.2030457775810912,-4.6093348398364125,-1.1427086312425574,0.24815584510584082,2.7150238629332897,3.0438880627387706,-0.8927388391391501,-1.3682755087237344,-3.0338437021092144,1.2168486974472983,2.292425273591663,-0.9028984565903108,122.685
20409,-2.6299576437275274,-2.194891851376251,-0.3968527784272987,-0.5873025612431497,-0.840145902913858,1.2090208160964824,-1.9217931344023285,1.6137987765607376,-1.128240270557149,-0.8994667519990028,-0.14103478487564342,1.5269938028618644,-2.148876209722522,0.8284129259267525,-0.07398814408605801,-0.4252292808159956,2.5715278864711326,0.5871072567379526,-2.237299068787396,-0.029292283839814602,-2.5910349616223853,1.3114729026848069,-3.4220282885568505,-2.9721516390700544,1.9542469987522169,1.6902705363266957,2.1292574679364935,0.002781577143376235,0.6804681419707765,1.0888090697466146,1.0598062096988088,-0.14491390985159153,0.8640042567399189,-2.0645384466569032,0.001898389227287356,0.5210265776637562,0.19079968640703118,0.5031314379527683,1.123847867263821,0.4252188453082101,1.5963405088958202,-0.9239548074803219,-2.0069181991669187,1.7498354824745026,-1.2548386831001703,1.7666477933786497,-0.2958147062044646,-0.32866521181065567,0.016073228286246077,2.233942069765173,-0.029413443504472322,-0.5303950323405082,-1.5844465277719917,-1.4904756783993025,-0.12701341750490958,-0.8907614315787159,1.2149953877352795,-1.1810695004678478,-0.07321499602517323,-2.3943716752202784,9.815
20410,-4.037072243235562,-2.987006716037506,-1.4044486681418729,-0.5554387597212024,-0.41723859386833706,1.0872082695641696,-1.5653724532353284,2.3366840132792035,-1.8532968671346508,0.24485310319081255,0.45688101803146863,4.5086809342705365,-2.2300666360521415,1.461629351594686,1.173344111722992,-0.21659454510826862,0.6192874427746102,0.0023620961822307662,-0.7364590978131399,-0.2645665935275592,-4.062100852356812,1.6375594764262762,-3.070830522901103,-4.66969766303457,2.799212454253989,0.8732937929302598,2.2322100630448243,0.3358856078530049,1.0905610446325624,4.1073881272071215,1.5317325223015317,0.17579641721778833,1.124998973832808,-1.1511017579021632,0.14716551099518071,-0.01555901346181493,1.0834808708657016,0.20943869534344303,1.7605234827307557,-1.8363866216228075,2.3711335474323967,0.10568755212953852,-2.734116489042068,2.629930794190231,-1.779945646616264,1.5993313484682081,0.16588759905397174,-0.3180379735447517,0.2698598482551186,0.2601043994021801,-0.5590750974187548,0.7702319195120343,-1.0478745805878038,-0.9620846325347521,-0.9728909183194084,-1.1428811383563184,1.0759555702105543,0.07448087984830816,1.6151007835243316,-2.555373793624309,9.128
20411,2.5965588114077267,-0.7949031716275726,1.1645535279219599,-2.41945524460147,5.231300702498482,-4.356438792994317,5.676552329909626,-3.8680207373227726,4.686383232049547,7.162705618202592,1.083291879751224,0.8130592307862969,-1.069675857059265,-3.85956188733054,2.749139252964177,1.1916350960527642,-1.3919226770745428,1.2020534592318988,9.571064106024712,1.1203801941691032,1.0356172355641473,-4.194681753156035,5.35894074121985,-0.7227690856707223,-5.71337934180779,-1.0686670734621297,-3.481510339357509,-0.8934724212502382,-2.902679818640593,-0.4781075029931827,-2.444551445614832,0.6047690119794172,-0.5733780392476124,1.3448389536440524,2.562322877675885,-2.6419550345397633,3.356744770775804,-0.6843641026133418,-0.7479540131371398,2.8711917831153695,-5.200578103447181,5.141361640511131,0.060112455795080455,-2.835411645111084,1.4707101505474356,-0.4209101284344681,-2.808913036919444,-0.35254217268523486,-3.2448910969845093,-3.326857876434135,1.7010475374481264,5.5252890678770745,6.772324635260681,1.1156499556555226,-0.4315099123812417,-0.05729037802108208,-4.634436402145274,0.11218938999465913,1.1207269560807354,-0.12408136286600896,100.923
20412,1.9338080626795688,2.0509880805685614,1.7794982124828922,0.12750640410951924,0.4022362103003999,-1.9573925287954337,2.5347618742231384,-2.5569466817762923,-1.6006920845587151,-0.658764878132519,-0.4831014725229243,-3.523089333252537,2.154040101040795,-2.32874796105439,-3.0057828063583374,-0.2854919586044571,-6.7685774808314125,3.937641300156482,1.6397392858918547,1.6561422821941802,0.5888000781149397,-2.6940286097039503,1.7541509750024833,3.0937408325793356,4.096791552261936,-1.1160143612064766,-0.4408148286783764,3.2221113787927713,1.610483904727729,-3.7430070484742943,1.8812238329683229,-0.10289362210480574,-0.6218544694751872,2.144110791458895,0.6802236571524308,-1.006264742054343,-2.3930615109164504,-0.7806489553798714,4.008778072684757,-1.8295140244961672,-1.3468649738871978,-0.5929447943063261,7.560524222055613,-2.4388232806645105,2.0271792032052347,-3.7465482474891654,-3.0132221052461303,7.148858289278458,-1.8999855985774126,-1.3308626591729402,-2.1073538239896736,-3.7997567217487243,0.10407242141933237,-1.214848868117125,-2.0226318758783304,3.199443972430919,-4.434414352192153,1.8454530899131916,-0.18927050271367263,-1.8691021323479706,135.895
20413,2.7890765266636817,1.6291905574692958,0.8850795097469446,-0.015114032283377413,0.16862418343648086,0.47466957242258756,0.17300627836636026,-1.8942588676404517,2.180481697684972,0.940415055278691,-1.2100182525601706,-1.1153207943958914,0.051068834715705114,0.611669460088742,-0.52664798652714,-0.1452157450386955,2.764353217705292,-0.7546189458300624,0.5050781199371329,-0.45443249432247307,3.5920938915447684,0.7121730584705354,1.9555766731187276,3.0623378864329878,-3.660458764970033,-1.0267409479889784,-1.641331419011069,-2.0830120113354376,-0.5867824634762557,-2.281116901816714,-3.206074428560321,-2.056814365235274,-0.6210652547709592,-1.9849864016785355,-0.21641915133401143,-0.22812043705367804,-0.02639810085377707,0.8643147176440986,-3.7208495664130905,2.3886392156491865,-2.33811367177518,-0.3505280622887731,-0.9153418165304004,-0.10882805253821624,0.904593876707311,1.999686544624182,1.5427646870737026,-2.78857283310369,0.8876978767435539,0.18820730832139737,1.1383468669099348,-0.062058383701859746,1.0166375422761316,-0.6895887815412985,1.5938427612306227,0.10543756693004891,1.2632053699933312,-1.9273950186261342,-0.82136998277169,1.020186642653155,95.396
20414,-1.8567411779011995,-3.1815816973892463,-0.04600719243537334,-2.1546766874971808,0.45619232213051886,0.5126971272707739,-0.1672382836611129,0.5698837490392147,0.3029636068498365,1.4655127970512203,0.14907601156557487,2.388966514403147,-2.8980051557699076,-0.2592569311292997,0.14554091875920475,-0.42431613262047235,2.015241737440688,2.316459696289079,0.6114881743478928,0.8804555664434066,-3.1828842257335572,0.45866656216033896,-2.482668933624325,-3.760317614078755,1.3862429712541295,0.7530454895936761,2.070977620560208,0.23032747162420147,0.6153595430115705,0.8833946644171333,0.48147423271528866,-0.9919780635273787,1.3213857712946235,-3.468994025101548,1.508056400215336,-0.9638202885333769,0.7273345000162511,0.34179855803432313,1.5673074446779771,0.4806198455739657,-0.5323012687869081,-0.262492766505137,-1.2782635863661171,2.0272135475187367,-1.1744714372542089,2.588273085613252,-1.2446843314523286,1.4777944300647352,-0.8257007010125051,1.4675896011754341,0.34888206824194484,0.2994451822327056,0.5485502203996406,-3.472986587524475,-0.59565151370889,-0.4040694478470846,-0.6023193178613255,-1.6520139155544895,0.43589130196670633,-4.517814468188711,20.475
20415,-1.3344144346814237,-2.1664293843092377,-1.0328894093743737,-1.032635969887784,-0.1319876238631769,1.2450846183728037,-1.1278815886668305,0.798849085800414,-0.4688409649660721,1.6403819922242928,0.005745463029978387,4.3019145015895255,-1.6464189835108567,1.132619490471063,0.38665308813530797,-0.7767211811395326,0.3404215148007768,1.3833825051997704,1.2476051368040266,0.5164271010332748,-1.0662522815779756,1.2525222978959083,-0.8474207641076423,-2.873830645823798,1.2671600281001791,-1.1740951188832542,0.8477790091782966,0.10854079337330887,1.834841111465599,3.279159562439649,-1.6399814102808552,-2.3090160492428478,1.7539531363510121,-2.7481474631877907,0.8273767721976153,-1.670755427679526,0.140911457527757,0.3201380835015899,0.4406835448256267,-1.4024462341050237,-1.5549249070515352,-0.5558533328849564,-1.8428816279794253,3.2013928667557923,-2.0242994213514476,3.200852153313414,1.2998084576518079,0.7328062703205547,0.5858391398187893,-0.9660787984562818,0.2297436020462735,0.6158943856051418,-0.6860128561527233,-3.1605605893041475,-0.5728646934951138,-0.09456538667012948,1.8449379147444616,-1.4476572253712783,2.5625089957394214,-2.8105723559093443,37.182
20416,1.0046551738368465,-0.8043852966020136,0.9012845429477214,-0.7678426403808022,-0.027897772195998205,0.9754731713012238,-0.32875017173548504,-1.4100663126870705,0.5750143967289411,1.228816591804961,-1.213674160925915,1.225588162268204,-0.5066267035701115,0.7474605836099114,-0.7359284812109553,-0.9102382896892287,1.016087417503876,1.8587426426618423,0.5692895369269995,0.3350523815268045,0.3273632830431583,0.9048088100070195,-0.8466178109511191,0.11584965340530928,0.5810194815015012,-0.9947358146195098,0.3988530754435174,-0.28323645356236926,1.2897899660563927,-1.1406356070143298,-2.3730484606914386,-2.418554144376767,1.0975518751063509,-3.5431225859644493,0.634550075791876,-1.067601728306842,-0.42685757809809344,0.7588391354694378,0.11081837232899766,0.3273687201915023,-2.1326543089366856,-1.3821138291979183,0.113978340022234,1.4093558256224636,0.023978734630532503,3.1021425085077166,0.5086761544378888,0.7155997385396469,0.29767747902153896,0.09361613350117509,0.20925206839792448,-1.7132345691221362,-0.04490124052616257,-3.6780461854466067,0.36120830276322746,0.602605202075917,0.373910520066865,-2.4174510812637595,0.9682976097829133,-3.1768982870996245,61.174
20417,-1.3483208414497727,-1.955669628506226,1.9674704027331131,-0.4218779791955979,-1.6587286194694788,1.8067693793785056,0.37944260801670027,-0.6475155101915242,-0.1498317298278517,-0.11734734615337626,-1.6116535894390343,4.601743845844003,-0.3647538037390126,2.927613624188456,1.6505074088229423,-0.7579924731665736,1.2759014723229742,0.46329504132534804,-0.5298037447557027,-0.6501401467122226,-1.4869810754248105,2.2907487163392055,-1.6090794071506855,-1.8561839999905794,2.3635318599129067,-1.857825026770404,1.7586371443317086,-0.9424162371947105,2.7306032742004565,0.8178487641777167,-0.8629587610049227,-1.089686129998115,0.8926501265273881,-3.1675526652961614,-0.5459654200616494,-1.361616243752298,0.7715642764585451,1.89702797120502,-0.17644963074304792,-2.7861708793428615,-0.07635160508543264,-1.546069532515231,-1.4227208071208257,2.242802631669738,0.18002831977110906,4.550903476684941,-0.09253673554249374,0.08927301121909514,0.28259226848720914,-1.2704674627350288,-0.7634207048557785,-2.7249938293723965,-0.6277661209397645,-2.9126235976088903,-0.6557373259405204,-0.6366693870232304,0.5490246599624944,-2.0680745419585413,2.0160074561342998,-5.620882163372976,54.177
20418,-0.4735353385370179,-1.368234704447822,2.2258213033400684,-1.35234542383528,-0.8875255473245003,1.6823505803765055,0.04706474242723131,-0.2114691988416434,1.728171185214775,-0.9748907751676577,-1.9031002323949864,-0.5232790572164743,-1.63067164856362,1.2124316681193807,0.8112914147833492,-0.432962790671479,6.646582921307212,0.5109843077684826,-2.4722414350080775,-0.5630106339048945,-1.0940017605731533,1.9342548481634592,-2.768434185269774,-0.5262923034203325,-1.103287128032186,1.8149814398629291,1.4429786032361722,-2.3225275393301548,-0.33857462394309934,-3.099607019380641,0.3202838565800548,0.472811924317581,-0.3405491908088367,-3.5617975887637168,-1.007203178210097,0.9918029725030677,0.8761904997177307,2.295189467608821,-2.1118228649163817,2.3487336087461115,0.8371836083638332,-1.3797952339213015,-1.2848012701131233,-0.23416918223295954,1.3456423563550743,3.7880525352823655,-1.6624753315086434,-2.5589381742271757,-0.7327743277217907,3.2458314638627495,0.9307236325076162,-1.5760731159309298,0.3767661943590954,-1.643331396127536,0.8783498073680586,-1.3417866901505404,0.043312479131774384,-3.2540339559748523,-2.7303765909156557,-3.6898038129470443,31.06
20419,2.95105587063097,-0.5593774544698994,2.3211365134997344,-1.8800983325377765,3.290228254642863,-2.4553976174681216,5.079534376358296,-4.6667996873389725,3.1132598261765745,5.716607258641101,-0.5928543391142478,2.0406839650578528,0.34885034823828215,-2.2447082316713862,1.0895576687160111,-0.09965800269395977,-4.17980283622018,3.6712219422128856,8.196618835683953,1.6087669818505173,1.0943643424000333,-2.9722795647928297,4.188883718952959,0.6581358250637316,-1.1529161946256907,-3.1040341002977834,-2.1027643646614926,0.9443127320867133,0.5964729654095221,-1.5837974334828444,-2.557802132774286,-1.570799733626756,0.5533815949471846,-0.37558439499423985,2.529265025926234,-4.04817541765069,0.9444769295713841,0.2410695322789213,1.2045864981082566,-0.6140416158737165,-5.854429698902574,2.416049321179782,3.480994145962813,-1.395634126297172,1.477345661937704,0.7798839052785694,-2.8583393086745477,4.1964275854444555,-2.7818670592433508,-4.102942063677685,-0.021527462026554194,0.7236036664530382,4.446733438479973,-2.9983480849963478,-1.6368673261104916,1.9103154585304412,-4.849013522699115,-1.0006486977888027,2.5109368781087813,-3.916593863672728,126.474
20420,-1.292177409232962,0.3997979222153514,0.33135244121872925,1.0446918246794246,-3.082127351796481,1.996703037956123,-3.129754173952308,2.793324336033999,-3.1861116197348482,-5.7006866361675685,-0.6971168883692946,-4.3242057442304285,0.6366846396347872,0.7640726039060233,-2.952983267837945,-0.2700736396637997,1.3590837876515616,0.5530597487044027,-7.180333177446539,-0.3332280524474283,-1.6167661885710152,0.6608294903218346,-3.990728033937611,1.2598845346079373,4.2313347264093455,2.8139858570043716,2.062931940476361,1.2361932456120812,1.00634949731988,-2.798675264995021,3.9407693090942377,0.74118309547148,-0.6195397748098161,0.0795360592625676,-1.8151824771443394,3.1467717933706423,-2.6658064072872594,-0.1600063463804425,1.741491895479136,0.011475111277098271,4.5073544416123665,-3.261326905514548,2.139506935118673,-0.41273503495725267,0.24046520200341964,-2.268475082299221,-0.7292543990966404,1.6099834291572168,1.1942584062650539,4.143139414889187,-1.5681135815132885,-4.018124994696128,-3.8978571540186584,0.28378538809305237,-0.30889032126435245,0.34742710619757766,1.1262881167834713,0.6169438634278643,-3.318586533040569,0.25374995602917294,49.088
20421,1.3072571480159114,-0.9324730177005762,5.567159478823517,-1.463253397722134,3.133104120782703,-4.293298364126764,7.338085150577573,-3.4847435914629306,3.385443955814726,0.6361426955802675,-0.18236126801772753,-5.445724784489335,0.9989551122927061,-4.198611951942376,1.023453972066158,1.6818976916009563,0.41913941504766217,2.08469175275928,2.6912456304041115,-0.254209921129705,-2.359015873943945,-4.468280407011576,1.8292091517692937,1.442466099697143,-0.7314459438203733,2.1086504855553945,-0.23184658068609793,0.14849511058037315,-1.9270387381090663,-7.018664020410375,4.253372946080783,5.873415544262633,-2.7194759087075973,4.343403364597649,-0.4433529569726081,1.5791404596591707,1.9412313045250917,1.04190715643029,1.183179932540184,2.0039030503706385,0.8277374934818619,2.725113525257222,5.706158150213199,-8.065718145870738,5.144569500044769,-3.6504457987624885,-8.397460950251661,2.1666460285294478,-5.328482361507398,0.23710986864218,-0.9160807381996992,-0.5306142980154331,5.332975238051626,2.5581509568457155,-1.7803236891110616,-0.7908234480222798,-9.527482674062698,1.2149775594902457,-4.855064598738782,-3.720003249178509,108.534
20422,-4.074002097475434,-3.6135789348123857,-0.5226253722063896,-0.36637163281473495,-2.6735416213918652,2.5021141982606,-2.3607424407409248,1.6309558248577742,-3.6306222505592043,-1.9537004461735932,-0.9879439344425763,5.469814257285189,-1.1584331416719578,2.623478769810859,-0.7639525685558831,-1.5374543297362504,-1.3970521354375036,2.4983306140767527,-2.6437028399054903,0.4010479943524822,-3.793082165660804,2.606808270307333,-4.395925886297911,-3.7617429373336257,7.120848663101712,-1.0673944996307265,3.945662075333652,1.789975348147287,4.366930440595661,3.1327073920530637,0.7048031334964866,-2.4444510026541733,2.225925388133505,-3.9375061466151053,0.1044487158367265,-1.4240136907086818,-1.5325884459793158,1.0466096475894497,3.591147251018796,-4.579350880989097,1.7066700343767416,-3.646075100041683,-0.06751858199215631,4.731566356436107,-2.3986246129042974,3.6257974440704444,-0.0880713550665656,3.4786922245443135,0.7447875678528226,-0.39719624559147043,-1.8927700568677495,-4.114931600793048,-3.7736181858559648,-4.874073221784687,-2.0070831192092045,0.8452403840212888,1.7590800596465062,-1.6682766614334843,3.112529439435005,-6.632697782228275,19.556
20423,-1.9237458361654447,-2.5694217860019877,-0.18839392129693922,-1.762095033450294,1.4762555312887857,-0.633890308121178,0.6443039856050413,0.7004107618114704,-0.23625218553338462,0.5827306659106471,0.7867648558016869,-1.2770880838406409,-2.2095648331385824,-1.8534104750587237,0.2823612894541036,0.3008720197135643,1.3744080517784492,2.2593303625499286,0.36191097823742124,0.45706351900448683,-3.2665356811394735,-1.5849133048011028,-2.248035858808553,-2.83215775524618,1.323477569769051,2.4001271635314754,1.2150256916308328,0.8448751350613501,-1.082182893510586,-0.42555654453554315,2.5891921435655667,1.7790504477037428,0.3761552629432557,-0.17286648252257975,0.822855437576239,0.9745930668226677,0.9671722164389598,-0.15954459813922595,2.4641551664853996,2.0545497788044997,1.0867275732921362,1.2553494823666813,0.6335376318052691,-0.6820262047530427,-0.2499368925885207,-0.440391458648763,-2.591333251531352,1.3966620166291555,-2.0713081051743445,2.3631734388148584,-0.17173315916700638,1.4697451904541023,1.0016197655053045,-0.49985208059088587,-1.5822384775779423,-0.5281657262451661,-2.5508552752970646,-0.18278191090877371,-1.5616485057307818,-1.8842134253362772,24.581
20424,-2.304080839588834,-1.093585311899721,1.0861587379703324,0.3156940947549638,-1.3790040720361794,1.302386255233983,-1.0626503602544026,2.472775814559321,1.052171218752901,-2.58343395430433,0.19592283891156564,-0.27109985275272,-0.8042059204862118,1.5417331608852258,2.4291381266517638,0.7803071043480326,7.6784192589313465,-4.223707882444936,-4.542319270924209,-2.3005974060157346,-2.079807647534597,2.4257218820583506,-2.904730522818103,-1.9714352044689938,-2.1122013996612687,2.5378255659492823,1.389892657831818,-3.007558607141296,-1.6248978906625855,-0.3916702347909503,2.7082663841686374,4.027005212015128,-1.5489423460598353,0.6996684025667228,-2.9982297811130216,3.5279836970843497,2.073826139875873,1.7929188340753033,-3.621119747333641,1.294026953820481,4.495486812664676,0.4871467120502873,-5.321524346422318,-1.5169012519721135,0.8197620541536227,1.795001984442356,-0.7995024790889522,-7.3951898525990565,0.3607815145769283,2.7442039867464767,0.7859878849643268,0.8282210359577433,-0.3370825752957666,4.24845273868194,1.3378283649042286,-4.117291747807881,1.0954097907740235,-0.5126208045910973,-3.391298792717033,1.5822084956668174,16.438
20425,-3.405917675770258,0.05391034530618455,-5.225492996330204,1.7713937841522316,-0.25928988704854233,-0.3046671007029349,-3.321139215674868,4.4645196200228,-2.855916410138927,-0.7971770478403165,3.079932836261993,1.8277569537186744,-0.16477641053982897,-0.01730473902368726,1.0950703096596015,0.48230321065314663,-3.336235384964832,-3.934779761140188,-0.539308028118522,-0.40569946369357524,-1.569121307692111,0.2537681056268202,0.1246808701290614,-3.2861277704142724,0.14072723353142702,0.8970016419279311,-0.3213867813735589,0.8103518171958851,-1.5623260193651765,6.797033062497583,1.6127258435975844,1.2731702472834436,0.7080932658875825,4.473513061553504,-0.40746293859314264,0.8307548524188657,0.7793164318589816,-2.581844311094603,1.1042012264675705,-1.7637422245413445,3.3363145045263267,2.4973341394297193,-3.825825645750129,1.5812891270680227,-3.0924913348778533,-3.9655645857496826,3.452645741681246,-2.1499471028240094,1.6714195044691798,-1.3845628708625952,0.5335593936720392,4.76631937060003,-2.0237471622665963,4.493980064270259,0.190161579462079,-0.9313381896899566,3.658289352133556,4.2125899097951605,2.624727843794725,6.660605364770005,43.93
20426,-0.8426298809245655,1.0448846458373242,0.7680930606714895,2.0730172271374414,-2.896003505776874,1.3064984317041368,-1.594161787342738,1.6758685588196414,-1.138465186401881,-5.614021271467004,-0.4394474178765726,-2.4126862741815795,1.7431534533606352,2.081533224766479,-0.203647860226161,0.5622538216209603,2.2551197907235387,-2.4598843446675165,-6.060336229627678,-1.6736704948780066,-0.25399425017453126,1.7630774270763556,-1.6559893526479272,1.4011641631047145,1.58044434161807,1.2275202328543806,1.2681071361854668,-0.5291874061008133,0.1954876192070616,-1.809671362423792,3.0875836196717388,2.538310161971301,-1.377162585755225,2.1884366349680655,-3.659660569195439,3.4252546121020258,-0.7813386739142597,0.6015382791705763,-1.693717898202698,-1.1327358236875777,5.030725407130414,-1.9359532654514533,-0.31608382391221945,-1.4956197470330637,1.230610269723008,-1.1680769376861972,0.13875437244493294,-2.7704330197155804,1.1837997067338417,1.7127395948675044,-1.3283284787684724,-3.2595148881071707,-2.630649771295068,3.552130615197302,0.5398460212912045,-1.5031241447097912,1.2278062266102512,1.0457781418065424,-2.489991524608077,1.764966658908449,78.066
20427,-3.6189907826644943,-2.382131013981649,0.429592188070296,-0.19704279503793726,0.34291002310537944,-1.8073547444219193,1.8399885328225285,1.4459929376634608,-0.7789193313309818,-0.5950055281116635,1.3302731270806172,0.6658988490155178,-0.45376434520107445,-1.7804987466310103,1.3297006280688561,1.0366801884548373,-1.4701917006971925,0.27878192279574027,0.04568651161362837,-0.1739478829717223,-5.524577820690971,-1.640405961931521,-1.5818277747311131,-4.257131767803532,2.6315710560199186,1.506007906011973,1.700813320643962,1.3037981080877572,-0.32778921452939236,1.8736829360382707,4.516728597934596,4.309347536394504,-0.500909870420045,3.8267908625238096,-0.3196808592361493,0.9947849890670036,1.5844070079259107,-0.1718448313739912,3.0199662918553853,-1.49815616018512,3.9026794285848445,2.261900259602373,-0.12409489006281997,-2.120718395435171,0.46868923406011687,-2.403597897752056,-3.848629117289249,0.6351881295200805,-2.673956494932272,-0.23939349343408795,-1.0959103823823826,0.8492889520515117,0.792772475051617,2.256261826535039,-2.3047699503225134,-1.4321729655189823,-3.4159654385053604,2.4927136257503895,-0.7826164193672748,-1.6901245101984514,35.979
20428,0.9692174067545626,1.5740768885412575,-1.4886839503460987,-0.12804260802964298,0.21018911262169532,-0.33056496919336936,-1.4797632186558725,0.5021256056911678,-2.6897157727403513,-1.1422552628916662,0.17199296757516674,-4.714867170180923,0.30321151925988893,-2.2876038199881217,-5.1659569372768654,-0.934702427824843,-4.404942868066984,4.1780162290246645,-0.73356389658333,1.9073353261280093,1.1694668561462715,-2.2851437454893833,-1.1885263558319512,2.3483025554375114,3.7490182270793264,0.930112726051531,-0.3463229836345602,3.861545342065363,0.5022432054424137,-2.429810473856252,1.157052747925865,-2.4969160186438644,0.6200361236830866,-0.47299752938625794,1.9923314312593945,-0.1688356034101577,-3.0370920122206706,-2.1173888156403335,5.132127982657161,1.0131016796103978,-0.9416907750179044,-2.0211219042129764,5.951920610657163,0.2206932346984428,-0.8110069843892623,-3.9980637470197036,0.042474054843954945,7.372123051633212,-0.17413313781301415,1.8383563791064024,-1.3266504749785022,-2.3568928633654465,-2.4704650922299267,-2.6779425349201187,-1.1930104283915162,3.6022817994740923,-0.3413747071901836,0.9393821214843092,-0.6064804575829803,0.44988236794851955,90.717
20429,2.9674834830796497,1.6064250383282848,-0.587762047291536,-0.1788175097431186,1.7419190073543627,-0.8220928902487281,1.1033966110484679,-2.2780689198511945,1.1236246483132657,2.672368327456291,-0.08628078349791328,0.24272571053232114,0.5007378253873576,-1.3189347768221789,-0.9628085734663026,-0.18131022668164898,-3.3312361751802015,1.2403592205178482,4.422145682813319,1.124086051006913,3.1022299635804647,-1.3511796090864587,3.1926942409168895,2.050319332749459,-1.3198229645098767,-2.156177610752371,-2.4037548959777113,0.47978960506629503,-0.10445979446597901,0.08498276317527043,-3.420418734102821,-2.605063940682275,0.21466722931935092,-0.13228220889519182,1.9054481216239947,-2.446222758405522,-0.9046443361498432,-0.8564959273701317,-0.053257509790710415,0.6470713898546432,-3.9804017358426185,0.8806287799068309,1.552403569470993,0.4490108682864541,-0.17949482618294677,-0.40613182172425377,1.2722361886183897,1.5914477113996106,0.544647098647645,-2.3497471395274183,0.7177125600995417,0.9644716861883186,1.5768398587419135,-1.146504445458823,0.3397473028134482,2.047030910339327,-0.02208548979978478,0.11350823501738341,2.137204362042052,1.3442380337759927,110.283
20430,5.721438159702759,2.061437228864182,4.693352882303979,-0.39630627126151696,1.0486678167883683,0.345279664313293,3.628826925401605,-4.7807741235967205,6.320824243535126,1.7039757040868342,-2.81723538570589,-2.4212949090781297,1.236443647063207,1.2872863513118853,1.733409781633372,0.3021097342888145,7.943199543223767,-1.64861442890502,1.1744295954006765,-1.4196011928820236,5.108911398357281,0.7401264499297445,3.2451902854542087,5.897570615985788,-8.248983559557177,-1.002754831510635,-2.5719677564678767,-4.877659410673072,-2.248970695383467,-6.997794742842435,-4.504837040746524,0.3197393923397042,-2.2283352582212497,-2.75552815845752,-1.3730761578890045,0.7136092636181672,1.3728163735708783,2.871915838734653,-8.076288897070178,4.606241295590686,-3.9448342737041866,-0.6407047422531156,-1.625587576979095,-3.6560222005679086,3.9508573437065357,4.335440415001018,-0.6049571194793759,-6.408525276330349,-0.14232004906258885,0.8384516694439945,2.1301089983353303,-0.6150207323901531,4.093818222349077,0.08548055347879718,3.1394170567815607,-1.5069926687677342,-1.2613364834162906,-4.342485509208527,-3.525757577341789,-0.27161899630454683,127.376
20431,1.6951748731516236,1.122598660939648,-1.274197192753347,-0.3636514482197095,-0.25558489334628615,1.0460457469978357,-2.0011364577844644,-0.4416179008227718,-0.829718803598013,0.009629049719766095,-0.853617357459578,-1.9228462950717045,-0.6892224224945207,-0.5755778693940212,-3.5146053197981906,-1.053167881211808,-1.1226985890033103,2.9049769103728402,-0.9601824916856738,1.5575858368664202,2.5517499032474746,-0.5875007338893254,-0.5285501443661822,2.08235590022681,1.0932081972028709,-0.005741809401563311,-0.4326022282775032,1.2243719838847547,0.577919090972666,-1.6661900338288178,-2.002197359771541,-3.676745450300976,1.0653298629591499,-3.327594838496957,1.5999645790761587,-0.8590601530729128,-2.284744765796967,-0.4625457516269717,1.479107889904771,1.1547857731304587,-2.484460451315657,-2.529230967172553,2.860487815751651,1.5131851750688003,-0.8276691243068515,0.06177434409936999,1.4923306840136796,3.478018992435876,1.066269788628369,1.2988261777244583,0.2116320184543703,-2.0084328349775813,-1.8863366940768094,-3.289384782481644,0.17525780719207162,2.4859672209674595,1.2150945802404705,-1.359373569037189,-0.0368940999326137,-0.6176091758443347,79.563
20432,0.8840344575266724,-0.24624058207958857,-1.4397700678736962,-1.2850454532056284,1.9828853700318756,-1.6202622977255954,0.3416975486412289,-0.7903361305836039,-0.25510982320766773,2.495159922759194,1.1221796087126097,-1.4706686471045731,-1.503425312227992,-2.999446032794524,-1.6406235594263054,-0.19761591475117757,-3.086353131885625,3.8365000722908404,3.194428213907837,1.8815861463839956,-0.11336897662134825,-3.23887345228814,0.3619100152681273,-0.40570224264616506,0.8239986661096989,0.44027983184820607,-0.8803998390937399,2.4079662786446163,-0.2639971421397874,-0.3333284248589469,-0.24357692563044214,-1.4807773053691617,1.1563445930427791,-0.765477899843819,2.987409115386529,-1.5344769998596572,-0.7659030761138806,-1.8253040841172936,3.790001114041867,2.0554505896111586,-2.839735281235153,1.0171639342275063,2.940344322462185,0.3717187277521436,-0.5610491952726291,-1.9690940863878477,-1.0921263051904861,4.550381699294354,-1.3939714543142907,0.3793585591124155,0.27261511753424766,1.6979005095136201,0.6536599795612503,-2.245571622425681,-1.059306904525416,2.357316479378239,-1.8175468125392131,0.579725974126019,0.9260763961400976,-0.9209751336581125,63.485
20433,0.4296207287394281,0.4329576425459717,1.6830495912860257,0.49968584225037266,-0.8670409562715182,0.875441823640411,1.3989083089884347,-1.7348745886104542,0.7557339505210448,0.5379611990558195,-1.5942982746147933,5.03659144330826,1.7089530057737,2.231667640796776,2.2065558828533747,-0.4758076635948135,-1.5045312417389778,-1.3933331388473489,1.892400879903212,-1.452754954154826,0.8557671915153611,2.17577957670635,2.1891519032472138,0.15139659441188283,0.0761679708391875,-4.09242339224002,-0.38276462864349015,-1.470337927460894,2.5513342945515376,1.834565689073223,-2.730126884288397,-0.7511180814616665,-0.30534514460504464,-0.12677072237488196,-1.4672593629091772,-1.7050842358963487,0.4568343842397869,1.912381777408914,-2.0019038709703896,-3.7747521236740775,-1.4617077451117355,0.08381524060027916,-1.5378016885944936,0.8037593807465282,0.6757880715466597,3.241083586568222,1.0808954634768377,-1.2237010962959278,0.8714830069300203,-4.2446573254831135,-0.6547464037640671,-1.6541801053378726,0.6009303249272906,-0.9593233105031851,0.07246707653141529,-0.46826160373385484,0.46382941232110775,-1.0504262802840139,3.435566059976159,-2.1505280627445083,111.741
20434,-2.686118461986134,-1.2544003102260082,2.1124182332447967,0.8309585912658444,0.5898548924054691,-2.390396094135336,4.326838723830061,0.04807621301675624,0.8030485970368951,0.23857337012914875,0.9404579689891825,2.221996532420908,1.678852298902954,-0.6218078815086644,4.403229145551512,1.7357306355265307,-1.7834556256711696,-3.551028172817299,1.7554909440644324,-1.7941939053930185,-4.2600713499474105,-0.4438129269952298,1.5965408106797723,-2.846458092042234,0.6026018863177638,-0.42053791157924514,0.5444248488347575,-0.7541986019601372,-0.3677045359498573,2.2222265830753503,3.5910615839838202,6.193045483586548,-1.8373007674871327,6.6157599333898345,-2.11803795719383,0.7600203421148727,3.1266233906627807,0.5878205020394467,-0.5526416671454343,-3.949691776317104,3.9183995676226027,4.113176567740995,-1.2215066960048067,-3.8507022697576483,2.305007525718861,-2.172480624986857,-3.4792884830319815,-2.7345365092218414,-2.3425768813642454,-3.713281329067268,-1.266807777548071,1.8914259361360743,2.951581867619619,5.7871750659191035,-1.8755446670508604,-3.3474301507768582,-4.239406506253339,3.2635185275057523,0.4954278892396673,-0.24958919504554172,86.267
20435,-0.16545531707291825,1.0157599036892455,-1.06952388629252,1.2574932829084968,-1.3840183190522095,0.5826991726105863,-1.3479331552291065,0.340866877802375,-2.2513877597966676,-1.5236283942993571,-0.11328970249243911,0.4756419960143703,1.663494822977821,0.2802924029903246,-1.4000540934071883,-0.4365915461159488,-4.26383321003214,0.18092988282107786,-0.9736046954478599,0.11182140900341087,0.3668997931883835,0.37760322610214825,0.4932170418202351,0.7195543353232836,3.3086997691486846,-1.4223222734114793,0.12954915320239316,2.2743099641722173,2.068267024520875,1.205581132008566,0.24907236202076735,-1.090506754287329,0.33815732847802643,0.7658275053989699,-0.15379178465300786,-0.9424637111622837,-2.048919924714765,-0.20687677194233944,1.8558805228018007,-2.774626601438367,0.372114751753867,-1.5987773924102242,1.9207248989643946,1.5960836654009731,-0.881060026441041,-1.210780593008831,1.2018873775092402,2.8566131977676816,0.8074167377715553,-1.591621530399173,-1.3893263785078038,-1.7519515113508406,-2.0353548388908664,-0.3287122279519735,-0.8965861671435321,1.8877869655201445,0.9667405322491929,1.7021531784918214,1.4899466924133007,0.3714494455499357,97.95
20436,2.3613771158739825,0.3129651993637504,-0.27100621912219347,-1.0757830826633301,0.724743233227523,0.8743268108010245,-0.7299463731037626,-1.2629983161878133,2.5007596241941874,2.753963311274791,-0.86650167705483,0.7130369273048729,-1.5673493923238369,1.1546655333152118,0.579118250467654,-0.5238999633529774,4.370609824141625,-0.40756834244323575,1.5650752037138904,0.018135196946136856,3.127068688884702,1.0854863982389953,1.085459187754298,0.7982291990573851,-4.778738066474813,-0.5024556908832707,-1.4473340330566251,-2.7088443136406144,-1.1314289475718227,-0.3770232278527749,-4.016314828627311,-2.4801437130202175,0.3599651283397939,-3.928686691543868,0.6038412706248675,-0.8290865162738,0.9085960027292931,0.3947622997762178,-3.7068898909758987,3.376831742125881,-3.229407407856792,-0.31756518773558035,-3.179940460895633,1.3690287043084817,-0.7311360593650814,3.5979410829364142,1.937352528721058,-3.4915519172372855,1.0885416765803475,0.45053149047556434,2.348191192078724,1.868659862226404,1.2023893039968803,-2.0255971939503095,2.3714736928478097,-0.18898049393225566,2.0961637338566907,-2.498845147631882,0.2890665937211087,0.7689412789488543,61.879
20437,3.5888300797031225,4.174338095984334,-3.3362642837441934,1.222804479794343,-0.9841344963736424,1.270830118597018,-4.303440186405438,0.4848848204009532,-2.1303695676613548,-1.6840292375617574,-0.07497253648739605,-6.038412310770407,0.9746974581159535,-0.6985729577148968,-5.61325292611168,-1.160962069802329,-1.8374886155514838,1.3156261064180672,-2.945131640187867,1.5726277508141613,5.678386438313843,-0.6573339951813267,0.08336531532099595,5.170692053892821,-0.24327020127072743,1.040142921040465,-1.8659148962760064,1.7657245135970892,-0.7399537530598851,-2.533197103846455,-1.8764068682345925,-4.456558937196446,0.5902028784553064,-1.9281449177407206,0.8367691309981533,0.49368060930633934,-4.110429545917983,-2.1268350744863755,0.7158435268560918,3.3068709703209387,-2.0685101938446206,-2.952343507590156,3.471135599704028,1.7545157729732603,-1.205594281001175,-2.777439999950533,4.128805761788206,3.251475746829146,2.904687530877068,2.8758559086744495,0.35689872886151836,-1.451120615908486,-3.7044870054779255,-1.6031762940529526,1.8379429413035242,3.4382258624932085,4.294022204758676,0.3019802989264141,-1.613521179510115,5.091039316168637,98.957
20438,-0.274502130535197,3.067593523127626,-2.6213483583741164,2.1630904892730682,-1.52156149493152,-0.06123839014422224,-2.0678022546807613,1.1370060685111862,-3.5092496035772474,-2.5218398166571308,0.8235774949409902,-1.3561474457967013,2.528286147438016,0.3184336123156939,-2.1446726921967354,0.05989482307813779,-6.072648549968664,-1.2245933370080317,-1.7289821000632448,0.5593217915235167,1.51018419409765,-0.4430820146980732,0.8926124835996583,2.1049065458706853,3.108382324516197,-1.0991229991533726,-1.1070658339406785,2.2972576209013407,1.1537059283657065,1.7665642592592143,0.7247769346646121,-0.8044236573031858,0.02984027943384615,3.394855213245997,-0.5768995868590724,0.1416795813766057,-2.2906514153613613,-1.680756664992814,2.145775151286212,-2.923102635430335,1.5931791555386594,-0.8779191758218163,2.4045057237565177,1.082478314434305,-1.4640060027087645,-4.481957362960861,2.356396010442578,2.6442765225425755,2.1303642686662756,-1.4590747837691889,-1.463835097065814,-0.8969251786861995,-3.0063253448828973,1.9256382398325573,-0.3336020803180133,2.229711318334117,2.150991634918207,3.399277394238001,1.8186434987183193,4.199206878430482,111.391
20439,-2.3786329697351936,-2.3956447532547935,4.255046172374514,0.37152030745863296,-0.21814593783874053,-1.564769719220001,5.064666696243906,-1.4230866991330695,0.6474294451541526,-0.6935154448114492,-0.7299099924247241,4.545549820458542,2.509505568416513,0.9737792424984967,4.161109454550004,0.6833383548800458,-1.7636969456915512,-1.4866099844732883,1.4310064174340797,-1.8671915255834077,-4.061053238957301,0.7509365898869496,1.2710607500617916,-2.5113125304042847,2.8361267374613686,-2.1546712571882294,1.6225459502945896,-0.7149794373508495,2.044120382571251,1.0609911073286507,2.748627192234844,4.2780504627510565,-1.1892411333347113,3.940675546308718,-2.2814922079400253,-0.2136370320022353,2.4769262127732947,2.4884921465109837,-0.17560862323647078,-5.297065332721645,2.57514976362106,1.7561471213505744,-0.3091150606360536,-2.7066704057358675,2.7527291429291014,0.7332764616170836,-4.2620070120279845,-0.8706192805017829,-2.3522477028977207,-4.386671520568757,-2.7007991225573535,-1.7581836258376013,2.722780279247668,2.5390255932257597,-2.332900280202163,-2.2042946483068038,-4.653066725975788,0.3655076658701586,1.4884584569929356,-4.874419765056803,94.529
20440,3.2697216710069323,3.3371156354158247,2.4024354323650785,1.134783102939528,-2.5622513948986323,1.9178413341230907,-1.6692117527611177,-1.0417658492985797,-0.2344227436577783,-5.128907964694446,-2.2814679328535616,-8.143073699090413,1.4421281857741186,0.9270282615455538,-4.231333738652503,-0.8755965037466211,5.081379807527008,0.2028522480740178,-6.817796353256757,-0.4674570352908466,3.7912991347524594,1.1256241713767399,-1.9184646779170498,6.69537393365153,0.12474422117870146,2.428103047952298,0.26833031629503357,-1.2122913062723086,-0.2505265393950661,-8.435588027347052,0.3889963466085505,-0.25953354150224894,-2.134794796687485,-1.9044750836173465,-2.2890461482961344,3.135578659044618,-3.1024078296142474,1.1612992409160945,-2.1413075844206975,3.364121652978556,1.5760602267696862,-5.0679832728268135,3.6937501502132255,-2.024159451836068,2.6372638074214128,-0.28316058439274044,-0.5014969013846976,0.30749202158025934,1.4681284147309654,4.984863548102786,-0.32930065506175643,-6.280930228360877,-2.592633493940824,-0.38306768080005443,2.216423554668235,0.8135318958021905,0.7434324475709638,-2.5584962383523377,-5.879656026603022,0.45320170712003743,97.285
20441,-1.6600314262959681,0.19304134337434647,-0.7932536192367134,1.513584364240774,-3.8491813168950406,3.799795917350448,-4.402019769443757,2.1059651754627224,-2.304197569141262,-3.8520050183426564,-1.4898087667541517,2.5681895377839217,0.6760555077969577,4.366029912816907,-0.8298198459891872,-1.0433130435009004,1.9520018336187785,-2.470960027967704,-6.112011382401015,-1.3828987207426207,0.09402378328139085,4.294563697131962,-2.895290506203004,0.009983111614444769,2.563212552776987,-0.7436720078853062,1.986298555775242,-0.8938397354740134,2.1640697412180243,1.7994901912777044,-0.47840640163098125,-1.809218700209614,0.5053285394853855,-2.580759540366889,-1.9774905402326566,1.1707320276806987,-1.6101995149921162,1.3078073004423576,-2.080258634078426,-2.3365717560847266,2.431218000757902,-3.9844231873154343,-3.101153775015525,3.333967814442756,-1.937250187091616,2.9566190447078124,3.5645973913395697,-2.1230350152925253,3.35277972660646,1.1571729824818828,-0.4478343228772701,-3.928166252894953,-4.448969954702119,-1.157516966502495,1.2781512928394543,-0.9048937063022395,5.17569601679966,-1.659257293620018,0.5892597958603865,0.21781145630359167,52.315
20442,-3.323207918072687,-0.04112579412092571,-5.075076256698007,0.9104690062645906,-0.8549784687167256,0.77326906017667,-4.5551780060251055,4.673476190201019,-3.0454293582356415,-0.9454460624947019,2.6967832870224897,1.596472922720062,-0.8974583956382279,0.030900548555207352,-0.805612657025182,-0.04646886986757319,-2.3795270558859416,-2.3946297529360403,-2.0111723052888792,-0.028020173302066714,-1.3440606283692134,0.7856755060515048,-1.6765238153592072,-3.5299108395388945,1.1996826733010393,1.0467128394634102,0.49255432626555157,1.7946199369925475,-0.7750428207104022,6.319192649387427,1.333142692770804,-0.38998130113993695,1.4959473028300467,1.8211816210845442,0.5558959698341528,1.0950804763333528,-0.14840030984314265,-2.4423600035297297,1.8357778217358707,-0.88437914968088,2.7923124771079855,0.7453183397774027,-3.2678670965093133,3.3223692680284627,-4.2424058978476635,-2.8721062343379846,3.5378186418756754,-0.6589816579961886,2.0707510247237924,0.29575262083590026,0.744933738193767,3.8094222950889796,-3.286653900698122,1.9660275695366847,0.0367400119041062,-0.19545576349296778,4.61897274959647,2.9471735111149244,1.684441718523812,5.095307309764222,28.111
20443,1.1468648140393918,0.4745178931196966,-3.9517348143643147,-2.014820870982287,2.9716260123967344,-1.7515318374633897,-1.1911623316581132,-1.0643776296940652,-2.7193311586010065,4.6163373175706965,1.5321937367418834,-1.240672239334455,-1.9170265116975307,-4.887627036830772,-5.188926271709582,-1.421135616021585,-9.163324425259775,7.281180862623489,5.791304235761278,4.458257821802063,1.082336729312135,-4.782475996556046,1.300641656402859,0.2950905152980535,3.518012163738762,-0.47846562167245343,-1.8920655312224297,5.812280177231348,1.0142943504539959,1.3613480482195368,-1.859802603214483,-5.720586612171019,3.1191947831391507,-2.0571120997887506,5.984280205672361,-4.039555668797395,-3.0733029104042515,-3.97536903134032,7.732153301270812,1.2494365108485346,-6.143338062004005,-0.08030812698377032,6.8130717316499325,3.1470586683658626,-3.533578674503529,-3.8407548791205968,0.41395819436633263,11.323131890166108,-1.3443964326152296,-0.35339836266304175,0.35066578051188835,1.5823731900492854,-0.6066007919335064,-6.237927523305093,-2.0785961312438492,5.679090189522363,-0.9580917045151888,1.0961826574376716,3.4117921739455945,-0.5561685748694709,84.852
20444,4.511482807471752,4.470190776045461,-0.7592255784684095,1.3908001776964238,-0.3159194333583081,0.1696579210784548,-0.42160434099021593,-2.344476666260796,0.4615309888064851,0.21733061530703685,-0.8996982066017618,-2.536671027275178,2.1920475173165728,0.1278438505847398,-2.4478997322103044,-0.27795832804034987,-2.714354665270053,-0.5132527947118143,1.0035263853722756,0.6161713442529047,5.837957225296446,-0.6177536678146875,3.787214411671608,5.519427833212202,-2.231405810532448,-2.060986977276119,-3.0371811177251753,0.0699677132948795,-0.003884164265547522,-2.227389148779814,-3.8212954943357853,-3.096599296493777,-0.2916569123394059,0.3521067157293822,0.041107133257633405,-0.7990621616982022,-2.512342424643042,-0.9939276160422651,-1.7751868495096585,0.3120961484240748,-3.613192412942134,-1.0343976445362122,2.865324291174029,-0.4271459860955983,0.5218939525757315,-1.3800429233195903,2.961276427224595,0.9324429430595325,1.7909287603929347,-1.1600047238566658,0.5566506188122186,-1.1833504997734363,-0.24055901409650984,-0.2587265413243352,1.4879587649632904,2.3645589611447906,1.3151214047019302,0.20006508989823807,0.5456928136535792,4.169928382432301,152.77
20445,-0.5343987968916886,0.6881562934377417,-0.9386090558216531,0.7294501125899577,0.22894910218363154,-0.8175991290079152,0.27019007279873414,1.1820566687768541,-1.5229206692871229,-0.9341361923781721,0.7914193574597885,-0.971934793940896,1.1921467227054878,-1.2417414389830104,-0.3670190617564266,0.23602322006197382,-3.1728769468815132,-0.637591788205361,-0.10290717082238415,0.03936037938320586,-0.9405765663729438,-1.1442379108160048,0.4569250090834044,0.16569360340288164,1.7968985406795053,0.3351490009598445,-0.07197525836288045,1.5519342568567998,0.08176639158723972,1.1021530798558994,2.304290660847886,1.4366821645768826,-0.30479825158725316,2.915223679966075,-0.19210938037257264,0.6293483020803123,-0.6658845244869486,-0.7850153417648374,1.6240473516550593,-1.421456033726284,1.6168052791401832,0.5912993517174869,1.482922776783573,-1.1160289454657677,0.09442847480244776,-3.064010623561305,-0.34210050909973283,1.4870906855856352,-0.1884711588049106,-0.6240640440377039,-0.9355566207897534,0.1418811813268786,-0.8696479322362376,2.2071448645188605,-1.0648307602721343,0.68303283891275,-0.6664575829739336,2.569963451002305,0.28229195652912187,2.0219258911896096,85.445
20446,-0.6162509692644399,-0.8784911407400776,1.9408026275575683,0.1342541681669794,-0.998791585227897,0.4326341007832235,0.5744196578063228,-0.5396571283284339,0.7852612360934915,-1.550557387396029,-1.020626222902262,0.2136434234245107,0.28096020182018633,1.5983430292255973,1.5561795078332845,0.26611214648604503,3.350042749343138,-1.205466553527291,-1.746148398104222,-1.1326466056541697,-0.9359686960867141,1.6254245009522248,-1.0925529159720042,-0.28808063987703586,-0.18207496592258143,0.4448984210177289,1.11225086282254,-1.4952463576925208,-0.16108982817226644,-1.4045991213417255,0.7594280118079827,1.6508156777106284,-0.8998583645134401,-0.27291933901352655,-1.4409389764390443,1.3530347867370947,0.6362572052079716,1.3305226168298048,-2.0012973638060916,-0.27807212261791153,1.797277072586272,-0.09349326834343186,-1.623293936521202,-1.0843103522777062,1.2903352117769056,1.64901802247547,-1.4431743976481746,-2.5935636983850645,-0.1202827918895581,0.9272722241715421,-0.24704233074631748,-1.2050568486297433,-0.1935255430487735,0.8703093829567318,0.7744532041489733,-1.530915636345275,-0.7178829816343071,-1.0145002183396152,-1.6573822581429558,-1.619972517964694,66.755
20447,0.5369287558337609,1.7215629434634963,-1.9398059994269665,1.3699915367832656,-0.07249846983671207,-0.6066821063866498,-0.04799086294244001,0.050812033568920584,-0.5983054644260242,0.4937938206920442,0.8793479001856537,3.0579698568717806,2.0334163234238303,0.4965305820786976,1.5909272616246877,0.5000796606454209,-4.30585610281602,-2.9824459103832894,2.4356443153130347,-0.20879711482693714,1.0759738678059811,0.6888339778496664,3.436073700131099,0.26000302299934597,-0.7322870653921976,-2.6698683690271072,-1.3754112754036356,0.14862487438541727,0.48814149292407494,4.620777676271012,-1.6480907995244856,-0.23989520937497621,-0.03527118493890919,3.0365840312532035,-0.6495136712245448,-1.0324436042465452,0.1214648207841375,-0.900402602120785,-0.9817353542006283,-3.2865174234245207,-0.4710197847453107,1.899869191373839,-1.3151529695820743,0.798277344023742,-1.1012974178609278,-1.301532698198207,2.586953603478629,-1.2404306442357214,1.171087207543772,-3.673594977932006,-0.16249237560068822,1.8038678558007823,0.20515313678466968,2.213211273176204,0.013231849974699422,0.24509317359615068,1.7053763100415686,2.5070695811515575,2.836510546149648,3.8443545043925997,111.036
20448,2.1859431032569807,2.562984147085697,-2.626819661319497,0.6878282248286491,1.6490870172921799,-1.2236880187703383,-0.031210943282205916,-0.47502182605795484,-0.04016312936508233,1.2695735665429155,1.0487745481039454,-1.8649562996891027,0.864892678636563,-1.911771401382225,-1.1793348512665314,0.5352502878304755,-3.931988742622288,-0.9955335362178485,2.33063291636042,0.8500546327963622,3.1415933467189934,-1.8768945862281432,3.3479048398086557,2.1695086896359195,-1.96648205715492,-0.6306879383820327,-2.849673324072711,0.7750046261717151,-1.556432745553908,1.0616317232999997,-1.3231109262176297,-1.3585987172960763,0.22971455776187544,2.1676179106933313,1.290749135909709,-0.3720877087477267,-1.0016661770500386,-2.0913541090540533,0.022891093883545627,0.7524782493426477,-2.343270096497042,1.164353785139221,0.9521716096936936,-0.2512806276263266,-0.5092181077092879,-3.337169210611748,2.4151110322900866,0.7510603593045533,0.6735352539662891,-1.6259074325971086,0.7295953702759576,2.796165494933421,0.24804329005546816,1.8659143376161071,0.8034101726957231,1.7227176764091587,0.9736927999498503,2.137387199799074,0.9496047219589823,5.399490222223501,112.422
20449,-1.1201752665398765,-0.37875766989894455,-1.3904827585131372,0.1050336065734724,-2.850461879131078,4.329374795417114,-5.511436505560192,2.505113297507681,-1.1457474553054159,-3.111644334147733,-1.1876953498333764,-0.5269345937352439,-2.161351472100083,3.0456344678963507,-2.1751024033414343,-1.2995877168324919,7.018665165347407,-0.14513704234108693,-6.773082948677064,-0.5478438856952095,0.5010525431862678,3.627420053224538,-4.9639628879738416,-0.30278777293203585,0.23125979025260374,2.319852406291317,2.1667736745910404,-1.3586314593920927,0.31822727573477255,-1.1151234119287365,-0.6259138818789501,-2.7314833602677075,0.750246942590288,-5.6002143893663785,-1.1630565215221107,2.141937922198879,-1.5193939334824993,0.8298068890926147,-2.064177342050105,2.6104890743785227,1.5179895647532484,-4.508752045066143,-3.1778689732373233,3.4950346297789023,-2.119940683541104,3.8279692362624016,2.904799632661247,-2.6477804538379353,2.9476145881305587,5.552883683168859,1.2575307895988437,-2.453635418285093,-4.692253820716422,-3.1232718727932123,2.0408242213850856,-0.9059806723357222,5.357360015285434,-3.3699496510361446,-2.181363896279912,-0.24545947879519703,11.545
20450,4.474441272192027,1.5308395824916696,4.635189772335927,-0.7866508481136937,1.134292369924585,-0.6719770051828275,3.9769460046068312,-4.611724676931452,4.201287363330665,1.1550627825089912,-2.0192741369408163,-3.5648878427167148,1.1462376323741261,-0.4440652875308632,0.057892648025635256,-0.010650515079619838,2.978549353754527,1.21348591981988,1.7667352240272565,-0.22661813001948616,3.8306331024040157,-1.0331316375553763,2.4905652900323223,4.415289205834571,-4.064566098867091,-0.6602281504825974,-1.761232355996124,-2.007443331155218,-0.9730230172151986,-7.162571168178633,-2.379248760673314,0.2147907524692842,-1.6601021571798726,-1.7114665047587936,-0.34457130567893135,-0.14209933640066288,0.2752859215793723,1.8643517242752656,-3.521355136103731,2.9990869201869357,-3.2566885151246012,-0.42634288819570576,2.695614563894623,-3.773999084458989,4.18128313880779,1.7043018693375167,-2.2792097457098217,-0.9280191901525304,-1.042632999017054,0.47556964432127197,0.4875296705575977,-2.459454409113276,3.196929130727627,-0.8489115885191099,1.0879574032750214,0.007259733276184205,-3.566776178756533,-2.3995335642210187,-2.5582956312286322,-2.0223074023592584,131.082
20451,3.485508972744638,3.143157878962322,0.49964310902035514,0.6737755970858783,-0.4675775712731879,0.9854399298535002,-0.7212920357793692,-1.6672444829104953,1.376304346550188,-0.6112891668885709,-1.129713129092253,-3.021501598040099,1.1334330585768415,0.3813413412996198,-1.8325781598941795,-0.44015795488272536,2.448294903549071,-0.6517812273376772,-1.3716178794290523,-0.18155911377313982,5.022304284308802,0.3696934185717511,1.362418119469962,4.535610654499431,-3.348066439943098,-0.5798467608401894,-1.4739754444804332,-1.5949739789635304,-0.9253987202522805,-3.693669353229231,-2.6115511023069167,-1.7236165573296014,-0.8152114897079917,-1.5104502514953984,-0.9437246812771928,0.8078962236556492,-1.441677645238236,0.27388950497107245,-3.238138565886689,2.6375140433984074,-1.6890517156927933,-1.7937913169452742,0.898340987718517,-0.8020960074616411,0.90271888528558,0.23188532663349573,1.4600570869155622,-1.7862261405979762,1.6931026372748357,1.0297586456829346,1.211944657390925,-1.8051446861791727,-0.554268438479558,-0.3016553511826068,2.319466472767346,0.8563646126499811,1.600634113635646,-1.6115863704402316,-2.0330062453403936,2.7001015523117298,107.078
20452,0.641598026578297,-0.47587630904704087,2.823644374368961,-0.43679672581850276,1.1619900404507255,-2.828663472837046,5.070195960184289,-3.4393713763564366,1.1016694105163563,2.430235460318125,-0.19713622137747774,2.580600955755463,2.3494066637028133,-1.2799074427866524,2.421404257357705,0.4234767443787186,-6.007952249391582,1.2464474115715092,5.656882985682206,0.28452862520924993,-0.8497981282954182,-1.5774709515486434,4.040139842330604,0.20358911398613497,1.9185724917986924,-3.436106123777853,-1.087267868342019,1.0101658035241923,1.9275276700328088,0.2696109617925687,-0.3105373665799388,0.7982920427219222,-0.2491943303607566,2.9687307710182846,0.13379457761030783,-2.73024878694734,1.0514329368240005,1.003294888327846,1.9032354866691659,-3.9427755939939497,-2.0939675344185824,2.20517735197367,3.202142365325923,-1.848285915680974,1.6940069075393498,-0.8744538557988639,-2.949818536620032,3.2078801799042385,-2.3803599822568087,-5.177686322121519,-1.9852834739898793,-0.9840833125713339,3.2469711934841308,-0.17043309301830542,-2.1113870182834376,1.0406112360165356,-4.578723072570372,1.3832923940498691,2.7794726894369886,-3.5999168749773087,138.734
20453,3.223149659636487,0.9713896803401151,0.7936010097524656,-0.6918493150863997,0.15017088268272358,1.1188819144964668,-0.12845282327486063,-2.0501642403763105,2.325427786407808,1.6391872979752367,-1.834141909896248,-1.068459444426357,-0.32587335536240325,0.49555749211264755,-0.8126799031504248,-0.45122303196361907,3.4706071595789627,0.9100320910137242,0.6945925329706317,-0.13162354200952406,3.675519333584058,0.4568863287151427,0.8615965591489115,2.484601835902095,-3.6151402778292923,-0.6121360909114381,-1.4473138814865374,-1.6176479716670236,-0.7475651732789508,-3.5187821883523855,-3.1923038444441114,-2.5615060112639654,0.21172171995813008,-4.010146115347016,0.4500432296799658,-0.6266681598015663,-0.30975180328937046,0.7146917097539074,-2.740073769488215,3.2635051753935533,-3.722777533587413,-1.3371127992346556,-0.3991152499357966,0.3611091218396913,0.7777680974775012,2.9034576306326083,1.0341048922475404,-1.6176967445304415,0.7156295223136032,1.3724266014122903,1.4908462761242638,-0.5925276888923001,0.45756908577750616,-2.3782145997233766,1.843040155121538,0.3465376003295411,0.9997970191582787,-3.065459056467591,-1.0059692681571524,-0.31178883185407746,85.847
20454,0.7763657548245322,1.5153512147430424,1.1337938373113585,1.9177992592466946,0.5294231963749512,-1.8315221579949725,2.7930710288020095,-1.2299290417649547,0.40740989503343245,-0.6197458021174108,0.49289788702694526,-0.3320015592871235,3.318145271976653,-0.8678959609582412,1.9017045257917566,1.1749515647164046,-3.4113095954805424,-2.683110599083039,1.6633733845515717,-0.8140824300917028,0.5284543032022566,-0.8897246248507996,3.317353669073337,1.655656636913055,-0.3312675207439334,-1.9811816755818292,-1.7089083162574907,0.42569932650693737,0.11367225091592273,0.6652684191209525,0.9148288744862052,2.9812606532861206,-1.8394292385878706,5.405669016932106,-1.4167159237192908,-0.2517119787915857,0.642697745883433,-0.060128638409906045,-0.9046179310909481,-3.191567265756787,0.7118246725950572,2.3350767180846224,1.3280579522849045,-3.1250626148335905,1.9806016681404837,-2.9220537088881846,-0.7701208803907338,-0.9529897416283835,-0.6076797554695962,-3.541370182834808,-1.4372658540121408,0.12430269525809676,1.509818047207523,3.635649792012541,-0.5614790719260331,-0.3351105148417845,-2.0398309902150396,3.0185260948571715,0.6668855852350114,2.717940070050133,130.772
20455,0.5109907683234504,-0.11353950330903853,0.5418904107764562,-0.20478118505173465,0.31032663412072836,0.11368205480757552,0.35858763160682516,-0.6711813554614585,1.2436071288678563,0.9999629213898412,-0.46392013657835873,0.5161459358204287,-0.5168705007528703,0.5891879434912235,1.0879256462077624,-0.24255916680232106,2.6145759994856164,-1.1734867343345006,0.5459531372405634,-0.4381968303511183,0.6136467788374339,0.586958405062535,0.3918048098686767,0.2623578321450716,-2.504188574335582,-0.14820416809845696,-0.6654209030723157,-1.5188289288656698,-0.6483165215819646,-0.5480737022275217,-1.1281491419741152,0.3100663132465459,0.08283680547820005,-0.5950797696850805,-0.31229023289301366,0.0755286182533549,0.9786059279573263,0.8155390131297149,-2.466284691471358,1.2876713659704864,-0.928614253734408,0.6790580150561659,-1.745455977050256,-0.17659672608935764,0.4613753814898635,1.6616662341426254,0.22525656241844885,-2.8790098434822773,0.158901469634894,0.03302352110816538,1.0825050851189413,0.9189672569600676,1.1668685622104256,0.52087443039967,1.0436417022279743,-0.8093574092166849,0.09563325026720909,-0.865529073595418,-0.38402975164369363,0.3937585703763195,70.114
20456,2.4273410175331254,4.543332608077512,-2.367281026951924,3.0776612778065453,-1.5873604671192916,0.3239791022599163,-3.067368099607348,1.2931303711216533,-1.5041962045812758,-2.732637607875738,0.958011132674249,-3.395966069706371,2.666602413187743,0.5267905428607583,-1.6497349357400293,0.2794800253501465,-1.9304081737031498,-4.859126919776278,-2.8325308657225015,-0.6069033132801858,4.535528987285142,0.5231013589800353,2.183474691226139,4.5235316711321625,-2.0725681014715374,-0.19506256778481643,-2.2068298824956525,0.01974599602967214,-1.3161187758514759,0.44368201612427427,-0.7337474764860953,0.23779517786736354,-1.2217009343629945,3.833614944740766,-1.646265563131928,1.554536089460915,-1.9334071148587892,-1.4054615073535623,-2.478432466405593,-0.40971661495346423,1.0398010425391893,-0.2510133926974151,-0.39977345158481625,-0.41430765483017296,-0.02336883755717467,-3.8523613529732805,4.672471519990335,-2.523015217662649,3.3538584218554957,-0.2623323934832938,0.4605334531866851,0.6229716169240536,-2.3643396061703603,4.633275716990401,1.7505963839586045,0.9761172510995401,3.7144154962510694,3.056052703302926,-0.2378358986237861,8.89321869096476,124.834
20457,-1.6473865894819093,0.09689390017588519,-1.1558434722083073,1.4791250083006273,-4.216715147236287,3.3005569723371075,-3.583783662136789,1.7337923531302413,-4.018327857178356,-3.8027515282193582,-1.3886710393028423,3.8880808541529954,1.194294074736517,4.132453434605785,-1.5250137990533594,-1.4626798562006158,-2.3843674511844015,0.07106942031912304,-4.080669126074849,-0.45177779388175093,-1.0675278822353411,3.566451006128238,-2.630688177470529,-0.0530511510975665,5.716559477906691,-1.8585436131811968,2.3858461201020322,1.238452660329064,4.605686514871834,2.7458347952279443,-0.4190348074093537,-2.8584586145112896,1.2567054871999044,-2.6724393594236795,-1.2226754972516571,-0.5345671195736272,-2.7434916192305057,0.8230227436638917,1.509886700463473,-4.997889554837733,1.8173409009249073,-4.062848702652183,-0.11139198358517377,4.167470359313666,-2.249047902901535,2.210101848736273,2.8156892053460045,2.278894457745479,2.799605626291836,-0.6402732999256583,-2.205814269607637,-4.907169524598933,-5.036286100401547,-3.5690403758506006,-0.38703082212191847,1.253834609437961,4.239641054249728,-1.0402215567612239,2.5103579402883107,-2.7948238389730355,59.451
20458,0.740306780739254,0.03197925569628181,-1.2872333439163395,-0.4208289382680351,1.6154865500108024,-0.7344748197846553,0.813863950288351,-0.5414536713406208,0.8615007133963504,3.559153664788347,0.3970506933517922,3.5866149383501518,-0.2240011715302118,-0.5774620244382644,1.3243335071662186,0.19763421867670913,-2.1137040167002836,-0.33280416264196977,4.25044141134465,0.346442917980396,1.5358216551235766,-0.32871937064162426,2.535575099084412,-0.9895514753435458,-2.2993396134191517,-2.1136717304670536,-2.0003344473722766,-0.8334565900987044,-0.043660786272981346,3.1696134560745306,-3.1593523091316147,-1.6279245861333433,0.9854350010150242,-0.45409933043771544,1.6163091289450167,-2.4620933334777,1.1339477609766566,-0.5575949451416666,-0.9987957628498514,-0.8577986863445102,-3.594691124121605,2.053534302405989,-1.8570527847517129,1.556189638461401,-1.3303323491123085,0.922302155814344,2.1301928870588545,-0.9079766728759581,0.21647038451651462,-3.383053062868336,1.127775169838844,3.307950121421499,1.3027963850935087,-0.41358121767565087,0.5650418668997359,0.4093367038994579,0.7198507338350135,0.1490167027715243,3.2855545282256298,1.3293573488180481,79.123
20459,1.5326839095533096,0.8222162397076376,2.718332674803604,0.032661102083749394,0.13840078994785135,-1.0529976334048319,2.972919205957596,-2.423315683678539,-0.3494872272287167,-0.5601621003034051,-1.391551063112865,-2.0975476372600887,1.4890670558400363,-1.204286172706741,-1.3332290818987462,-0.23739203672618503,-3.2950383240661627,2.8423409148069134,1.0974481047547056,0.8596321801440037,0.440964447853789,-1.7866413590117813,1.2108645566175098,2.1353874351340307,2.754761753170909,-0.6541593342988983,0.10277740455050312,1.5012849649811697,1.4887349253301234,-2.9482639444061074,0.7312590049269145,-0.06317033191620397,-0.5900727982910627,0.4935393764807176,0.5083780714447399,-1.0500766376265651,-1.4299908181901442,0.42227376274635825,2.2097422259504165,-1.6503770836993195,-1.0022372347237747,-1.000806850375746,5.244886862191089,-1.7110355563053574,2.0300091790288,-1.7499811479321197,-2.487046708596768,4.683007246296235,-1.3466604020995487,-0.6065746655757238,-1.853826496453711,-3.5239480018036082,0.7731468171444351,-1.7761250199636307,-1.175903419961709,1.7276336707471347,-3.549771728830251,0.5600594569042863,-0.2221626227265262,-2.8566229116417032,120.701
20460,-3.537788006511867,-0.7778935263530582,-3.0067515092634265,0.9491443516325118,-2.0099706020058323,0.9860516953594254,-3.3207345249497924,3.551121352120895,-5.548792203998628,-3.740665189022734,0.8245793983335907,-1.029738441319327,-0.27055269902229495,-0.2815267840130748,-3.3378244822969374,-0.8918234253337969,-4.536915761997586,2.2087934941938268,-4.475439613726355,0.8953981693684778,-3.2719600300963747,-0.17657371145870104,-3.815603523887862,-1.8180868415323812,7.397613370672078,1.4178865923857056,2.390717941798845,3.9181159982352485,2.1914440503064654,2.069657151815657,3.8742666183366863,-0.9188782593971218,1.3037958927434883,0.8567061800731038,0.4273840044149293,0.7616863518045742,-2.5113955231832747,-1.5189479668153878,6.131470450515328,-2.6978667135108294,3.7238671043263256,-2.128422637819082,3.4257272229336997,2.134650459148984,-2.1002044401887794,-3.6990559568490244,0.13198611153647055,5.899607252307935,0.5479475723987254,1.7600995136835196,-2.224305093587454,-2.405543385558535,-4.680245978525925,-0.8617403432682272,-2.037022749716956,1.5530497804060035,1.081776797105007,2.034816421664513,0.42968027561316735,-0.5485455826142496,35.365
20461,0.22761945115673904,0.26619102176951676,-0.8713122407053766,-0.26840993258261525,3.225311728172589,-4.097461861910283,2.3338216994346475,0.07510440490582296,-0.8021449734283405,1.0394358836497992,2.4417292210933064,-5.295090221678641,-0.34661343689995117,-5.2115269608811134,-1.3113095563174422,1.2360381649410714,-5.181537670784937,2.559849382046364,2.839479437869254,1.4785538073419175,-1.5750803754308007,-5.203794577959433,1.2323087840647469,-0.22551488856881835,0.6796709783050789,2.2446538795745252,-0.940664063278754,3.3089378248263697,-2.2851444473803624,-1.0315181025849127,3.8610798238342636,2.7173764463229206,-0.6736105087497528,4.977066151849064,1.7021706834571548,0.4947372213638987,0.28830019902294446,-3.268334594319691,5.020678138110504,1.6435259535810445,0.7349795744449474,3.1467211129284274,4.171501174407838,-3.92446883993648,0.8955468111951899,-7.2927953449383764,-3.81288573404266,4.492126310225131,-3.1645453735990823,0.2822744912405055,-0.3090485766151184,2.9313135185265335,1.8212912839494382,2.885666332799384,-1.7248515829764641,0.969044690366335,-4.433549275598957,4.20100687938331,-1.6532247516523473,2.573954530015486,84.73
20462,2.208450099035654,0.752231774390135,2.1607223217948337,-0.055072211443686736,-1.4587778453402473,1.4794192810536422,-0.4719511569062248,-1.308983989050149,1.2573092658840814,-2.108323029226076,-2.042959237591585,-3.544844960374288,-0.15664101933019736,1.347265147391015,-1.5347908791283773,-0.5621584183001442,5.5672360943262005,0.8276272294713444,-3.3434460340963867,-0.6954646113355953,2.329226038347391,1.024192323185821,-1.8612034674378024,3.158642190492762,-1.2941613468554796,0.9849702384243133,0.4102884718084704,-1.5078427832450563,-0.20630533379936983,-6.172985106243777,-0.7652860207209476,-0.3074994764832186,-0.9809471089929935,-3.630775330207412,-1.300293260899164,1.8271105477801268,-1.1634879755992946,1.4994974487067647,-2.4614948759392443,2.9588411752495976,-0.13303990829294018,-3.2721691185583115,0.9729077051746393,-0.8176270422886367,1.9973503968282436,2.5655810025922143,-0.6218768025676773,-1.0030492581496082,0.5564279022610251,3.366372691641472,0.41575697736789624,-3.8422837753735424,-0.4069983348049007,-1.6280672218387813,1.4473258220727034,-0.16746868102539872,0.23366007576737663,-3.220077066567137,-3.302701867107915,-1.959167447851726,79.073
20463,1.926948584040174,0.706804713917599,1.6435827503020854,-0.2201596971100346,0.9670635580308344,-0.5576029863967625,1.5172089835735694,-1.921029369530289,2.2562347149232225,1.0913726050123171,-0.5104728707041972,-1.310207312470748,-0.0006163702848797151,-0.004228737047211967,0.6097521303361259,0.189185030096476,3.0782159146139136,-0.73252354355017,1.0688923045239416,-0.14189607407854715,1.8321943020371156,-0.37718116513976185,1.5716376787589896,1.7250282396691536,-4.01473240491187,0.2644613039524544,-1.359928284254705,-1.96114580564599,-1.3492622881538396,-2.2416455533471766,-1.5955121878826442,0.20018769696347657,-0.7602876199552839,-0.2066876412462464,-0.2241450812545143,0.11614331063076383,0.9706475049674138,0.37003835888829884,-3.0222759277220534,1.99973436197455,-1.6682599095747719,0.5691113717685657,-1.1469230866929363,-1.669977001520125,1.601165442893878,1.1129017094343159,-0.6954924906207497,-2.287575160597727,0.0059444741247447475,0.3549656041740735,1.0555605984665646,0.6118814290421786,2.1720249252884867,0.634361723170912,1.3226684617325957,-0.5952945372439178,-0.9877664287973941,-1.4224893510673198,-1.4651273847731228,0.5932464561609067,82.656
20464,-0.15658372897122141,0.1524616146083786,-0.7681149996299851,-0.2337799028025908,1.8164202006905006,-1.190224495105213,0.4594447585742638,1.030722739217845,1.3855048847910352,0.9196644144030395,1.392376224006287,-2.3410583881304605,-0.7610506987624536,-1.7740394075084724,0.45440019699964695,0.9362306775371918,1.9257304827413417,-1.8067386419637494,0.9950155327830583,-0.07136097175356024,-0.06366703754997177,-1.3928930850271675,0.7555970885892924,-0.5235477423682211,-2.9734018455418436,2.071312720751211,-0.9545525330788865,-0.8238800073260114,-2.9591988883704126,-0.5880076318140406,1.1890292708347938,2.053021726617543,-0.803394611410226,2.260985540297197,-0.06823323406143741,1.242837484082246,1.3233860111283176,-1.0138561611773462,-0.8484394293580417,3.088608240132661,0.7509685685588159,2.6095351386119314,-1.2260573485029682,-1.8561032280628929,-0.16562006708740287,-2.099791492123133,-0.8169774197476184,-1.8396980565957266,-0.882687490825155,0.8092741004301391,0.817697824375048,3.23835406052963,1.617722949758995,3.337952644979903,0.39247459358623005,-0.9333261258326607,-0.762593334649735,1.1953682231981013,-1.7911231419416047,3.662089980595417,63.617
20465,-0.2459480905314899,0.45951814742896313,-2.4980323030835065,0.5071031108488101,-0.5360790874043171,0.6186372351714226,-2.1400142108326268,0.4607130944748844,-2.7306076806628385,0.2933521808039623,0.09384366202676891,2.4538740680872433,0.8744583321421311,0.2235618014461763,-2.086464111427868,-0.935541435027539,-6.441779707198064,1.3853150823091147,1.4225194094156204,1.4183194158429324,0.7570558897519475,-0.3094227963308883,0.9597938596321637,-0.09402226200499955,3.9120685572349574,-2.018858295564903,-0.3582798478544327,2.5204693861756,2.128400166403571,3.70654961144002,-1.2720630743279213,-3.551732784195947,1.6023687922653558,-0.4692969586793126,1.4185475195669637,-2.4237411763319674,-1.956193427052272,-1.372270248215753,3.294155043068243,-2.808361633395505,-1.6258981137018227,-1.1223283479968225,1.9020747223515677,3.4836878115261913,-2.4073758646161494,-1.1777236284324346,2.498449588351887,4.89323127577164,1.3203600411366743,-2.3514080927083607,-1.355355989197816,-0.4876897802439121,-2.3259899314436066,-2.6521758891668137,-1.0882763097533035,3.2037027944280236,2.2639055329911613,1.0806980335969567,3.661703781894862,-0.11824037392259248,88.827
20466,-2.1241666087785904,-1.71429621244308,1.223078740268864,0.13790547117240237,-0.6413785761982342,-0.1170310750121999,1.2206856115489928,0.37828485329440553,-0.2719060597931189,-0.9061187358574337,-0.10278890461334417,2.4235329654699407,0.5704582130666686,0.9867782627832927,2.0335898859239894,0.2724345229514704,0.025703658954458336,-0.9401515125535723,-0.4008796271447534,-1.1323312865119033,-3.123090114582317,0.8265866888618716,-0.6462400943101021,-2.0505194665729936,1.7500621966404082,-0.42441187198765973,1.5476269171740091,-0.8214157611826339,1.2069423423438397,1.699981407001561,1.7105933763369752,2.3071336425592857,-0.452620726063721,1.5093704914777943,-1.276458841430209,0.23310383135769597,1.0541690530752272,1.4167064638538087,0.40978898645853434,-2.973170153502354,2.097677225700795,0.2969423740436868,-0.9815830382659927,-0.38398176715489646,0.6967463752370503,0.9105852374012301,-1.579385288026453,-1.2626954412796096,-0.8296226246236196,-1.0809788299968472,-1.1611784616255287,-0.6814304270915619,0.49604409604083277,0.9603574611429994,-1.0183792129425602,-1.414714202566207,-1.3842273569534667,0.4917028889945564,0.9340314277313317,-2.410132247299609,65.926
20467,2.6486126780093784,6.458216816403741,-4.7890932941764195,3.705681323578828,-1.21819606978135,0.29078359989563846,-4.311463575016334,2.105450722517034,-1.8817737950223608,-2.8058682830282318,1.84057873446694,-5.233074445528736,3.0975496541808627,0.004863882122733698,-2.6524232452343877,0.27803296626137564,-2.2288100616812105,-5.3882909964714285,-3.008872478337721,-0.415019852836215,6.19404985101,0.1294544106494815,3.2439721331092817,5.096013748585581,-4.072893566439761,0.07910394640978152,-3.721187106506028,0.17588238868252037,-3.019368346212315,1.165564811473072,-1.513173747232838,-0.5441376835462791,-1.3656402260993883,4.37470431241067,-1.3604402954596786,1.891911093679463,-1.7424101202203395,-3.1270236400404903,-2.9303932149909806,1.6057080586110526,0.9865979742910209,0.01566810638895022,-1.0026596120965345,-0.6673792534507352,-1.5136513513247558,-5.456822526630439,5.960223766147472,-3.4631293028398233,4.600564457824744,0.18423202631058438,1.0767054371107054,2.406822984010595,-3.0070466311073387,5.43392674487668,2.6544545548503846,1.4342942913270804,5.69797256657484,4.161356097852628,-1.0176009687184102,12.885492115522066,131.898
20468,2.092395451809872,-0.6699653060257682,-0.5394667489745527,-2.2807840685236855,0.21889864826997435,2.6683879489715707,-2.5202681325834053,-1.2482280207778422,0.7016886511730722,1.7449570175374112,-2.039183216943574,-0.21329389963416875,-3.015350907989461,0.7568335162021907,-2.8958299805335104,-1.8783575821020921,3.9197280282886804,4.398566265572261,-0.23662912927614266,1.3792010573458946,2.5514766807307105,0.8042239939104189,-2.0974658009365013,1.3434181355463337,-1.1336921558623492,0.16406611686198305,0.6002014212841787,-0.5255584735663715,0.4983032393831446,-2.838935890990306,-4.34210339900517,-5.692933330055883,1.7565260021183111,-8.364537661360243,2.3860832436571138,-1.5080463544115437,-1.7282707823729124,0.32529187568542695,-0.3568541789897306,4.1695374330375925,-4.736973471090297,-3.631765413695057,0.7299424151823785,4.022279430877531,-1.3457861107297984,4.803001332558807,2.0106378330718697,1.8038622034949128,1.0986066072072944,3.2509132664910165,1.91569595047841,-1.217229030455356,-1.1875308168849728,-7.332492674032544,1.549480081989051,2.00585184437929,2.529719649711139,-5.101620816677949,-0.04989543079605954,-3.252044968161291,40.833
20469,0.45233724186483454,1.5362983701585269,-1.4408628311562084,1.0977605750032355,0.06765749897231174,-0.35420506872146956,-1.536229830079801,2.3786339017015465,0.5189791384155997,-2.003108737401766,1.4539526691861198,-5.056162303838485,-0.6268209314050519,-0.9502553082066384,-0.3981354138520835,1.1138118851241716,3.4378037858640322,-2.5108070100430395,-2.919305384014002,-0.7869049912873296,0.1371199686276442,-0.7449184587442296,-0.7359770068996607,0.7645066309078158,-3.1087997813066317,3.3635270190679973,-0.7996701973873875,-0.9936792473519389,-3.541775286586293,-1.0978078851513757,2.1362726306200965,2.7288776481319266,-1.109065082411063,2.6334353410920586,-0.9718076272362471,3.455465614824525,0.45837704464242346,-1.344141055502304,-1.4055154875007407,3.663332753297876,2.8502870531709394,1.1848033499850459,-1.7722803992968095,-2.3974149885677263,0.04278424440213628,-3.314419230866096,0.35149570373558775,-3.947915222177404,0.5082194450511675,2.9840057730768725,1.22287643746665,2.5358506044873317,-0.4509179806518616,4.782599034919042,1.4738218290042695,-1.8385214011106625,1.1730777351024597,1.7735281602632476,-3.9508155343957863,5.860702947483909,51.821
20470,-1.0029935850652882,-0.011751640784832602,-2.125077007517735,0.09513679816718369,-2.8680257920498398,4.076734930806455,-5.253276441465153,2.2967023366534014,-1.7155101295875483,-1.73356802392671,-0.9944760238515451,1.2212726282525075,-1.6487193058130978,2.9705363929169453,-2.1024123551918863,-1.76835171596857,3.915275614697707,0.14579428738426292,-4.91440125288325,-0.032389301051403856,1.4057938475345857,3.494038383500385,-3.710177951755297,0.06576427551783812,0.7193268709538655,0.7003432022304893,1.4397951526069908,-0.6191662329264231,1.1668422190291736,0.9710908295490459,-2.043948165555698,-3.9921249267222993,1.4466763377831966,-5.792783880808475,-0.2353708375333386,0.7558367683955304,-2.2685016960430846,0.03748856113509824,-1.1702093537895333,1.3459590352177009,-0.0421538176311248,-4.109957346036895,-2.5797787955102476,4.516803605231522,-2.4752567460665413,3.853378216092446,4.09052602962488,-1.034680143456187,3.190453589380001,3.179364622513139,1.1203856296895842,-2.0904771330649723,-4.347457863618141,-3.955429166042432,1.8285022080645712,0.7284506756498661,5.954158484984853,-2.8579369163763944,0.28476276750360296,-0.1305541840895648,21.874
20471,0.7569162915974711,1.572029946079863,-3.459463107042402,0.8305632523786461,0.5030419687331195,0.18750157871841655,-2.3632582201831007,1.580965023211347,-0.49387834054047736,1.0632534624854297,1.2829875391654793,1.2754419187768038,-0.22529768327412775,-0.13270498233010714,-0.5371674327835246,-0.09908838439953961,-1.4154236223633536,-2.00609059786667,1.3288792224959132,0.14621822223791572,2.3110725877313683,0.3877982054660061,1.3220593598731127,0.26444847119754256,-2.094716540939792,-0.5588723301828225,-1.8958679318461,0.044262179895181615,-0.8793751728351449,3.586503777871158,-2.4031281592196767,-2.172997266570523,0.6990319684405356,0.49391737255621326,0.8590928237893983,-0.7871713088140848,-0.12210976008945354,-1.7968758777473646,-1.0605565844593559,0.49850025778402063,-1.311883456399824,0.8251976835897785,-2.6825131807344187,2.0208603739236977,-2.409031503764694,-0.6793372481724228,4.281499687255663,-1.3698758381241514,2.368689301542003,-1.1251855667337178,1.6210192207477983,3.1632773638424543,-1.0689450577698763,0.9532154952627946,1.1891702363021412,1.0855365267607449,3.604978891700391,1.0676101475789912,2.31533316058008,4.941101834481199,73.192
20472,-3.573321306396977,-1.7127980496315163,-0.3155551887906948,1.1243956489082976,-1.335456818156073,0.831888471750467,-0.32092402838510686,2.222777518701669,-1.001011184236246,-1.743309700729994,0.3444892721933696,4.006743652508941,0.5264825739641716,2.273885602357422,2.9041290356727845,0.23534279115836654,0.6311125244491531,-2.921055149772636,-1.6302919580645554,-1.3288607795192746,-3.2629209632114033,2.4561441147228096,-1.62142215798978,-3.3760936686580116,2.1517394089165895,-0.15174366608698228,1.7806361812473268,-0.5069644240575699,0.8881847943260864,4.092469044103073,1.8271830840842171,1.8086913021553508,-0.06602218082855277,2.183894889290019,-1.725360130718687,1.3713329304918678,1.3475703785519393,1.0095115008936184,-0.45403094729181015,-3.3830785274000785,3.8626625214219796,0.8705340102252346,-3.7819699043039394,0.9010448890077308,-0.6292189538362093,1.305877935768407,-0.14420807256474613,-3.0969550562069865,0.4392699277571284,-0.9338847796671697,-0.9581382820419219,0.4163222073671277,-0.5972143365769729,2.1483981589166894,-0.6500653161142255,-2.2253604722796134,1.128230202036961,0.9766044573552386,1.2645281036959508,-0.6381538915105045,40.182
20473,1.8843981173089284,2.064955693355634,1.2834091370293086,0.9254068907294516,-1.6619960231437452,1.200511635488004,-0.07596385429449258,-1.5745141642902505,0.9883289683929563,-1.3978272510325431,-1.8923500017120314,-0.24741749986078546,2.1729975164862814,2.0535516481769402,0.31631203470390856,-0.39039436702981656,1.8708171563066525,-1.9976253023873134,-1.8744140531930653,-1.1634479129457707,2.9953635677179413,2.055424658279007,1.19234802190289,3.0030892271780467,-1.4135246332129223,-1.6565865722811668,-0.7617009911100786,-2.104689813579565,0.5912142323071916,-1.9567507282442416,-1.969443686051531,-0.9166552112023562,-0.9837929356957879,-0.9678112861105038,-1.6591381197555943,0.3978143600359075,-0.8114164937714137,1.5224857522322244,-3.5455006113342216,-0.38877293392844503,-0.6068088604178208,-1.46005298465881,-0.35610606053254956,-0.2554130802706145,1.6321110212791292,1.9822270708471483,1.8813284867905415,-2.0750310945366506,1.26014874522547,-0.30117798182627054,0.01171709333249274,-2.278093962791465,-0.5489414104194634,0.07076157222511462,1.303558040114741,0.14418502142822293,1.5465918430103387,-1.6201283796773147,-0.5355023977393848,0.2204397212485486,113.11
20474,1.9503248375032962,0.7917582156932667,1.7971233626681502,-0.7304404608083787,0.9261249750512771,-1.2801813608084516,1.7118640952597508,-1.6178886950098448,-0.4835880923162446,-0.6864547952635487,-0.6687196144963882,-5.265604702214616,0.6194789675079736,-2.3857878300850435,-2.996167049357073,-0.09188747860239417,-1.5823656684842566,3.8945973017115514,0.2160519455173701,1.450601888985843,0.34568370422432243,-2.9419120337339715,0.028190207496540498,2.5505118093266126,1.9486208041009854,1.4639110555857566,-0.18479553816839572,2.2804101546338713,-0.2972892408632032,-5.4460213313810835,1.663122424435484,0.5466443726033989,-0.41786662812317227,-0.09095618640523304,1.0663248464143402,0.02273622410191281,-2.2314198760228723,-0.19689653035668847,3.1120428388872603,1.6046022574603458,-0.7844032290662112,-1.059218756845306,6.0694774551798085,-2.474243076611112,2.270268848071769,-2.8305981217199716,-3.1686850734027106,5.004810403511609,-1.557353216579462,1.9169157010949938,-1.1698223546762037,-3.045691376169044,0.2286035752543008,-1.6405030330479056,-0.9279651850554899,1.838079339476904,-3.771162695100584,-0.11528142870456688,-2.771675555407288,-2.178303861260391,97.533
20475,-1.471590446832006,-0.7548607448730266,2.570354730818181,0.4938886229406526,0.9319578565127651,-3.6728564980078153,6.155004665432849,-2.415173498753331,-1.066296912849533,1.2095548796375917,0.22347220860986317,4.588831525747392,3.79974352668651,-1.467099097120985,2.887085594833553,0.5343548899602775,-10.9839212427321,1.162406506885125,5.838625917449573,0.4166790973197847,-3.8693303734614735,-2.5850406155760215,4.15755769462809,-1.1035958208062877,5.822478733788617,-4.432884352181156,-0.38584120619180046,3.186366916847423,3.4884273292875725,3.2493312151114977,1.7817354802182053,3.0601092136683783,-0.6582597522689512,6.132345760906378,0.06550930514752547,-3.3671487110221032,0.5551461048301689,0.7486571153218939,4.351716819273545,-8.695263504772829,-0.013616880695270315,2.7541395745363033,4.715134763414808,-1.9625688698277446,1.916208143096167,-2.908624771714626,-3.6433467171859357,5.649041410621619,-3.0571171154360446,-7.892138699459462,-3.7345497048405867,-1.6111277546117777,2.534042029004173,0.7585787729667028,-4.325256531435359,0.7879302329593921,-6.286344573048392,3.774333778210734,5.395494332997086,-4.1946808733212135,150.944
20476,-3.1079095623646964,-3.0478795064256134,-2.911057919296765,-0.8632951183310047,-0.8507229405552796,1.7657087246697776,-3.860861778104411,2.99672914014295,-1.9329071153084025,0.29558060412555115,0.5840571058003572,2.0691775389731983,-3.5234422416332776,1.11569291842889,-0.7034256531441425,-0.9650240374297756,2.6524951201285774,2.214759822829062,-2.2500004705285237,0.6839409627078088,-2.7595179152106892,1.3518345049879021,-4.895205195206392,-4.009761641697786,2.4045045178131925,2.061913206204244,2.2882078394220007,0.6190867215118053,0.48218764537499786,2.770074840364344,0.20837025467477271,-1.6977871221164373,1.8904745469875286,-4.4767652095352215,1.6201459447529132,0.34575085413675516,-0.43807961817434654,-0.7109976990476325,2.308789957941624,1.5323429139864615,0.7297050873292972,-1.3697476678583858,-2.389131234604055,4.435648673966878,-3.2441488341357574,2.3967021058585396,1.202569875142694,0.8597682183122575,0.7770242210071616,3.374503258700149,0.9882488228449111,0.49319107037407767,-2.7593427988034764,-3.433443237863669,-0.045872945238925586,0.083826157002261,3.1225164990596883,-1.6597793879786267,0.6332474671206972,-2.091761838873122,-17.042
20477,2.848534332281845,1.2944049543959877,2.592566208769402,-0.6163009932072817,0.21061581555876102,-0.652573319029615,1.9855371195073248,-2.829438428557284,1.1039440198923867,-0.14533567746327616,-1.6274559693435355,-2.6193013114783255,0.9428025166623976,-0.7970255544990646,-1.745688021240575,-0.07510543351784205,-0.056638147826363644,2.3164694839479343,0.7601149017517342,0.6552075097015434,1.7740337306814038,-1.0790198830393172,1.2074275043603102,3.4103305303046674,0.24612078473464646,-0.7375278819182727,-0.4997321841744322,-0.15221805108111186,0.5143953688360527,-4.715174354122884,-0.6107111792996017,-0.6137598447572219,-0.5176369723744394,-1.2164039248971565,0.012358727905455114,-0.6341956031097042,-0.8414609048274525,0.7174653104713675,-0.4540442899605528,0.952641987874234,-2.149164256082386,-1.2283745996633535,3.6542863939792163,-1.8363095364861666,1.7220886904249664,0.2210722841891815,-2.032166806259248,2.1193427662057376,-0.826804505490593,0.22721672518765867,-0.6406862196426611,-3.001075343606116,1.1960213110195905,-1.9056143382700783,0.15226804395687676,1.477787193791166,-2.228793683552689,-1.2010920003927255,-1.4995541390547744,-2.436740340206859,113.749
20478,-0.5386910834287204,-0.6223961819279097,3.4774566476639914,-0.08204742222610308,0.9369533933822672,-2.047156439387746,3.89353581461973,-1.1887939013939124,1.6768643648991959,-0.7589109193211976,-0.04250620954405428,-1.3185276218956548,0.7991264498482498,-1.0859499012379301,2.104462003158325,1.2265990111735392,0.4424879475085078,-0.8420170229546471,0.39916658638271957,-0.6582691346272979,-2.7968109380397803,-1.6762556794559549,0.9588376685105171,-0.34788311316003256,0.0779931476851244,0.28800778320003334,0.5482194067488265,-0.5502184521676902,-0.20935424002426034,-2.2955033608899975,2.8646769965302994,4.295623512841819,-1.788801156056392,3.4869488924398717,-1.70727068770317,1.3457274793295637,1.366118778090581,1.18211150689195,-0.07524969236036738,-1.0791348016657614,2.5808593051298954,1.5025848390848509,1.2927198788602234,-4.546904489995629,2.6010037853531625,-1.4200223664868417,-4.240246864063312,-0.9324638543635241,-2.6369312595096823,-0.7283781711205348,-1.154564549562536,-0.8118705494804457,2.576159930422209,3.0852637006987376,-1.2813230676101146,-1.4554524620318146,-4.917519415352363,1.116920951255468,-1.907519054036658,-1.9108716976820506,84.75
20479,2.296550467827218,3.1087030963800064,-0.8012643584171207,0.7470320212218922,-0.5214956434993407,0.5082508203394023,-1.4536558536148583,0.10223681743562715,-0.22390438589262138,-1.9600848574905576,-0.006027848726443513,-5.2529404450400765,1.1340047527629094,-0.6104886355966138,-2.650955518218325,0.1488010352424509,0.4639573267800592,-0.4505659374173714,-2.2915960685469785,0.17679921703318172,3.097791116568076,-0.8648293069123838,0.2795544377713782,3.9115703021288284,-1.2194903836192061,1.062704484326389,-1.2022755017337279,0.22413832811065518,-1.201172949631903,-2.6776997992592726,0.19689187073579656,-0.47229113766695624,-0.6781265761212251,0.45165176785646777,-0.15280475754116213,1.3490772113330822,-1.7056688960252249,-0.9885448261182558,-0.9496535175313757,2.232142467911363,0.41519105372972054,-1.1054940135822022,1.8063446170456292,-0.9592691768389734,0.4967934282867768,-2.4294336933017693,0.9330507523939424,-0.2238186487521489,1.3397662145394453,2.148908671599307,0.740233165943184,-1.0080549844163555,-1.2090146912576674,1.271349318654554,1.4140881603181015,1.1484842174737133,1.1600207263698095,0.4791302977987028,-2.556255883436235,3.8574756964777617,102.869
20480,-1.816638604160362,-0.5096008102268019,-1.2121126333634,0.6909362788639343,-0.6478765989664844,-0.60540008142083,-1.34340571132225,1.996742639125552,-3.365277901301762,-2.856048943486581,0.7434210042777992,-3.3449251518346896,0.12762086322402894,-1.3057105629018355,-2.4601734756719496,0.13932219102965424,-2.678124635255079,1.5464007325473994,-3.329679027777395,0.8393661740806572,-2.273456508620076,-1.672493539132601,-2.34519036093797,-0.2506003203227942,4.595031875095784,2.3483809551207515,1.464680544873747,3.158944427643626,0.4934097672142902,-0.006606082910404765,4.199141417594306,1.094167013365593,-0.2579517941914056,1.6944474599386516,-0.12342606370921365,1.643274926421567,-1.8594324667318198,-1.3986881531160085,4.334543204547956,-0.45103183838093514,3.347966344306372,-1.2007648398304065,3.614426089412239,-0.6980443018697202,-0.6414181389891234,-4.069703674487622,-1.4785784181348736,4.419127144328556,-0.3595221433294639,2.132932684028353,-1.6359698889985592,-1.7431042537872046,-2.4828058369963957,0.4511414965589916,-1.6305468353184513,0.979484191708429,-1.0485470172256621,2.07353838858754,-1.56049002053659,0.34123663707081775,55.343
20481,-0.5390764018894031,-1.8961414769780798,1.6252831407490693,-1.2329630083807521,1.3116290006557316,-1.4475174149487107,4.133854627014359,-2.8392504441014728,0.7426176466176733,4.286673043175629,-0.27249621716851175,7.222363766101394,1.4315215415606584,-0.3363374122694908,2.7869027859243882,-0.27364969834534436,-6.498879340977742,1.987954202327823,7.2937288051897315,0.7496192699943739,-1.6017608507142584,-0.9059708064262245,3.0869174608804726,-2.6692094225564365,2.3966163333369845,-4.840784007752982,-0.01023634980122623,1.0694954176930305,3.3970757793606734,4.032999536962194,-2.348697466935224,-1.48482127988094,1.0945202908208176,0.48398110649159853,2.227364018906602,-4.85367569848295,1.2597025555313497,0.5956804317561071,2.216064373874055,-4.996311079762295,-3.7866970019238293,1.7111332759909834,1.3232601419107075,1.463676014561409,-0.11842202948775818,1.8275343903046004,-1.1451489196752833,3.415908025280733,-1.7494120505569184,-6.563357306598257,-1.0972049855209194,0.39202778517334824,2.8110942344689165,-2.856398268554959,-2.729893501649204,1.0845297068918933,-2.9958703446052968,0.1466517029220814,5.812459769986926,-5.071612690854923,105.299
20482,-1.806851032435056,1.191258588031887,-3.307722099223419,1.4188522999529858,0.486871908650649,-2.646911847337536,-0.915624112790505,3.138115003427918,-2.954327975673279,-2.079737410688198,3.1012483524942516,-3.930497428995542,1.1349042031860999,-2.7436389812956583,-1.672431599881487,0.9556633180216054,-6.008411463407522,-0.9276870736882127,-1.148063024874809,0.6902147458572325,-2.1152353212691835,-3.060792683705021,0.8118701374447801,-0.4453619532518788,2.1867058871041287,2.0957928943078423,-0.7687523557507887,3.6112206774331397,-2.112243107149227,2.145707615015467,4.59866083743982,2.88697925453859,-0.25732254634359747,6.446002370505036,-0.04003228090976296,1.8494383680511244,-0.7199712540965253,-3.2749358802325483,4.100393687953688,-0.9044186566451161,3.4984945372531833,2.141777986774804,2.152532040895603,-2.075252804810833,-1.0084127155680653,-8.03823498805116,-0.569576947445843,2.734881827687663,-0.5995287976102052,0.2680950121346616,-0.9748918099746499,2.311568147674736,-1.3467901417142583,4.941921267482233,-1.4757087881009672,0.6145011012390924,-1.0661735953943263,5.553797061787375,-0.8298532866566986,5.584814782790495,81.265
20483,3.784680453990553,3.796397229183716,-0.665821104488964,1.1557040554680924,-1.29386562413093,1.7394875352986636,-2.111759017418362,-1.3022226636407215,-0.3713156471032763,-0.9216039423114726,-1.4072750268599226,-2.5081250010645344,1.6402073033669278,1.0600429080286424,-2.897569507789144,-0.8294371037356798,-0.801213911214789,-0.275140005650674,-1.3238788961113943,0.1250518344009704,5.688263573942181,0.6838021730497408,1.617272349958898,4.966708456730349,-0.9622335756109552,-1.4207076182827916,-1.965258219058295,-0.08320001247292193,0.567898974489257,-2.3385567757269525,-3.2065094838806485,-3.6069371045601857,0.07565380756452612,-2.250114540624471,0.045705219426095026,-0.5513225101971235,-2.5830029831283037,-0.1968650071776209,-1.616340277759229,0.6486315522565049,-2.859844366572123,-2.7508042051987087,1.7779070126326535,1.2216275293594587,-0.15896411608950176,0.11863780851112944,3.8083518804086203,0.7982997954537151,2.559641908843485,0.01963624277706541,0.43128414233287987,-2.38403627860284,-2.0605918001214167,-1.840821598005333,1.7130820649376397,2.5090960144384784,3.1200872585671395,-0.7181101378953691,-0.08223338417143347,3.0599918528373684,124.904
20484,-3.576408823025492,-4.587939735886964,-0.6963737054218757,-2.2061541851188795,0.9896590453651286,0.47110555054222303,-0.19096701920862474,1.370350255899277,-1.0896339369343488,1.9463224571697508,0.3746566624238559,4.405179296635632,-3.43653154592126,-0.5154852769242195,0.48221862947124694,-0.7930354192953939,-0.45389382941968925,3.671142848874732,1.6578483565623792,1.0804024492003577,-4.586448636876059,-0.18505112643956168,-3.277215684469678,-5.654723929670825,3.609409585823555,0.22401094231955634,2.57633267853596,1.9943990625657666,1.6092511626058315,3.2331553462986804,0.6211278574534209,-1.2642576258800697,2.685330306547554,-3.4003673911660566,2.4846500421283277,-1.7560208303785863,0.8816860509524682,-0.21322511759255114,3.909926759526213,-0.8374177794892737,-0.6260794937588365,-0.0077038469998921555,-0.68427626258363,3.094852830659436,-1.8311437128675956,2.2947574120387086,-1.6902630262871494,3.4472273341054622,-1.3413173782331138,0.0017542193294847186,-0.2790429445007433,0.8393595505573932,0.002388067088664257,-4.387867396037241,-1.8747323482451486,0.1492493181147459,-0.8444253400020647,-1.3427735374482686,2.227999108520523,-5.862049941414108,2.073
20485,-1.1780356304034534,-0.9702575668475428,-0.989027141556581,-0.2860013845973094,0.6752457250725397,-1.2097862702121103,1.3171385269886806,-0.10308243417058191,-0.33705113546973725,2.7766290244863185,0.7693759521409063,4.322284838975198,0.11715161206194408,-0.9131544303443373,1.2752966826823184,0.20040932800226735,-4.9361845875314625,0.84009726313256,4.233633397803605,0.2794706343750201,-1.533696148268948,-0.941827969517693,1.7532506312190255,-2.4911383325962246,1.3023172040783182,-2.0459896161218847,-0.3093386924390893,1.4539337695982673,1.3069041537637909,4.079300656685882,-0.7090207320284402,-1.0442953496172926,1.245032560508652,1.266040220776609,1.5219024919509423,-2.519003032979175,0.9037294116842721,-0.5531807925201011,2.2187889127949,-2.8912529635803765,-1.3845628321905858,1.6263248187699608,-0.21249391753610164,1.5134166620503957,-1.0676453385674824,-0.11046325634294088,-0.0860421319770599,2.3417579187833217,-0.5899508516158571,-3.6124273691348905,-0.8088560114342325,1.928947465529649,1.1303515587551545,-0.6625459446897676,-1.9072225026532257,0.6235659708523447,-0.9815955636712405,1.5251292907601122,3.9579894298896225,-0.9116240582489353,81.667
20486,-2.7842159716614563,-2.0616732888630116,1.220219298171319,0.23609049625616935,-1.4771568411964473,0.33071666346764406,1.0073543827590086,0.5482152245095928,-1.6627289507914882,-0.9629667050637196,-0.25562874200552355,4.059326130056629,0.5104090839986364,1.5039479021781301,1.13366042201168,-0.45164108769496925,-2.7057681268474387,0.7903004543927058,-0.39176337586299853,-0.03465243949528932,-3.3957427390634396,1.2621816140001092,-1.4145616098786824,-2.2812006032346885,4.604561806530927,-1.2998209875625588,2.323723442649514,1.4299868308743615,3.0824075609312405,2.3727226404084414,1.4729196867344356,0.9308098237723723,0.6987370658847968,0.5099156798452346,-0.6534311548543581,-0.8464591546113698,-0.0694747768423836,1.0029635174283091,2.4053459165365365,-4.639625787825301,1.9132800412907607,-0.7998608303988748,0.5505214754224416,1.2566361616598742,0.0205722628945649,1.339417681098603,-1.6094520457122865,2.0816902695071233,-0.7182400567735759,-1.8262265186023807,-2.208133066455158,-2.3649291765809317,-0.7520333995876601,-1.4749258770703806,-1.467916539196587,-0.22798644146204614,-0.83423731897635,0.0968832382909484,2.1863243534604146,-4.457836307526364,68.699
20487,-2.1336485811522747,2.638247196185724,-6.1132161430319405,2.200109083844171,-0.3578963893966415,-0.8584652685025275,-4.650154117808861,4.615266769734486,-3.989365018422185,-2.380714888805758,3.6120313764054157,-3.3328230475179343,0.6789126069659175,-2.1207416661188883,-2.052756679057964,0.6736132917804695,-4.998533148569559,-2.591150759092437,-2.5489927876448695,0.7039154273848364,0.005862534200134717,-1.4263997647302085,-0.358125765467332,-0.8613124593402142,1.2656068711185182,2.4246200184626034,-0.985048753546692,3.12746206935489,-2.364742941799668,4.634276316905363,3.191372759916361,0.9886764104342792,-0.05679222436319062,5.397992027069714,0.2212940190922579,1.8791542685532567,-1.812745763491531,-4.448155507805628,3.1984162675453796,0.08776226836985593,3.312477365560407,1.3858483474351255,-0.41448078451573933,0.6697161559026391,-3.228962768836703,-7.100446839855229,3.5288659158409277,0.7962826042941086,1.8262446943774844,1.074824402399606,-0.025742180170806928,3.9806906315183523,-3.3213677347514654,4.811113930638873,-0.17393784184079847,0.9406118575214879,3.093237091160156,5.422161669938494,-0.16098114465177787,9.644830167168886,58.303
20488,1.9564823029157177,2.3706019740821813,1.5663287837057336,1.7318372060368163,-0.9826082279553714,0.3855016713411323,1.0147964030306975,-1.3396395237261967,0.5492670254976143,-1.627003065860029,-1.6009811655169708,1.9250047978275902,3.4094970763305588,2.336692265441693,1.8178532618632237,0.030854330085437642,-1.1000402383775558,-3.118772481410701,-0.32719938712626717,-1.8155919806136882,2.1422760323363415,1.8383600614387972,3.008120492585958,3.2382521688047565,-0.5679611305396292,-3.028432649030305,-1.2205527686283424,-1.6451012503333333,1.514177724045614,-0.25230197671129206,-1.3268764280519147,0.5797132580837104,-1.5329107606740475,2.34807916563996,-2.51092591377652,-0.18772849095391111,-0.383611550647457,1.7754937894112637,-3.6742809857139678,-3.6841238091331157,0.22052763374238077,-0.3725549849482625,-0.29492336883622894,-1.2352410786171226,1.7415203690537595,0.7835231832336398,1.233155163759979,-2.5734241800253392,1.2256594663694014,-3.326587474303161,-1.0431486993428087,-2.351561729761939,-0.029872813589406272,2.257385262556105,0.9220581756417587,-0.4225327717678972,-0.042818122579528106,0.29978687039039725,1.3848848440679795,0.7650782284781029,135.308
20489,1.8321073495334617,-1.0441119149900686,3.0044331032751885,-0.9978813692979276,1.7371404122078238,-1.800609053755589,3.9280806082739366,-2.890107148177227,2.4788758149558663,1.7121487542124787,-0.4623439584479503,-0.23612494582476298,0.46137641945644403,-1.1995219182211236,1.992461948155216,0.7432855080860578,-0.3159618057647732,1.831218442274149,2.90244700492256,0.11119139211805831,-0.33604689001644494,-1.7392599952527446,1.8908291218434983,0.5298332471936928,-0.8272538913884904,-0.8719580419014298,-0.5587693488634738,-0.08977355572418177,0.04461254414723173,-2.616246748746289,-0.05142725132934259,1.6911154859620425,-1.0147356405486578,0.3537548281363144,0.27908166297154324,-0.9693165567979212,1.4420022946609667,0.8232386272194726,-0.2943431868227364,0.008694376587350228,-1.8740368115843755,1.284068354136477,1.5245742184628248,-2.7577932780665946,2.1581172210150057,0.3922002829847541,-2.9322068062975704,0.5601173755668365,-2.1870868998355895,-1.0798417351265046,-0.11314122507447591,-0.12924068983575338,3.571074387828971,-0.12920682853947527,-0.574354705108931,-0.16431397905455064,-4.408281390398284,-0.4110100980966998,-0.010068453701581048,-3.075812721557433,99.073
20490,0.45783862409155635,0.5426728294796627,-1.8809004939307992,-0.43586929168632726,-0.6258972219398642,1.1945767435217682,-2.4506908437549932,0.4240242532107648,-2.126513652733167,-0.6696858338371111,-0.31132323140764445,-1.360255544321951,-0.8343286477722224,-0.17413672762900725,-3.5365438776023526,-1.0217731818893234,-1.7436187475646279,3.0243651415686217,-1.2667150834306202,1.4652817471152093,1.0541265196515262,-0.10794836633850724,-1.486051787884043,1.0049392551310778,2.515900925859245,0.019041501252547888,0.3489315865412869,1.796164825223646,1.093868487620803,-0.8262168086519275,-0.8177664179851694,-3.4809635782028847,1.43757871535055,-2.8343083618153244,1.4561561153956089,-0.39728307917782313,-1.9472850048382655,-0.9470993307968785,2.8024072823733195,0.6918108486696991,-1.2269536987977718,-2.866396148264873,2.1933912469462986,2.020082223687414,-1.5720184307872587,-0.05341737119325257,1.3054053728658117,4.127203784179813,1.0061914485349852,1.714524773050456,-0.4703626342664178,-1.8244462192618898,-2.41619506392811,-3.3230138132526483,-0.22062247867970064,2.77773464393416,1.5669994788626982,-0.3132918361346655,0.23586537240764038,-0.6508735334204402,63.911
20491,1.5711804688341195,-2.220077415687172,7.026852770983129,-2.586193902410439,1.4558901072100596,-1.5722856754086203,7.9152048603153125,-6.058713894626625,2.505753515339427,3.3710410487565152,-3.0909320765587487,3.8385618631029117,1.5182188413657702,-0.43484210904299125,1.764060294723754,-0.27912012125056496,-3.3297988437190638,4.8177990610864585,6.436907504010631,1.0660799115180102,-1.6633901076449087,-1.6252336087360975,2.6248018042032992,0.627373892619892,2.9661268485737198,-4.324163293527478,0.7143210507798239,0.509683195898139,4.0768479518169265,-3.909118916289742,-1.2629388483144217,-0.2578438528185028,0.05883960877749003,-2.0726679521508133,0.954435225145116,-4.093277667793039,0.9208226356169601,2.977496440178712,1.793916105415783,-3.8035922940826383,-4.1912600293619064,0.028039910599613783,5.498646674977055,-1.8832421042641523,4.048382239995742,3.099189001160151,-6.082845924863943,5.603689218263597,-4.461753288954592,-4.333229349558969,-2.399067860238136,-4.594408886237837,4.617089348644619,-5.0632014101237095,-3.2578888524350997,1.198939753319839,-7.628995970016562,-2.5623209782097955,1.9628419980465495,-11.58635529340279,131.211
20492,-0.29548980435681116,-1.0443638838418217,-1.222299208515273,-1.4356022044084962,0.50881391117349,0.5992240442134316,-1.4248569798673667,0.20852167356441265,-0.704988807429733,1.3531286969664946,-0.4111146246331262,0.07197484943967819,-1.780480878770329,-0.5794740110523172,-1.6385719574452315,-0.6007599574532133,0.7828813258500842,2.7580091600700274,0.6631889024533888,1.071195609041426,-0.06543477257321412,-0.28517774472561985,-1.4307856461362902,-0.791018966072759,0.37689425103398466,0.41215742844835057,0.34864054221163393,0.6521764222731794,0.3450902960982753,0.041168569571646926,-1.069916983083228,-2.655900285450282,1.67540157258578,-3.377454097261071,1.8041388844837132,-0.9127688558326237,-0.5169607928230124,-0.47133489368473,1.4485518758017077,1.9775277752393654,-1.7826361146318628,-1.2370933893166227,0.1203657118559503,2.2932588438530543,-1.1554546165512873,1.4202843474499423,0.5191132954357405,2.2900688517340133,-0.027005265789486494,1.1642698526498294,0.5843227514737953,0.29445424405193044,-0.542042881176626,-3.5526793747826826,-0.16524887410707406,1.1955044928968375,0.7319195414610508,-1.5219837393949263,0.4679704464942983,-1.9772035966621662,40.682
20493,-2.8599124070296296,-1.8858386205283697,-2.356604075000507,-0.30453490255477705,1.109094394101938,-0.38496238189922805,-1.6214642796142835,3.4224202628630276,-0.12754434747845117,0.14641385863700132,2.332030946603628,-0.12075341913404886,-2.8064862813064466,-1.0593881906607228,1.30987455918826,0.9487312207528088,2.6245362916440547,-1.3972597529164852,-0.9176269392908555,-0.14213735330836466,-2.8598023890476743,-0.4435581701327322,-2.211698731717456,-4.462926329347143,-0.8245854761091673,3.069003140720118,0.6222763402773483,-0.14179159211104325,-2.270401197026253,2.974059777406359,2.690708488325656,2.713474929656048,0.43478258117349555,1.5729095897770025,-0.02378412306038269,1.8776329854916005,1.6322006493736623,-1.1642302520548065,0.5921764709800698,2.14599461526784,3.049202795941013,1.921204161049477,-3.7073028500068053,0.06660296403076583,-1.7073794559367583,-1.4303994975672072,-0.11671161280511062,-2.7614258262389124,-0.5895321193061205,1.8389928547245393,1.316914222177696,4.417248113012777,-0.09834599285830722,3.0091195269088344,0.007853762585925187,-1.985242426540275,0.5664056168443738,1.5074307144835477,-0.9858311515263081,3.0615382637171393,7.412
20494,-0.4820297545672024,3.2001385807062306,-1.9737281395537551,2.791303578768283,-1.2598042861039642,-1.0011575932835919,-0.4708031096192854,0.9472854730992613,-3.7113704634248017,-2.471453538283744,1.4074483916330074,0.7032616326014409,4.420971045940371,0.2086393493807258,-1.0841330280751713,0.11285581097488813,-9.663319971478902,-2.1335558085074804,0.08690233001187789,-0.04660872717463582,-0.05845085066897704,-0.8718282277918804,2.9496025586140457,1.5791132510193358,4.183925639891094,-2.51301922197232,-0.850878760052707,2.8416420464356946,1.5507210447787747,3.9546932870052314,1.6002820281994103,0.4413053384705854,-0.19206243072621718,6.069431651106608,-0.9515994515330908,-1.0206264134176912,-2.0726335315957503,-1.9152112025870962,2.867960718641393,-6.083057870125022,2.1165318043712036,0.5281733910609291,2.9015094653534605,0.1335540653512326,-0.9665020800552171,-5.495708419427349,2.1520203432920955,3.612211694893988,1.3195060948417385,-4.625546595552228,-2.7501740850428584,-0.769801166317305,-2.5408141134706144,3.3124485617020576,-1.6961856444952448,1.7471021115658947,0.8203967533164489,5.2172899110426485,3.3509999475493912,4.592561854412218,137.046
20495,1.7618052832453919,1.156211770723765,-2.885634062886557,-0.8428454357405448,2.058734340159798,-1.2524709975562844,-1.0068339343934056,0.3336190256360698,0.3340686549466696,1.9424915298352925,1.3198909123907887,-4.776593898523434,-1.640804950301614,-3.021649902647703,-2.3536464085856403,0.20884541935056375,-0.5024424170204611,1.7281601876703925,1.4900930633613503,1.616847051591117,2.246562187791279,-3.154284524004472,0.9902865104824129,0.5090384762341562,-2.580998987645656,1.983072779428811,-2.1830113427084186,1.214271135809046,-2.824238479118122,-0.9910724526696176,-0.13178197807966763,-1.0573497243949874,0.6439046051678751,0.19288121870094324,2.146755936115773,0.1822381927016008,-0.7111220702161386,-2.768740668422764,1.3776044317029537,4.095999769938996,-1.9913707885162522,0.7186255286296461,1.326539910183036,-0.5940511255606207,-0.935375547128944,-3.2337916520854715,0.5280200974386676,1.5684826989899234,-0.3427261755195261,1.9397974315192246,1.6235993470892887,3.1278259448520793,0.3574832862914808,0.3190123265295125,0.2930909822670117,1.222054289455649,0.4749359942233511,0.9570564030393243,-1.6131737368006336,4.008079812371074,67.925
20496,1.6227521705720522,2.4863585155744157,-1.9722565081762333,0.8388127655096531,-0.9479814944795125,0.7870981504337102,-2.1524910754728803,-0.11028586376240959,-2.187217678088592,-1.0866302474834482,0.10895842835670833,-1.764248107093845,1.7644682470270006,-0.07739468906816153,-3.4344023858752957,-0.7631941840459011,-3.4982007500548074,1.1324287819576866,-0.8565214809672828,0.9689156726669715,2.570432830074061,-0.6806506913984041,0.7705950086686694,2.6025258771188224,1.9617524729690177,-0.9075295679535469,-0.9367002440166475,2.0490712164307117,1.291206373514282,-0.009527891787499132,-1.5002834818050181,-3.1305923555287714,0.7556137591172555,-0.694623868665835,0.6768695161132056,-0.586144521803031,-2.682269774455296,-1.5281477746523393,1.7121612448823318,-0.726141281757377,-1.1882652466739247,-1.9851258435832049,3.1655373918197727,1.864273437889231,-0.6773634579640919,-1.4828225840968416,2.3620185554453847,3.232626178618646,1.449440029214044,-0.05089184960749848,-0.49848738769565776,-1.7029723706221855,-2.621408968555428,-1.50171477731151,0.09335851126990845,2.535444366588873,2.1064338876742674,0.6515967496978522,0.6968855997568164,1.8546966856228986,101.211
20497,-0.2998865258567772,-2.178063326533448,0.6218649853365541,-1.5727300959629993,2.5838316966080943,-2.627835161002344,3.9175068520900194,-2.124876133060106,0.6682932223172708,4.594191589282328,0.6929907910782249,4.100305804534469,-0.1985971257555766,-2.1739571137511726,2.133960312705229,0.3246081117034065,-4.766835326356378,2.6136185056462047,6.786395672937193,1.4007868045360918,-1.8632809160959012,-2.39728227171856,2.469905932642101,-2.46708347510623,0.9595130000040535,-2.3177884522394874,-0.23221249177806685,1.192688383557038,1.3218975040438625,1.89348925517201,-0.8510250967871974,0.055974937511793596,0.6104060276544373,0.6523421755433302,2.3783840596052346,-3.6458556473540567,1.8584289089368222,0.13339805111397118,2.9746410395406775,-2.1135881295590506,-3.085734898927274,2.747273933612948,1.5525599038275621,-0.12507974932103258,0.11209611893651354,0.5364081660036515,-2.4970521685417735,3.6302364089715864,-2.685804433009199,-4.069284673344984,-0.3907401356182282,1.999753224859525,3.443079389855319,-1.5656432242667344,-2.047488699369363,1.0302451153785686,-3.9415749154655675,0.4045614122395369,3.2407984867751107,-3.4659935780769087,83.805
20498,3.1165220127286895,1.00419508514195,3.8174183022622485,-0.30912889710478764,1.365141954423121,-1.302301075906759,4.701343851819636,-4.244505779439555,3.530228254794018,2.2641865148120157,-1.303877118246482,0.9822539440327092,2.350017077718732,0.48069652504759985,1.8543507039203166,0.3480879443076951,-0.08864704216293379,-0.6764421175216073,4.403340139740976,-0.6133483438638173,2.6915459064179577,-0.5427507274569164,4.67234627726791,3.028647486614407,-3.4820373062227135,-3.3867544458398915,-2.29542054436379,-2.0596668931244326,0.4720599901497276,-2.643016167355784,-2.8504573274389218,0.49636051453691027,-1.258281219099021,0.6399308721130793,-0.4613154922189937,-2.0323150570397726,1.0200708025880103,1.8864231539278016,-3.257182345112336,-1.0577146961732222,-3.234308516061718,1.378096159398861,0.6082802462583734,-2.2455955493466866,2.8964773019060783,1.7267739004863543,-1.0925883190431236,-1.4888726273455501,-1.221148384438472,-3.838114367040088,-0.2762687824264468,-0.8960731477244266,4.110443452407478,0.2792107666833363,0.24257605224030682,-0.37067046743050014,-3.0929971334742534,-1.3291777222076795,0.7533513376851189,-1.6806796711332281,144.368
20499,-0.998027985411272,1.18966063598313,-1.8153072133293608,2.3434632309227013,-0.7383789855634516,0.3844602777496627,-1.3300046049090517,1.6240693077314088,-0.6141865552427436,-1.3237880271513822,0.5999193332972136,2.3249788354546634,1.5056633253618996,1.5809019515804112,2.1134721127014635,0.8636885531219576,-0.6447273924212016,-4.99247142929313,-1.0265031749727036,-1.5973668221329886,0.496164993415862,1.9452742804093575,1.4106818441567046,-0.8935475455242028,-1.3632437941815836,-1.2810902747277861,-0.7423139352351862,-1.0826007531614432,-0.5960675687467822,3.8475600138804285,-0.04944636775270937,1.6547888389862315,-0.8834949047379154,2.937009650403989,-1.663288764449058,1.0255167682593418,0.8386124671541841,-0.5323525173978553,-2.6217303355227837,-2.1212209487113562,2.6289421046881167,1.3177702872777366,-3.9811890478865637,0.039773590955367255,-0.7544983463390508,-0.6425297015170305,3.1302963399750254,-4.396317079792184,1.9099016761177714,-2.1166400272015924,0.15571730002533568,2.1878103641891924,-0.6200920633182052,4.430077255452789,1.0635798105700154,-1.4932473219925793,2.942750496763397,2.3757606273390013,1.374936307187769,5.097959976136954,84.202
20500,1.1821360339745806,-1.9951161387903877,0.32219487664822105,-2.5188423639258644,1.7749662798221753,0.25813765003599193,1.4946335344264037,-3.301061776996995,0.584429170715791,5.510434788843887,-1.4781027455986502,4.394829259637306,-1.9065471229621924,-0.8461921006938231,-1.096935233484465,-1.583604732597298,-3.6201480696390926,6.337852166589579,6.265290960850083,2.6530123163814374,0.4180047652806038,-1.209284542961892,0.7521629645497733,-1.1032659979726072,1.8029966940083293,-3.173771031035362,-0.5255537547279607,1.5700348760919618,2.8299261200372614,0.5531069878376307,-4.56539720596533,-5.803578351254521,2.731499553600659,-5.8134783928136775,4.060518820582126,-5.281215267660954,-0.7563563474503947,0.4923749342987722,3.4487441585940903,-0.33436063845908237,-6.762680636835137,-0.8044447022477265,2.8001791078044374,3.9571685935040355,-1.0734203828237465,4.235272844842781,-0.39367429258493064,6.2121085025171725,-1.3947987242273037,-2.0900627828792273,0.2635559056645733,-0.6856265120087653,1.5349225498643688,-8.611360740677648,-1.156872868047652,3.072912889712818,-1.356961979138753,-3.385128884806779,4.318457036354437,-7.18071432626743,77.614
20501,-2.287107406196402,1.4778769409596586,-6.617885493695987,1.3711413863556847,1.706317231047133,-2.603532462839253,-3.405384623091098,4.591795793732006,-5.208315635230217,-0.9248184710709514,5.0599720656664635,-6.20382143533128,-0.42733834203568305,-5.1561508188502225,-4.282405588220465,0.7402168868517002,-8.72164216261343,0.7121987036507613,-0.17738424956935245,2.7007696372410916,-1.53065411506968,-4.646994340185744,-0.25179535410396064,-1.3326870738343277,3.4720532725422597,3.541910772859808,-1.1333969958740813,5.935607915124522,-2.791080048427393,3.5892634605043496,4.994580081736911,1.4139818043170727,0.7083960688997363,6.652918767146016,2.3934310852432517,1.257766242410206,-2.0049441292191803,-5.860977665033738,7.537837498031403,0.8383965866719794,2.588710334648586,2.3210859180461503,3.737300772352793,-0.4750601418776966,-3.5964501347548765,-10.90715694778716,0.689401420477036,6.051096603263498,-0.37406543206390375,1.2651748120940463,-0.5921638652849273,4.412678079391317,-2.6976368680852874,4.248289793288764,-1.8613714662860863,2.909846689184257,0.3135385707505689,7.053117724449103,-0.11039804223653094,8.584580332124714,58.327
20502,-0.11422595299608898,-0.09997248258929951,-0.25350482359442655,-0.5542882521484508,-1.0084686851807345,1.54840943242,-1.7810034906397378,0.5130565093521036,-0.9526342883229976,-1.542818288232446,-0.9946690611794995,-3.021703802895399,-1.158896279097419,-0.028974192500446347,-2.7185727735721734,-0.7282804241150417,2.948039050916618,2.0597381676001576,-3.3670950052307473,0.8630914852600494,0.33041598602189337,0.19256642866231552,-2.9699296984625105,1.011971547457327,1.407192426843189,2.3000028174763325,1.4483507306147663,0.2946754533218695,-0.14175312764107387,-3.16900209428425,0.33105279203691607,-1.0975020886781537,0.17036448249017538,-3.2256874649662133,0.06307546333216102,0.8794903388285316,-1.4034076346710995,-0.04439047058235645,1.3237195691258241,2.72252681437243,0.38972510069542127,-3.1522804895161736,1.5538995447711723,1.069342513439788,-0.04439861428726233,0.5847228093903023,-0.48049596553702534,1.841099801138409,0.3806616806725531,3.9065675577667944,0.2868574761192396,-2.2119878013548147,-1.9210060791635022,-2.8816715097725893,0.16058836376626925,0.6777526433964988,0.7384715532701752,-1.4941301297617502,-2.0479454968247706,-1.4811683107649853,47.915
20503,-2.9564229473660735,-0.4378350635507548,-5.074581161839605,1.2117193701684958,0.050401356789266466,-0.5853610193926551,-2.4511710051898383,2.9498666734885317,-3.0434003444189557,1.1086962317764246,3.01472040849881,4.4776614263568675,0.08155479303641666,-0.4982116749707354,1.1619350066417031,0.17044243773420809,-6.576845022063411,-2.2251864228825418,2.0699891955151672,0.7850675980639463,-1.4000562200130346,-0.16076706744149508,1.0003702039561777,-3.8608439601188826,1.9587752123787918,-1.4589839192364933,-0.8715339844105657,2.2085526207244643,0.46755846274744906,9.124758301517803,0.4531029111892486,-0.265331939526041,1.0480178229805337,4.104439316022329,0.8719845413699947,-1.2852018563427312,0.2840143578569538,-2.6836216681310083,2.417289790572095,-4.172645489807257,0.97438985239392,2.563250519364867,-2.3820720794777657,3.052374182332453,-3.9829892451431514,-3.052662404185182,3.514874334792723,1.016975786899219,1.5347295802422443,-4.084651548555511,-0.03906268240892416,4.52026174006887,-1.2175275033101254,2.4477938526829,-0.8870282103551952,0.3682438855382268,3.015168901739244,4.132396759809434,4.672294172076495,4.915732698159634,60.339
20504,-0.0732916843712605,-0.7634910224074244,-0.7534606087240259,-0.6239776449521258,0.30185386864289404,-0.030222250156674513,0.319505294187869,-0.5047157429863812,0.9617439211692002,2.5859625486321463,0.30875906024890143,5.0516144191073495,-0.04613600187644984,1.0600361092579995,2.3121811098561973,-0.22575721846209512,-0.7222957754689557,-1.7214374552889233,3.254098983508116,-0.572355160098135,0.9358388753941498,1.3347040438167033,1.7679307860711497,-1.4746920145439144,-1.9923970024405226,-2.0808381464853367,-0.9301741468297463,-1.031174273694477,0.3663149366555578,3.4945145845959695,-2.5968101681751063,-1.5952189671029602,0.8396321899894983,-1.2731013222056955,0.5464629857770897,-1.796978755112838,1.2673635699245804,0.28280871648805395,-1.784731331968535,-1.3324589874813255,-2.2767961322976777,1.29920320362437,-3.0278826082106685,1.899808214763651,-1.3012465719584296,2.29116453561542,2.324238805049526,-2.186379431522402,0.6470168667688154,-2.9441764568838797,0.8923948897478143,2.15945923255435,0.9449480374903356,-0.5457579553498102,0.12922236177970226,-0.2863932129495077,1.9322344310554351,-0.7770951333388016,3.5795863993843753,0.3534842618436227,73.48
20505,-1.9674825563640048,-0.37306651110459765,0.3835705369572058,1.2980734884500618,-2.6207072847119712,1.7599054297864347,-0.4525818711316819,0.3845443379088541,-2.0589250619886728,-2.4187560410456843,-0.983447063441869,3.3148228918389666,1.8784022627966868,2.2432836420243736,0.35459793293318087,-0.731117600539083,-2.7314599132166664,-0.45507978403965993,-2.234177776936994,-0.4469202248664369,-1.5633228182468262,2.1364215139083855,-0.8395407081753931,-0.19527506750919216,4.523083327604337,-2.1175548541264724,1.9593227352029179,0.832101636461841,3.2583478574955054,2.166622921087421,0.5370803109598306,-0.45507123513075437,0.7465058238735294,0.058715965879116344,-1.6015441270031006,-0.2515234834919071,-1.1908193907367681,1.0852175563949646,1.2954895237668331,-5.268453644149872,2.0530390461872132,-2.045752371954364,0.9998252017391199,1.5829798889686781,-0.01283551481158307,1.285315386480227,0.5671349038612504,1.5206494716126775,0.903770580699013,-1.6159220188972931,-2.169883239697179,-3.426904591665481,-2.400771861961985,-0.9238559455952104,-1.0189535604105981,0.18428735685263956,1.33170116775635,0.21960662317332583,2.4048555344912614,-2.744215546987374,89.659
20506,-0.05149303550270956,1.6993913525285431,-2.8919017834431937,1.5250552836725777,-0.3874708152563493,-0.20947822752728718,-1.522367500907357,0.6749833370205358,-2.469169245462022,0.597919447835836,1.3641559200352182,3.1288799291157128,1.4526756977471422,0.31070774454860417,-0.21496079340966673,-0.23416195256791789,-6.837188408346001,-0.999931157046503,2.0255551045205538,0.5125457895792569,1.2471460965342491,-0.12568430240955664,2.3128835603060094,-0.15326019019666576,1.8820435375261397,-2.853608041679973,-1.2726200574843765,2.1443594499781766,1.625777788646259,5.436474013658855,-1.3317831643630702,-1.712464361667779,0.9688747186569102,2.1323581986846776,0.8726010602944101,-1.9921734457563598,-1.1657793146345745,-1.9097129715189143,1.6137035126021249,-3.673819333613698,-0.946648777412756,1.031292603557516,0.40566750446723615,2.3262324444765756,-2.361127195976206,-1.9656503582822364,3.050590950787876,2.286745048950784,1.5871959819230468,-4.200823674249286,-0.5732266528589693,1.2846963532769093,-1.321904448678745,0.3281217190671474,-0.6575532800390634,2.1125889947399354,2.183687665366146,2.6492771086335636,4.233906856101911,2.5085002893941146,105.705
20507,5.04287037332227,3.600911418633067,2.2581778970604414,1.3349716620172838,-1.5084046626283856,2.1400213032901183,-0.513083140693899,-2.4949078923913524,2.9574673390859485,-1.988100611068809,-2.646428260926803,-3.465762501049054,1.5236448991029925,2.229821456926155,-0.8977016313178764,-0.396794909946041,6.695883898799946,-1.9418439938612284,-3.05415081642834,-1.449220699073033,6.151815137779311,2.1705250217197807,1.3306079779696594,6.3583800302422775,-4.955031477135217,-0.4230080185469882,-1.5427351045408202,-3.6098404128368844,-0.46968812336815047,-6.105081105878746,-3.958423781980517,-1.5643428777880124,-1.5612256665713065,-3.0280550235982613,-2.3330374902828988,1.3327172872822928,-1.0641153161262351,2.0365230166241832,-6.755834091321731,3.2637657503576274,-2.0212338721197525,-3.0064384617558306,-0.6237088781771877,-1.1293721585924155,2.3730188630189657,3.212714110455805,2.100641284605864,-4.7810416217482965,2.1606124400602744,2.3900035113109865,1.2294275468578182,-3.6262201926340647,-0.5955814237665049,-0.08328899470595455,3.534862626619734,-0.30609537224695554,2.3588710647803266,-3.4807307464702006,-2.9540580730068347,1.8033595587460622,115.559
20508,-0.49307062466651586,-0.4400189053178021,0.15254416551155398,0.04157865407332046,-0.6245555983594353,0.9368562262704127,-0.6209120228738223,0.6650476050185349,-0.31761940866615784,-1.5983876097516296,-0.29893654944335396,-1.6975029085659323,-0.6994420230047399,0.6859650321013153,-0.6308723884443516,0.2667980455985021,2.5104126316132733,0.17768019483880976,-2.831904119379175,-0.6793970916631156,-0.6763183685585525,0.2561060057869152,-2.1818847460992004,0.10955686986957217,0.24002626590241397,1.885416199254303,1.1053271548430583,0.06794668627016376,-0.4400533291848322,-1.7551643580441811,1.490092407128976,0.7999664859281007,-0.591455522714686,-0.660998808059843,-0.5036648186479283,1.9022238266214533,-0.11835358024299511,0.3314981059533278,-0.202703200242773,1.824468451634256,1.680265738224118,-1.330244823006968,0.23495955151979314,-0.7034326710624929,0.08087272834760573,0.2618285761759409,-0.6496067545921106,-0.6670315687235041,0.18966912885683662,2.580429699207062,0.02432670354146015,-1.1482402108670693,-0.8954741579340022,0.2116076015862821,0.490647217110035,-0.8259247669461891,-0.030723738062951478,-0.5367038186256958,-2.357854304983492,-0.5580768641155505,46.533
20509,0.37954794878884207,2.267102529185653,-0.13945841683618193,2.4199088247903777,-1.0729522302859218,0.42804313076035616,0.45739948182908813,-0.6368635208479906,0.8229877783821611,-0.2152016081212592,0.2705643520557066,5.5344086047986325,3.170748759211987,2.9710452208412788,3.8986553833453,0.4332420526157239,-2.0815888673459537,-5.960904709076107,1.6895434698473935,-2.228441792152297,2.640986083804573,3.2827824791322873,4.144769305609057,0.8029504190476447,-2.8143486858550744,-4.401516866303664,-2.2243792888969693,-2.4265582180152157,0.6621668371027715,4.469583287757689,-3.1559749746001344,0.5219155278089376,-1.03409770426,2.9616151706523612,-2.1512709981211686,-1.2088671177476633,1.2005173423882973,0.7767303675923374,-4.9996645146725465,-4.460381771658113,-0.06531330620667189,1.5656427588541133,-4.621524355239332,0.7605690111406832,-0.3642796473036268,1.5146634146927915,3.9275164383878494,-5.654311649875032,2.411978390110532,-5.537935776492166,-0.24310580960843178,1.4510891676919007,0.828330224847027,4.045679596327112,1.39438713971124,-1.1844749673437205,3.0768771036971234,1.2394914923631444,3.756427914057658,3.9097622766103597,129.668
20510,1.1411101232135052,1.3742021254160974,3.2693197885924814,1.5209997809444,-0.28730866167213076,-0.9573444937604071,3.344827155251424,-2.0475859245169152,3.0048369154317354,0.23105171322135115,-0.8160810511133044,2.387353647495422,3.0027568977354826,1.7446999353731951,4.3619206165494955,0.6861920311609035,0.4297313265820782,-4.6756845638765485,2.073916304002624,-2.6897064146543865,1.113964781368909,1.3260008952487623,3.432735787311721,1.6419301659124463,-2.718201301766644,-2.686321457017196,-1.1710414918887917,-3.1267094866606984,0.12722794153104316,0.3629086451147788,-1.0597612008459054,2.997357829357951,-2.0504520184157076,3.723369486045952,-2.5565887532270963,0.1888913563634287,2.369425484523394,1.9536266410299845,-4.730041814209214,-3.025816926129475,0.7430782965534534,2.2938542045775634,-2.30959311402319,-2.974507582458721,2.8932664475806447,1.2715672372451698,-0.34783160670187235,-5.290804007859922,0.25754876081718237,-4.192134400678373,-0.5765788728065178,0.11940461752502642,2.881253777781778,4.010889303172117,0.6557175269954187,-2.634509758405095,-1.5019014167583662,0.26840783989186195,0.473172401492851,0.863740769670216,128.007
20511,-2.9741658513250555,-2.5392175544650124,2.130256697124407,-0.45508301220120423,1.374746939531996,-2.502698170522667,3.4594584905274113,0.9373492994585073,1.5690201723728454,0.22714089365781348,1.5315301022787047,0.3076193649496589,-0.8391362324602297,-1.5578893914111727,4.19624404308586,1.820849454825409,2.0237036529642394,-1.8963973900023305,1.3905304726862453,-1.6467143902806063,-4.776903435249378,-1.203289035296515,-0.28401917274633015,-3.471349408980987,-0.7647373757160867,1.7821144958839923,0.7911979383518364,-0.5184160895567282,-1.9394217077831006,0.6455687653597522,4.478399544562818,6.132756837131495,-1.3119592304773657,4.578032317284768,-0.927519612339315,1.6969193366981898,3.445966101975893,1.132211511384358,-0.04102077471417724,-0.35151451362271013,3.5141020202924547,3.965366863303035,-1.827284214723884,-3.9855485763864262,1.9040039621596836,-1.1429838659039597,-4.373355660564231,-3.1872032225405653,-3.113391718941249,-0.28705222462690017,-0.2201164481711082,2.945281848025217,3.380597204853681,4.985470113402047,-1.2466540464681812,-3.259338285743583,-4.2694483609078935,1.8216004510859678,-1.8845935694919893,-0.7098602045977688,46.548
20512,2.679052940929243,1.1814382418859841,2.1892120353410602,-0.7191812087005819,0.5968717890415962,-0.8344494992206398,2.8631621582632865,-3.3801597454886467,1.7338883022895761,1.571156786812236,-1.2426124161246523,0.1393072335833212,1.1065491500024742,-0.3193393672077119,0.23007251574755497,-0.2559510430894251,-1.6463654328513138,1.555925859524155,3.0335364097854964,0.47181318558076185,2.0243364352270308,-1.1583882005131751,2.711664611459797,2.3143497097335755,-0.6208127532856013,-2.091060703874821,-1.197048331157402,-0.3076531555964247,1.0152690530894886,-2.4494266097701387,-2.282936506315092,-0.7793890183909702,-0.4860296022066066,-0.6214354543218813,0.7891040294123941,-1.7316653538067182,-0.3957503528354524,0.6523737308431886,-0.7669589739482157,-0.5363776768408255,-3.1692615736803806,-0.16806903575678742,2.9252534970982746,-1.017961067545572,1.4135932196332046,1.1509532765221508,-1.1010205752216808,1.8607573943668128,-0.6506846432323871,-2.0823949603916696,-0.2167163773965393,-1.5052408511198012,1.8223732702678848,-2.074282681767341,-0.4598603287506008,1.734901539256506,-1.970865424681629,-0.8096417340753289,1.2573726577406106,-2.1876743950445703,123.23
20513,1.8496699812414465,0.7630805282710436,-2.2538140199449033,-0.7633767793237769,1.3086165876304503,-0.32817609942205905,-0.5132435334291161,-0.9126753052531603,-1.0810721200659605,2.80834392845341,0.4881295918741373,0.11404879216340963,-0.3710377825685652,-1.8375521780794448,-2.4118129043124936,-0.8183316356823664,-4.6475630525407,3.2272998073535613,3.373214752663117,2.0260690482848864,2.294540057763295,-2.0338731426596315,1.443689872079883,1.2199868449129345,0.6528739940313405,-1.4045105263777438,-1.8877631220744149,2.380019735790595,0.8264052866109328,0.8863322706400556,-2.3603673200017123,-4.086927158010693,1.643154708416283,-1.7049854469873496,2.8305651251157196,-2.561630776303821,-1.8349449768914141,-2.0913009534998452,2.6383506797184326,0.4663946880146702,-4.310055480916079,-0.5605129104064571,2.7719394883824395,2.408194330765463,-1.6534156405288152,-1.086394351969689,1.6856437594857479,4.811237606173577,0.08780786075378091,-1.2547585500216782,0.811432037257094,0.7381802313676271,0.08811073527152427,-3.4248919499256614,-0.4247713383580074,3.267699708567801,0.5324140769871873,0.0583485472845883,2.3895663202235093,0.29948046040906334,94.037
20514,-4.08780255734437,-3.6470892063190887,0.8831362426533474,-1.4809556137593625,-1.1849982464880293,0.9783975710392832,-1.0769562005136435,2.665381852332755,-3.3673536994681426,-3.075757251542716,-0.07669991013589783,-1.5577954578078081,-1.9828957395737583,-1.0220675148624696,-2.519836493711881,-0.7783152309019565,-0.04138911763233849,4.971655736897172,-4.429519191621778,0.8231845299347015,-6.169734390977893,-0.29516057674945223,-6.204273368057108,-3.3946872774723515,7.48250551927396,3.534284218690299,4.15615843676306,3.3333468921506872,1.7569122424720425,-1.2904944343273888,5.377106272657659,0.49217129647397373,1.0319295510689392,-2.1007638933388755,0.1406114499975954,1.3278074097184374,-1.3093955519977911,-0.19089160551280585,6.452527096325538,-0.3398755301287061,3.928283937675069,-2.9856875393967903,3.5224289810108402,0.4709820392169294,-0.39778511059872357,-0.4835471031793026,-4.048753093488206,6.007825068153586,-2.292124344027829,4.244598223855884,-2.4330377153169547,-3.972540208188532,-2.750093233344432,-3.5897057042672116,-2.869983726282642,0.42429474990640303,-2.367130782265267,-0.6938135600737304,-2.313787749209908,-6.498255435972457,-4.727
20515,-4.038185630604933,-0.7569351728365282,3.9195147877645304,2.594018757589293,-4.247781621857732,0.28098477120323295,2.304589012037245,1.4265653861167817,-2.4006573351673586,-7.045149868351316,-0.9440661674248823,1.932653681234297,3.9026462883308737,3.5244059554737546,2.801581723406657,0.4522814038024504,-1.8079936521636872,-3.739995655219564,-5.553530707369382,-3.010292951102267,-4.927883835928123,2.7249888635868964,-1.89326646913567,-0.9123730565037985,6.420386807165521,-1.2164680684158884,3.542225057510267,0.03376491056563172,3.4178609090590766,1.1964531079658982,5.723462699619165,6.0684088527448194,-2.6113287035653054,5.644290860128013,-5.336883192069545,2.6431551960613926,0.17661332179794306,3.0084222945298578,0.12362367536353297,-7.840588234950191,8.206610490482756,-1.121022325839668,0.7403839512485388,-2.668057324804889,3.0179178008788075,-0.7773020064700801,-3.000061800699013,-0.9897598050356197,-0.3606260839361911,-2.091583569431227,-4.658139776637348,-5.597690115197543,-1.7728799924909118,4.442920531230484,-2.22097980438957,-2.8180103465169695,-2.2386118117850997,2.271900384317058,-0.546578291498329,-3.493532088685505,92.909
20516,-0.8180120194042103,-0.04770565237851602,-1.7969620721304453,0.039579097697489754,1.7637903098991026,-2.3257045805812644,0.6639217107289183,0.9732197213444362,-1.2796288108349179,1.0509784999150382,2.166684243474901,-1.0178599197293938,0.018203033812166695,-2.6158550668518994,-0.5799771544062293,0.8054331524946603,-5.153237909175983,0.771202226175106,2.376280028674468,0.8391830224353509,-1.6004921435116024,-3.14816962323943,1.1081229438032514,-1.4725588753466623,1.770654129240502,0.41874939167614367,-0.8475775603922302,2.764749646332336,-0.8191170775574989,1.9309764196682575,2.257979116173017,1.66755653849227,0.3330597210757676,3.6509935348056075,1.4730722511884171,-0.32898612532446936,-0.17764756369721604,-2.298564725080983,4.015579909463673,-1.1823818905412766,0.5137321134483238,2.3958098194159274,1.8969327393002986,-0.675185662994514,-0.6028602205785498,-4.68085225420203,-1.2938336808076498,3.477043307357684,-1.1918755961123524,-1.3460776884013248,-0.42932796816815966,2.6562983973866503,0.4242770385440523,1.7947855094351235,-1.7274485772775607,0.5913143146221538,-1.9526981947253643,3.3352666420226957,0.968007874179537,1.912246614050779,74.579
20517,-2.2393279500923384,-3.2245348545653263,0.3025566107782859,-1.535526670252151,-0.5340874757331405,1.6325411351161039,-1.083000634913114,0.7518897635943457,-0.7161046125410888,0.5136210216532753,-0.8544385105570654,2.5386870221520272,-2.6668013183622197,1.0545162935850854,-0.14884614568827959,-0.9224576095283086,3.0706128174700185,2.285324421789072,-1.306060942678355,0.1821419562535915,-3.2592412498276584,1.3248477961841227,-4.025695072474788,-3.4245370956714583,2.8278163909906913,1.0348040211889689,2.7226652160584,0.0802230123211932,1.2145151393680518,0.44210266708142704,0.18997940816365388,-1.7093791296831835,1.7797533094608058,-4.39673861629638,0.6269453393776304,-0.28476271857562463,-0.05961071553021394,0.8774513081334742,1.7617516493519656,0.3260575680900303,0.2527592999384185,-1.7303529732187517,-1.0992054924688146,2.4611017120327534,-0.6861214469836137,3.5663704405889285,-1.0669444120319989,1.1282555349618142,-0.7153988855570104,2.2705491171844665,-0.0007854208996238288,-1.2251118887662185,-0.973496125200992,-4.149513729459938,-0.4462123040262061,-0.264863661704559,0.5311717957839561,-2.9296280244744652,0.1248868099918577,-5.337925707284706,9.55
20518,-1.4544933755474108,-0.7058593652146723,-6.273030213148647,-0.19125790648987412,3.0881458885719524,-2.405586905074785,-1.9709173399097015,3.5938918883107895,-0.564198234591088,3.857584855135974,4.579278790524887,-0.12033325380841531,-2.679043072296769,-3.8260258461453773,0.6888600807756354,1.0665466993326904,-2.223965912473374,-1.3762601670007504,3.52476792769429,1.2265872430483131,-0.7927493277995,-3.201436310730189,0.9511114819779779,-4.448049753353378,-3.2465261671415955,2.384315955108548,-1.9374249346344994,1.3191167643089807,-4.588183647407265,6.053144269323791,1.1192244870198729,1.0606724172350976,1.6055565735944128,3.1250239844068055,2.673058308980555,-0.2933023712924448,1.903984503129973,-3.8557499558416977,2.1401490692934924,3.079426381217762,-0.40879863080061024,4.981807380371513,-3.710508831935975,1.2565469624737218,-4.032255348577649,-4.645501585498594,2.2728472484193754,-1.148394033117973,-0.13793653517220777,0.03187055138511706,2.7350647453062127,9.069908920236585,1.1521125887246306,4.018973581170193,0.1922306530504149,-0.20640836762217055,1.9266548130572383,4.100312113577037,1.5599942476749777,7.879453141680721,17.618
20519,1.1344708761451103,-1.0087387328265291,3.119477341285999,-1.5103215971992479,-0.3510362934916197,0.6725696632586469,2.2088387051903404,-3.3703594174001363,-0.001831868904436651,1.3301935428705636,-2.8027800189504606,3.4870992924318793,0.5303424435311769,0.7217396196105544,-0.9997053007782705,-1.8331915705626503,-3.116616320444558,5.386861310166499,2.362700803310005,1.098669646174792,-0.1692015128512315,0.24501194247881636,0.08408687083331755,0.8803965179548262,4.352328150454628,-3.2119232214832567,0.9910933023457432,1.5980081493855953,4.5453032657184576,-1.696437343584455,-2.509420749714344,-3.8687307151596046,1.3069317792395467,-4.769632565589752,1.332100534811072,-3.697196613460917,-1.540965845805205,2.1322205759512154,2.6770311207968427,-3.159591592743881,-3.742605712654636,-3.0469570210147197,4.297902209658728,2.1606623004186054,0.985586085558558,4.32476530614749,-1.666743015374702,6.441356834194775,-0.9437138203781793,-2.380993285279484,-2.1229428629109477,-5.393710324222985,0.12988007606656954,-7.04272236233113,-2.2377793133250945,2.729803796413441,-2.1786964655568335,-3.244474664837575,3.058412888480969,-8.434397533538544,98.374
20520,2.1828076788934045,2.465062023181933,-5.1773318479180706,-0.0048571018906908014,1.2410936351709962,0.39066504073678116,-3.725249331922837,0.9176378570054965,-1.0497030100951337,2.096539639941491,1.7190172077191213,-3.4138431814772243,-1.466048068883135,-2.0903051074842605,-3.7312274751203303,-0.30175536213355814,-2.0676002098542656,1.3792753480877793,1.2128445743024248,1.85438536165664,4.319308639553233,-1.8408491873172181,0.6394836588862476,1.0613173991531004,-2.73373890519514,0.9585204332567926,-2.611824993921629,1.6404094159809997,-2.259877058429146,0.5673235039340843,-2.680587379479286,-4.240795157509731,1.797085414958158,-1.515453277581588,2.5726769419650433,-0.7368189477021869,-1.815608493468655,-3.3651091336303307,0.722833018507566,4.242226924833986,-3.4058712108158256,-0.044953680708148966,0.3650049530070015,2.624046827850369,-3.32944266704907,-2.8875316286061192,3.9278425179842786,1.8809534637402794,1.6402302376711715,1.5743158103424202,2.2507870994727077,3.433569330849837,-1.5100930994933297,-1.299003603324346,1.3876147991266758,2.9767503783975364,3.7773037666579534,0.9031484587354361,0.30584286453279974,5.953715536239124,68.54
20521,1.021183973608973,2.116181127560601,-1.2408184234976323,1.6477925903797466,-2.27162801558154,1.9307709850254837,-2.758938763752289,0.9422076291328204,-0.9709153997079708,-2.466588778746819,-0.7045048458027982,-0.7956064499496971,1.1948260883192128,2.0743665039635117,-1.2312573815252534,-0.6058638906255454,2.02653685364719,-2.7473093864452034,-3.8771938039272897,-0.634338008543976,2.868654560787794,2.2480512019775705,-0.6604435805076339,2.4346977499047697,-1.0066513331647544,-0.1901357672533014,-0.27767676854963674,-0.9720915509651351,-0.01576239559266017,0.056150825486711686,-1.0405239445217997,-1.410415653733868,-0.37999786850365264,-0.8354607457095722,-1.5016140515172325,1.338125045037429,-1.7589102931703096,-0.2229039484895901,-2.6665004682711846,0.3327451928157561,0.8724026443073095,-1.718916799754917,-1.4080776151484369,1.0267171989269506,-0.8582785170861167,0.3302672021980998,3.15027920272515,-2.85271243849502,2.5608114248577896,0.8399321696661297,0.29177708736027763,-1.3675400562628417,-2.4714974750557026,0.4219370588920843,1.5510041265817698,0.19198615658983978,3.7720598964110037,-0.22234176630620534,-0.508826706100233,3.2197655855118676,81.896
20522,1.3717431417269426,-1.269152816139602,0.9448376175510702,-1.8257068528598912,1.3543666264616847,0.32463629433050745,0.8701925222459326,-1.311533969442432,3.2285747956624196,2.646314765489804,-0.4985299989282913,0.680894023760123,-1.945895092156504,-0.13262903167031215,1.1969784227565112,-0.023545562519930008,4.626379749014464,0.8593159778519757,1.6669272213660618,-0.0820149959403336,1.1404077400783303,0.3425629424624642,-0.1458692355544563,-0.6233348458630023,-3.540556572069923,0.39006506752212766,-0.7417523221780116,-1.5384065911371922,-1.2042766905084135,-1.4226584959326842,-2.3164831169060216,-1.2136952354339818,0.33064201401397697,-3.7195997327094314,0.9223167741947491,-0.7784839106475108,1.3793014911469634,0.9977108887114681,-2.298214518498252,3.093267332758455,-2.7817730469729454,0.07028959521619849,-1.8749712362204307,0.1928564740567134,0.16901314466118933,3.7370013266165163,-0.32986616160082904,-2.300784689429201,-0.7175000780466575,1.0222734608637674,1.7378253631695357,1.6517099002111095,2.257241219941751,-2.1029955782864067,1.4177132725633335,-0.7966945434530058,-0.5162765934337994,-2.5320644142072877,-0.9526939010060889,-2.0175100731111546,53.041
20523,-2.4936923069346015,-1.6656394187368344,4.217525798732912,0.6810641545522284,-1.3634542224579107,-1.0121929795315325,4.369190649920223,-1.1325521080739651,0.46651411411829546,-1.8154498181017948,-1.0943841051539107,5.08481559987269,3.1828855047782287,2.1919341314518217,5.007361483574697,0.8880887452725094,-1.7454857088158955,-3.3095905091152362,0.4115181388940631,-2.3788986395087015,-4.095386954342123,1.876480725235985,1.2141469850727122,-1.6917254082530038,2.724290169654693,-2.628352207524747,1.7778535600085958,-1.645255287931663,2.6123378244255213,1.6156577270909807,2.4186229889873414,5.032265713472165,-1.7529655668240853,4.532763662082169,-3.096896392888701,-0.03488122000583409,2.4275368237084267,3.2329004133519814,-1.5390083480439765,-6.774265229666729,3.7264129275437456,1.1495680000498774,-0.7719678297896628,-2.2700438726118395,2.97837051120371,1.5671257767369997,-3.212846709694172,-2.593106635045303,-1.4938302773616987,-4.575803550281678,-2.742130485600687,-2.082813550771313,1.7833872003782334,3.1477056125690703,-1.8385604607082633,-3.0686648022277687,-3.1518475160370003,0.9751708596412563,1.7348733093629707,-4.078865415066857,101.12
20524,-1.940464192912579,-2.5738815176456313,0.2750461474347623,-0.5031967153609364,1.5763912542338547,-1.5740615053916551,2.3775410858463086,-0.635374167800151,2.8805522707207234,4.243727367879268,0.5076118363178287,7.456583103245018,-0.9666160264380929,0.8791072245021178,5.476495604403564,0.8303960668168006,0.2495600739433534,-2.8951928391161346,4.755387336135273,-0.8700994321969721,-1.7869196301716497,1.562983826062311,2.3200622661614707,-4.260302912978,-2.900216494855624,-2.5876002167448275,-0.49865479663397594,-2.341448740332808,-0.1176525212253679,5.611319519984032,-1.7015199757085342,1.4586755208796196,0.14058401842740004,1.091681396141873,0.18610787934953457,-2.006977324813375,3.8049668104464693,0.9929144110646815,-2.548814761619811,-2.18666527571249,-0.8857079051878929,4.350076226737173,-5.682922143497805,0.6737904475120584,-0.4454531072950193,3.0662727990490644,0.08043706199723688,-5.082425396737849,-0.9582873129636189,-4.5700908619038465,1.4106928911052472,4.63205496368983,3.56749724680967,1.9303834257399806,-0.32254164279773745,-2.7346171482965103,-0.29622108245602646,0.3912672866220698,4.005767261033561,-0.709301243022282,57.375
20525,-4.250563872409935,-0.5706632170993646,-3.739344607135336,1.2452663614428883,-3.0939379550770276,1.9948545547769205,-5.563168526739428,5.080359399162974,-6.5996876600236964,-4.837846282807938,1.0547439799917755,-1.6235537249305827,-0.4517632880631122,0.5122972547448826,-4.067725301014143,-1.0529493954319156,-3.326502198854242,1.442743242038759,-6.485363599323074,0.6444485884975244,-3.4581828371628807,0.8926593255103284,-5.456942896010699,-2.0579747134190716,8.030357894613683,2.3241345710359,2.947042997488062,4.0755265975894615,1.71569389848564,3.0984211547939604,4.243319421245768,-1.0421727061688937,1.4678458692314318,0.10807335397132248,-0.10290698380699587,1.9590396469477718,-3.650214395262897,-1.9177155817555769,5.852312159265369,-2.2009694480882005,5.0499521712585285,-3.699095417610364,1.7407591079042244,3.379967291052268,-3.562914224351067,-2.767921641513209,1.6109048730540698,5.114877922418241,1.8528564674027683,3.3878400877922994,-2.097424735145517,-2.8667458864600697,-6.486733510192977,-1.44801682566424,-1.7940186659386859,1.543129701832898,3.451421497173195,2.2713520744293234,-0.19430865232728525,0.5079497302857362,23.494
20526,2.1804901537270784,0.6320616419181688,0.37600455181151976,-1.1842910377561218,2.508599003847609,-2.9607269697080847,2.771376170785488,-2.0033440668808633,0.09406428403824796,2.712966679383488,0.8731176523261676,-4.151252304211057,0.05130408142048523,-4.027704850235666,-2.7177744917747257,0.31737334218020397,-5.496167616945852,4.277355151814684,3.809496641552776,2.326906490330803,0.3924720228022458,-4.665711618542005,2.199287361689805,1.7896784202363483,0.91877987699196,0.37839632846641796,-1.6275328418932038,3.3425649830576614,-0.739932207269467,-2.957710390197282,0.7409124143314558,-0.7446940457216216,0.1144639434587224,1.283076140107056,2.526635660854268,-1.1783442685141436,-0.8298092618451014,-2.060245517791685,4.355568588686427,1.6258947493253784,-2.9220306165799865,0.8840164264374331,6.199977717902528,-2.209385520592292,1.1295659337575437,-4.245532103368061,-2.6758795126092374,6.84029190409591,-2.2316505459747695,-0.12171683619444956,-0.4944502773698617,-0.004869328387837352,1.8530682812602053,-1.3417298912022473,-1.7808253224360087,2.8406192171040336,-4.605258363837133,1.5909615314200996,-0.28665936542165243,-0.1293362771267499,107.976
20527,-1.9400653740243494,0.670316022206236,2.8231839140578034,2.872099602427038,-4.067109679269729,1.8766796271535042,-0.263620815954573,1.3106451835284259,-2.0579166173949472,-6.919186162851405,-1.3918679150396696,0.09623497026734207,3.240912036003361,4.033799590320834,1.0541895632949392,-0.019788893848925328,1.1069820617028312,-3.656778682083345,-7.289775160461114,-2.5931837501930213,-1.8568761904184123,3.7277860066921606,-1.9590376782704932,1.4355867004647038,3.7586000610518755,-0.25983695256936623,2.3874720422617566,-0.8059914420686536,2.7453805461338727,-1.0881788373720909,3.560663477828014,3.598491922894868,-1.9018736194262609,2.50032953260026,-5.009463587041253,2.848743408997774,-1.112437733281869,2.3522990774956662,-1.7309482859333862,-5.095681797345371,6.390544256187614,-2.837190613735413,0.2548312576146534,-1.3636814705868785,2.2240964208968,0.4529983636232855,-0.6646582742025758,-2.0054581617992806,1.1771319109407565,0.19107722859059556,-3.055241867562375,-5.569306935725965,-3.166655493176716,3.078031961113596,-0.5683417123744048,-1.928702022952803,0.5151332137380015,0.29669294679696984,-1.7783454202755786,-1.2065775020666187,90.031
20528,0.020449282817757528,0.5913790733730648,1.8308653295338364,1.234292325870264,-1.0431851873807692,0.16971193048734645,1.7207346424440824,-1.2241538531249663,0.20740281916857187,-1.6303015583858036,-0.22717789303002867,1.8136878971678658,2.5764087995762224,1.4780808114793293,1.6513463529074328,0.4524261869753674,-1.1642472283216856,-1.931526806320346,-0.34222628260099364,-1.2514567173972648,0.2217854444154224,1.3607127601719289,1.6324642112357879,0.7412482614987843,0.3698829652225753,-1.971974446572231,-0.32335840146410794,-1.0350669045720695,1.3144512794340462,0.37406605759189604,0.020368007513153496,1.3750267457730736,-1.1763277077438654,2.006783042123402,-1.6498536514610542,0.004742111788619413,0.35581244438584103,1.2719245768854042,-1.7688807805191311,-3.4310778015697916,0.6686102918228379,-0.0073953020743906805,-0.3595738080570785,-0.8821631996227429,1.2097136098188634,0.5183838328955442,-0.022219891134223582,-1.4439017195334183,0.35076189972520655,-2.47558568303234,-1.0379301394623606,-1.790462688413042,0.5915035357077099,1.649558809322618,-0.19581277998984475,-0.8744904649503653,-0.14908586866101203,0.4127163022726593,1.1186566372363227,-0.63450449892132,113.25
20529,-0.7185273150874275,-0.3407358327989809,-2.5827592040164675,-0.6021234725844328,2.0931438443339734,-1.7873647638527372,-1.1060481615830602,2.0050371701913976,0.2701815505301367,1.0422895283149445,2.4576548034776757,-3.331515436166974,-1.9606288666390057,-2.8378175944909447,-0.2339324218817882,1.2732832158628067,1.0483680797756547,-0.5017493063380236,0.688665710197803,0.43621405868114294,-1.0672552258692123,-2.7485354877758605,-0.18865637615168152,-1.447709733714485,-2.476183749878473,3.553378349963064,-0.6453736024791099,0.672196648874914,-3.5273855991477387,0.5014857213420619,2.236432438029781,1.6486124050867559,-0.25361399150663994,2.0690192369113243,0.8498990670175418,1.4487387209435039,1.2163813768738343,-2.4289818204658906,0.9841552333060267,3.7558190570068506,1.2038887479866587,2.657110995165257,-1.440751504016577,-1.2860796549129954,-1.2179613249236974,-3.9364128540362913,-0.4999549964303902,-1.30867647718916,-0.7060531061730136,2.159220756492105,1.6841406775195233,4.676289208298109,0.9370731165861373,3.0318882103084075,0.004024252363034525,-1.0010987210535736,-0.5591675325167302,2.2963441695921833,-2.009508871482105,4.371356781035117,36.096
20530,0.6159315919597043,2.339261929331334,-0.8387850598928901,1.9642108602180757,-1.85807895247879,1.452275616753218,-2.6231930360068696,0.9941490162445688,0.15602651915374555,-2.7652852414931117,0.1847274464532983,-1.4582945595185315,1.1634012787728574,1.914572368096411,0.12815756855389687,0.13261974152709724,3.453661141098557,-4.606314801957569,-4.210109664884995,-1.9684193802869072,2.722374630188722,2.4264706417481103,-0.0497727833733666,2.167346239015257,-2.9013680836467097,0.5816732202018475,-0.2942821082845706,-2.4694344791550935,-1.7536634937222921,-0.23067226727425186,-0.2700228986175094,0.7829550870256863,-0.9570638647185988,1.0084062373730536,-2.6075519918875405,2.37046505756725,-0.21726201633087108,0.319421051747777,-4.126298663513718,1.1787061216814074,1.9381002940037555,-0.7671070553184902,-3.529206318475069,-0.06969182084924452,-0.1587134018208668,0.025201839194217777,2.869744508364627,-5.874776208155771,2.392174534946434,1.3675583399033933,0.9689393271410042,0.2358071532813013,-1.8929159127338626,3.5454935246120547,2.56594721339202,-1.4348928884670322,3.604591676488399,0.21528489193963474,-1.7458781415072877,5.435312891214149,75.736
20531,1.1283738022973757,1.5957534350473226,-0.8909552841652792,0.7332890902678747,-1.6895317489063826,1.726240237302818,-2.4584657230332287,0.5423698046891554,-2.028089363117993,-1.5761617152418985,-1.321866941304207,-0.8647801986412721,0.7176921106242111,1.2013896900436722,-2.672559519734612,-0.7969884088683522,-1.4490419179802976,0.7767807812777104,-2.5010565566796576,0.41899345204926686,1.9714047065933231,1.169789566917822,-0.9600594918023551,1.9652382155154187,1.9652921036820628,-0.6905173390559908,0.34602480932134094,1.0214326484911234,1.7524783858881132,-0.48469085202324,-1.1636777549150472,-2.9979526603221447,0.5185943244546035,-1.8235799026967296,0.08071796320849083,-0.1772500280457531,-2.326209874250604,-0.21747105628663183,0.6801988468851855,-1.0399975176217424,-0.3035661877140618,-2.9153436993115194,1.7713191198843667,1.9844694074641749,-0.5249476181034234,0.36616226159134685,2.0060892666956756,2.3468735864059505,1.9862052475421736,0.7493410314569761,-0.6111242157104524,-3.2700990500127602,-2.6350407686307866,-2.532073621659671,-0.003353571392016641,1.5097826353403323,2.2328355434472713,-0.550529064277044,0.7094696740688429,0.1321105678916984,83.72
20532,1.3006185870487168,0.5689357915729412,1.1137545388983416,0.17556996546660575,-2.933563939889915,3.193289782591931,-2.7658193393061055,-0.12274640966562284,0.12182791522636016,-2.7816533311871603,-2.846596988435157,0.8438184043961209,0.39460431662652723,3.8356571146948566,-0.43390319805560384,-1.3582678091469937,5.835000804543377,-1.1122258276482484,-4.4371914648597475,-1.2190902172127898,1.9486055969441538,3.7832511521885777,-2.0549539180720333,1.7321569814832598,-0.654110054513722,-0.7228832729381947,1.2126594064462208,-2.805387731238168,1.4832916578458055,-2.032946462100947,-2.4669473544829477,-2.3574312015745886,0.2858455379805664,-4.961905031395614,-1.925630606457794,1.0905924350632303,-1.1121808749590363,2.2047719453258043,-4.118135542339417,0.8205386878603911,-0.179657420121077,-3.551767230584364,-2.3135649265861065,1.9086962731753152,0.25810339192618664,5.073141999905911,2.2834800106358752,-2.9104317100690165,2.5982616003931054,2.1508832900091144,0.44184490460191445,-3.5761602549270237,-2.129255546554337,-2.5019243321360762,1.9156928503778428,-0.8196395167709105,3.4981656440593025,-3.930562750540192,-0.9862480903605719,-1.5994022180476108,66.002
20533,1.1182453528948768,-1.1315937676666465,2.8651469824200424,-0.3636251399590803,0.7462655171132548,-1.0935731701922065,4.4763662873480765,-2.3880645016124835,3.7582998722904875,2.5571458896707564,-0.5763927227385143,3.839010215251951,0.6981786428861234,0.9149065515894126,4.346435554366834,1.112861008325443,2.0930018070578944,-2.1400385619106714,3.867167565924942,-1.4362939955936929,0.3415729246721538,0.4520542912581562,2.9811023097787035,-0.5091854011632696,-4.0110353556303515,-2.204591692846515,-1.2445324863223661,-3.0015165480936914,-0.2744079897767208,0.26177174943706544,-1.8362545769892524,1.7256622497301137,-0.8963544086135757,0.8667753411250247,-0.7315106720607213,-0.8564007687251652,2.67247671215691,1.9117875250229979,-3.9193790032302034,-0.8997838678783238,-1.5806915248828848,2.398129152272621,-2.7665544779300784,-1.9731191990414811,1.9491007835166343,2.991839016087503,-1.4570363984533334,-4.296914734271441,-1.2563412264907323,-3.2844126904909126,0.433617462622745,1.3949605568328574,4.135481604532522,2.2150826933383168,0.43288992477378263,-2.287848832455293,-2.3022882148238297,-0.7674612857404709,0.9072417085646234,-1.2306755694002567,99.162
20534,0.4400019835286098,2.04890331334963,1.2878242583456565,1.7118118206986452,-0.474563524353949,-0.7671022287102296,1.0537073730209783,-0.09734271027839894,0.1376733421242492,-2.7319697277161916,0.43318761173978015,-3.3405825260790967,2.3159223588969295,-0.0823328479255519,0.4233516613905959,0.5979127999411383,0.2557919531171643,-2.6356525140122242,-2.167020396420739,-1.1321139914655738,0.806477805282661,-0.25585854803110747,1.2596176016021041,2.016438797767649,-0.5856101473437966,0.6105499471458826,-0.31531150566154564,-0.670349450467793,-1.060020673118718,-2.2851395111682042,1.8780110325790151,3.2816686848049974,-2.449678353536312,3.667211936249268,-2.0605313244743138,2.0442334402561477,-0.18672535864421153,0.4220088582496928,-1.2121871547950112,-0.21109136610631593,2.8758728344865148,0.7420494967660001,0.7622835269795347,-3.4631833542559636,1.988874267050949,-3.073135539652793,-0.7567124645189338,-1.98898958556898,0.06332377548249045,0.23000062717594177,-0.8638582378467803,-0.7954323089037039,-0.10661344443774448,4.200524442491707,0.16532644100754051,-1.120182996711996,-1.441317913636562,1.7266537123042753,-2.336650547651085,3.123868721575252,106.485
20535,1.2689527452459428,-2.42944669894124,0.26845174149700385,-2.3592886137213775,1.01239635472016,1.1969819817055678,1.2037175010665497,-2.941173891559372,1.1651758238483734,4.954857413453374,-1.7813368624278294,6.506765566193134,-1.87044002880642,1.036949042046605,0.23897821036563477,-2.002389397757827,-0.8260007092155851,4.332804088276446,5.178789337523575,1.702130288004778,0.8336922806218466,0.8694402777627387,0.411086419102994,-1.762731961703485,0.22444092814890787,-3.539822870468344,0.027328262554926694,-0.24753570524654966,3.1227476210739207,1.3062363431067787,-5.606508729250502,-5.86556120595488,2.661803257118389,-6.820296243801671,3.564698236702637,-4.767783044353907,0.05918149332456279,1.021328258932445,0.8797561122836416,-0.5813838984903209,-6.469478912873736,-1.3905169518648297,-0.1301582234579859,4.471141105371891,-1.5905365685595132,6.05252384687828,1.0720528908322264,2.950275463389764,-0.2735129244068719,-2.442501679097639,0.6218343597605827,-0.4438561754026994,1.0444300507217883,-7.9666939970334045,-0.28242708306255704,1.5147734428343904,1.0055814836769614,-4.054907919703238,4.698055973704632,-6.753220241558373,65.351
20536,-0.04242597057461188,-1.3150372038993137,0.057689322695487544,-1.4821617570995045,-0.8178627510536016,1.6156059167956496,-1.5229959390255399,0.0292901319386826,-0.26137145627398206,-0.5952088466343423,-1.0385169856650818,-0.44638856240525576,-1.940405000504697,0.11909278420866432,-1.8757416620601512,-1.0517892187344118,3.402976695981365,2.637097104504242,-2.261251572161456,0.6579993824833322,-0.18438393089361105,0.3395701475563041,-2.9575504517641913,-0.21789824817744935,0.9233068415607183,1.5072949641190183,1.279711520570625,-0.19276360584124952,0.3761968385464478,-1.9476680529109913,-0.4113099873845559,-2.319629019213728,1.033819502601334,-4.687469684116479,0.8378729718965912,0.5223503682496833,-1.0390487882469222,0.3721133790916866,0.6531842432987588,2.21961235251836,-1.1056093923083434,-2.848717410986745,0.26114164819242114,2.083610120024073,-0.4725755322324283,2.282379730402703,0.007510226213437787,1.3067090745127954,0.14786615342494788,3.4202833930156853,0.6809403619221737,-1.6599913466314649,-1.4346205260906795,-4.218200137298616,0.6499708096172059,0.7520943808070564,1.1889585331231511,-2.861215249194313,-1.288919278664787,-2.8141830388502242,33.32
20537,0.33090374469148676,-0.9325672362919242,5.6044728489979105,-0.5435525727209845,-1.1873936876626998,-0.6972960756124946,4.1728457616943455,-2.6117522932331676,1.3706752695603728,-2.151792040086054,-2.3070669401058397,-0.9117321213006172,0.9687005487299036,1.0928651216417427,1.2521181740193041,0.27975505331220607,2.9242949702633743,1.0877715693170484,-1.601158126594725,-1.0273384038269016,-2.0259622851020156,0.3509105745858557,-0.8864629400637787,1.4099328216006777,1.5892810955239949,0.04751772699233796,1.910527073852524,-0.9027567630514985,1.2801650752077294,-5.035504708460476,2.0077920279937245,3.4725991573240247,-1.6429393298519128,0.05229917009523369,-2.2018373141436527,1.0708470230972331,0.793550453909099,3.0936825190497412,-0.6477914715107147,-1.7391587558797892,1.6002173308024508,-1.2915063075427018,2.656790700001015,-3.4642427782852985,4.0673357723887325,1.942241670406761,-4.8167369549486585,0.35653262010833053,-2.1694050972163357,0.4456770393705276,-1.4928034311778462,-4.827865311476254,1.693924433320847,-0.1080494840391572,-0.7533053655783668,-1.2658803569441675,-4.886302760222884,-1.9463393451485937,-2.6421802511029537,-6.039401351252549,94.77
20538,2.211172292245462,2.1153321331744936,-1.7250351462156608,0.4330098410287926,0.4767210997221724,-0.7896418546285026,-0.6065459305108345,-0.16846149478306185,-1.0892118255822092,0.35174946139016766,0.7488106403762314,-2.2062796392389155,0.7572494098992292,-1.6978514323539131,-2.5808879608086155,-0.4930470225294019,-3.8938453251775633,0.6557790610074588,1.18350173702105,1.2037058447497209,2.0336605105330188,-1.660519671475668,1.311108833063023,1.9593238607148,0.13003050512689004,-0.5720483552032968,-1.3606691948040246,1.8931171562474813,-0.3396118794612125,0.21825452081345548,-0.9465284475365013,-1.7670664178031175,0.4614022449845352,0.7475419321239035,1.2702168015834379,-0.6400721689352709,-1.5827949982589233,-1.5369058961563233,1.6112083780074997,0.3002401086251499,-1.8993418671896594,-0.03847039088568952,2.499324541842103,0.263049448587053,-0.8284554899278569,-2.881678470250776,1.301697815951665,2.870539535079893,0.5020956409162312,-0.8756923899235305,-0.04607024889114003,0.4750548419645024,-0.9341664704672538,-0.0792771578528957,-0.048093103680836496,2.0384196822936302,0.7836416926772669,1.4248647810978847,0.7269742940614285,2.818157834105541,107.249
20539,0.4908131086885444,1.3708875641873048,-0.6216961376560561,1.5558872120481568,-3.3453297774994986,4.030170746049227,-3.6554206511559113,0.43199504854743404,-0.9621748341373638,-2.4377992307270824,-1.7155492673118693,3.327690064312574,0.7130565766287517,4.691904823072915,-0.7355806764297994,-1.3218776904716771,2.3198600422067672,-2.0991506531265305,-4.1306109666236575,-1.1327187134638224,2.6260869402706097,4.552757370539332,-1.2267145054713127,1.7324904927321823,0.20098349253538378,-2.320143350528145,1.0865372695453757,-1.4818916214393076,2.7592743709964704,1.3173065469069984,-3.371091108468281,-3.8126392266204174,0.2215212262301391,-4.191237051973083,-1.7065321927402393,-0.11438181138980064,-1.6922498331144613,1.8599690590642124,-3.3501468238553707,-2.1255605543972114,-0.3140702031715604,-3.7672041600311226,-2.8176818087856974,4.0499629905944,-1.2849294965907734,4.398817893558108,4.733930964069833,-2.594750500869597,3.7345884834404384,-0.09893533809504582,0.018402831318312978,-3.312749323519003,-3.8341013291958146,-2.468267816856891,1.8157448195684578,0.45091370714138757,5.7806635500387715,-2.53962889505105,1.9747630668799498,-0.15849100884150025,72.371
20540,2.1770778093134924,2.0980695283677466,-1.9864899938950216,-0.07770914195061851,0.523950280865395,0.5778601068849739,-2.0171410500889597,-0.30588543438952964,0.6385237319076926,1.3082063029906037,0.30461042675594757,-2.006799850588836,-0.4986099984708036,-0.04402095789601501,-1.6154247760780045,-0.371373309786887,1.4948390615093547,-0.6635120777835801,0.2731480128220134,0.20934056447166932,3.664770539547599,0.03796208028809149,1.265782609444472,2.103817544631335,-3.0141474996123017,0.203602931061764,-1.8510407291706392,-0.6474350978179882,-1.2304944538805667,-0.8678249672024545,-2.3556697341312947,-2.1215970474344448,0.11669011210490712,-1.6474564411195571,0.7139327027526325,-0.1438793608487829,-0.7052155427521185,-0.9127635595534516,-1.9446598422619317,3.032259083605024,-2.371812826032384,0.08793955619166927,-0.8944701531221442,1.1261446064739917,-0.790985215270495,0.3763551566457757,2.614640904104104,-1.4886119391592492,1.503495615613264,1.0574904590768788,1.839708949438851,1.420749054965306,-0.6086659514944915,-0.3615513173560661,1.8614562343621464,0.9558471504887269,2.3276777064240104,-0.8000142215740862,-0.610901923744165,3.764969766109157,80.954
20541,1.8088556854116817,1.8767235535428843,1.738812965863531,1.3820944074145722,-3.1210499329937575,3.3198387930091706,-1.5787313979079636,-1.501061347626493,0.4928136203561528,-2.475340556708745,-3.034922477154147,3.020306845945747,2.0947260088558597,4.843267951182523,-0.4395565720535226,-1.2397743752094175,2.7886814204291492,-1.9262538346508296,-3.2958883007226514,-1.6088815490594859,3.7541078227569296,4.5432368102514635,0.18737839756474842,3.2369724020137927,-0.18850535018225523,-3.482329733510256,0.2624452937402359,-2.496240708397137,2.829686395644663,-1.1077892430388756,-3.932412231209627,-3.0130912005034483,-0.055494594949887274,-3.9534926786973394,-2.208797611908669,-0.490358881062238,-1.294263711877673,2.6867151837696217,-4.815766320543145,-2.591340315751037,-1.240703403057097,-4.097491619366478,-1.7299953760124618,2.3225915154638743,0.6269206877557858,5.342828331871098,3.6422440289230615,-2.790384982832377,3.630730756816755,-1.056956725064125,-0.4730837533673003,-4.977478738742368,-2.410503432958445,-2.6931300085463015,1.864755298180114,-0.2188363112077154,4.015849427677565,-3.6998388260602315,1.4584974752777082,-1.6792083783051301,106.754
20542,1.8016506356252975,1.9160652443202257,2.1655362113822125,0.3274006775581326,2.888205163395019,-5.144904156643283,5.944651210665964,-2.0318157415306572,2.7595029685928525,2.065324251571084,1.8874601861855909,-3.891214099162019,2.4430018147068955,-4.049644697360643,1.8940087023660643,2.2381402764697214,-3.3830980482379767,-1.312591909813847,4.42448402623358,-0.30523888156489654,0.2357945917249989,-4.539360138106943,5.084603390971981,1.6312723646938307,-2.6553991591549364,-0.11397170282089888,-2.4481302649312564,0.10353675524838457,-2.7370415961132206,-2.4142408574435428,2.3953077751121397,5.374017455777054,-2.341638786961981,7.33909107162954,-0.35924568524110934,-0.018715416392221407,1.6551161948657693,-1.1332985782852616,-0.07188681926589005,-3.1153554412355344e-05,0.05222017733114912,4.860762776211082,2.942619412743893,-6.7936111052550485,3.2508920806381036,-5.8465786628767535,-3.9140679794905138,-0.057938320941733804,-3.4474083963134805,-2.8684364684430936,-0.5158940860957948,2.6169016003359236,4.852962819412739,5.911363743931513,-1.0947705986458474,-0.4931702370283292,-6.329257173175627,4.000504111971513,-1.7383399377576312,3.2582497326981983,135.196
20543,1.1587707736512387,2.4769547962386955,1.058012977439035,1.4693661660931743,-3.685420195266957,3.119228045901787,-2.976447319459886,0.4908036795750533,-1.3296387614145926,-6.093855002482902,-2.436610648485664,-3.578628637556699,1.7458379304963403,2.726051111397377,-2.9601142687840025,-1.1048193094390621,2.3085672825090495,-0.6679281024335502,-7.23117898363402,-1.0366390329713333,2.1192101200890376,2.534920985078584,-2.480579526269051,4.35459356976298,2.3820664200278854,0.6425595007679565,1.3941693817285137,-0.3520082423334562,2.0043302057423187,-4.594876130926637,0.508605236042683,-1.073357920059464,-1.0056997121521019,-2.026027672584642,-2.6663729190382712,2.3885112729257836,-3.0273011100655696,1.3900257815037476,-1.5772543692541914,-0.38274660993549653,2.302851800542612,-5.518587040275373,1.927136412741133,0.24769654723901416,1.3389016149698785,0.9747309662084696,1.4046959817535307,0.5112805405212362,2.517472194603684,3.0829746058889755,-1.4247789222178393,-6.782992107916078,-4.570472014769493,-1.4108022220149756,1.0884822292347935,0.9109014871559185,2.38210043268171,-1.881061099750571,-2.612984660147224,-0.40436088041938156,90.077
20544,-0.9867344504354465,-0.6178943661962005,0.17238082654181158,0.23534035585085222,-1.8833595163105923,2.3678181495887216,-2.468551633919078,1.6105378814731468,-1.041452707275662,-2.1329526358884334,-0.9657636531390186,0.3889930289047056,-0.516447574655668,1.895764520477219,-0.800718911004007,-0.7147421734368378,2.9899203022896996,0.20183726792156753,-3.6141978607413323,-0.303963795683561,-0.4120565508508732,1.9891941145263006,-2.833070831185835,-0.4569823150878398,1.0179991474339398,0.9369585634960289,1.7977673719602605,-0.6830684205470742,0.8397344764414784,-0.4771818372589665,-0.13071168632898478,-1.1845071725668515,0.17474178092851816,-2.7813989818714218,-0.326577838665256,1.1094188022146119,-0.6818753834004698,0.8065570619397495,-0.9067476876738907,0.856795531831313,1.205588373860421,-2.437456279932931,-1.2160549721564744,2.0707174349144286,-0.7153591467888472,2.1030400711899326,0.982862010349397,-0.5265273005396712,1.3969468314560491,2.8467194797404214,-0.055308509397308345,-1.9996156237067029,-2.67911255420339,-1.7380304757296123,1.1060486379647319,-0.5317222979527566,2.336099061886484,-1.682477042811833,-0.8639206073559311,-0.97312759213469,38.187
20545,0.6361821858627115,-2.303608706685391,3.4482498582863936,-2.08757701515517,0.8757391578184666,-0.4800240604097763,3.0895086037557213,-3.190454597477317,2.853990331441282,3.193099382592967,-1.5224324840788577,4.011034055829036,-0.5875672206093124,0.3830345924775023,2.5487813223974434,0.11748638913423301,1.993513377905903,1.8473181096693327,4.289877718531216,-0.29856140618438065,-0.817602156982734,0.13475552467716317,1.026605397056224,-1.036822880511224,-1.142031697759269,-1.939627160160759,0.155179402914826,-1.4786265848912983,1.239182584570713,-0.9421743472240727,-2.4966528560854746,-0.7111564166275054,-0.0021179115509819546,-2.9217267021122217,0.39511228848849056,-2.2786637290695646,1.8583540542801693,2.3340187830768877,-1.879395278628903,-1.088141934936342,-2.8837993435471034,0.7453463088028245,-1.2043863411829812,0.04753652042487089,1.5618231452320461,4.7286689642690405,-1.9185552503609187,-0.46702278765100214,-1.549850413381501,-1.7120012645013418,0.3869938041737176,-0.7182899936803245,3.3050184924861057,-2.963238248254625,-0.042428886271715704,-0.8330178328706827,-2.7384953887733405,-3.4471517287117415,1.5791508869584439,-6.139264970278314,79.556
20546,1.1840800266108866,-1.955783287942121,3.018270745239461,-2.8235650285679825,1.5729603896578934,-0.25195513694821803,2.3510117612996577,-2.647402484204345,2.6312356314084497,2.4944572888364007,-1.867599428603731,-0.15732926293701832,-2.0495217443187204,-0.5318406817615,-0.3244781842293748,-0.4958490359343344,4.809933128319842,3.8208512174356364,1.5959730151196205,0.6244020553172467,-0.06546225101901088,-0.23312576260014573,-0.9111410845249717,0.05101480810427513,-1.6722681777951336,0.7835820342618243,0.7213074561000606,-1.1441673829763321,-0.24700685059126515,-4.366228562855312,-1.3506215820251288,-0.8591128065696372,0.05584071813722624,-4.839371656392314,1.2459384966123408,-0.7458025298331532,0.47792176469082115,1.5056885314668,-0.6308064727620722,3.734759274214278,-2.8487609583374445,-0.9162716914987408,1.0551946527999492,-0.6917759427441111,1.783040500336118,3.9676823093344833,-3.060807571864085,0.6455810776860168,-1.900136649300304,2.065108523835537,0.7212028117513888,-1.450752032639535,2.1537650933622237,-4.2102985663822485,0.24037532717899102,-0.501360932499419,-3.0393896842081856,-3.9792335370892524,-1.596654927042134,-5.684094387324681,47.167
20547,0.8335045376739818,-0.7249631259468686,2.0486884770104488,-1.206119938541191,0.8886492130180186,-0.23826191825108495,2.282764409971728,-2.1612091511487144,2.2194082595539433,2.276607855476761,-1.1091905815963885,1.5912660463351527,-0.45966455248610016,-0.0221449646498275,1.265623877942924,-0.25507024786719446,1.330326815039585,0.9077578747842985,2.663996218404435,0.20357822758601168,0.5449336179518529,-0.39034867531623907,1.1168497088863742,-0.01665293223412878,-1.674076040454625,-1.253805450731281,-0.5682992189977714,-1.0298191812496265,0.6659215257811393,-1.132844298563391,-1.956631364169747,-0.7102696343992707,0.22319299251150365,-1.8646091730197694,0.47385195226819177,-1.5637592386196253,0.7722849446224066,1.3285854889366762,-1.2276975652957245,0.4356517915701047,-2.3290857860603493,0.18518582982909615,-0.17811089927859072,-0.1322555930667666,1.0246037739617762,2.5567667408420047,-0.9186109368691712,-0.09021847283022985,-0.9469615211927898,-1.2010997463312165,0.4005418109594704,-0.29206194937879515,2.1595231325027098,-1.7952912441189357,-0.06471231402098279,-0.19502665460975233,-1.583618304456703,-1.732851365087861,0.46444261503389184,-3.101511375739917,77.04
20548,2.550150653008732,1.4572983778544584,4.7907196200077085,0.6333012951412964,-0.4765282410294963,0.08145276382369862,3.537082337819572,-3.427100499417174,3.133664345527612,-1.1837338877616004,-2.1685158903139516,-0.6400770620503692,2.5871409443389224,1.6463677462891302,1.9570952533246593,0.4457174937318108,3.0192954715134834,-2.003714445967686,-0.2971779645982313,-1.6141092840156326,1.7710846824310338,1.4721606490290173,2.4809970091423597,3.268331088101905,-2.4148379578460806,-1.554072681957915,-0.6953861029677615,-2.876182932629649,0.36426277211428554,-4.264279453703972,-1.1879171372357957,2.1252729743372916,-2.2177614090700812,0.5205480657475381,-2.4540746651861363,0.6748318179083006,0.4098344447627502,2.2870021941913494,-4.471600335705478,-0.7790719788881462,-0.494221678444126,-0.4555161109364054,0.8569817321086877,-3.6151521721298443,4.007840215168971,2.108699323760985,-1.8699060461044623,-3.485033017972567,-0.6516963751348455,-1.5951851166102968,-0.7348500564763342,-3.1214187982498274,2.236436754124779,1.4980420820336016,0.8288349815968593,-1.3183881725001352,-2.333919079001678,-1.7367929986668644,-2.0376285404279866,-1.710978016078366,128.609
20549,-0.7887616743859669,-2.218034489630267,1.0712867535472284,-2.566039639001752,1.5366400043378554,-1.20574520955863,0.7160860934160486,0.1678054539759788,-1.1675294547296629,-0.5467833152723538,0.20469660214439672,-5.940968112427827,-2.6437557700551504,-3.8384143554289976,-3.5241071940751514,-0.2538378043133791,-0.29302415596239456,6.897108681944011,-1.2927203122132163,2.4818064791130334,-3.858223487247339,-3.8656027855354442,-3.9969289484194443,-0.6260892814603813,4.288218395201528,4.26775663315955,2.236598600952199,3.519288349145907,-0.5766336865233328,-5.028558888846759,4.51761361667599,0.6400767772278779,0.8482282076721724,-1.7899404139810196,2.0579692693896927,0.6933555554949037,-1.5296597017321538,-0.7548482458343384,6.726806442259507,3.6011196392965803,0.7286410100142884,-1.4448244243534636,6.653227371101762,-1.721466763043546,1.1385716552820133,-2.660789401408039,-5.734645036198055,7.223780954952591,-3.4075612766605126,5.121850688910851,-0.8500811542130692,-2.4761469861988847,-0.36273420068166257,-3.8391188695950738,-2.814594716623207,1.8636374907420021,-4.638749514935634,-0.19243648466258617,-3.928889907819818,-4.860617257919751,24.473
20550,-1.5388024488630443,-0.9148168090585523,-2.8393166263356493,-1.0899726310371598,-0.05609834415017006,1.142432834923184,-3.1973770783557782,2.577515241691331,-0.4192566847592408,0.3883821268793044,1.1731855454563487,-0.5417756509844649,-3.200825238175897,-0.18872936792860848,-0.31225246084740066,-0.20063615314011976,3.851402091093894,-0.24116352634182994,-2.030519416421608,0.0616216498485507,-0.7452363211223034,1.0814385589294173,-2.8887345879593944,-2.0652933799446767,-1.2477840749720215,2.691087554979463,0.6499609238157253,-0.7258782809091809,-1.9819994428404963,1.3272339772314852,0.34541114433157466,-0.5189191809491014,0.9986945357389702,-1.929764286522181,0.8692938628026192,0.8876251132035832,-0.05537290492785457,-1.1878170651419533,-0.10608787740886541,2.8093739482719435,0.9094884616335471,-0.2566949027055461,-3.2631096274482356,1.8810365822151733,-2.1539058991088607,0.5729365026231473,1.7075323203155677,-1.8492202081441305,1.1435067847376343,3.1650458685253686,1.625383653014267,2.5658085421003083,-0.965763676849579,-0.17954242239834514,1.2111115784672588,-0.6775351379866775,2.968065463304895,-0.3573030216309857,-1.3112406362162652,1.7865448972368183,11.014
20551,2.094177553939526,0.9880357592534108,1.8176665487357522,-0.788773990149538,1.6689783769490592,-1.537313768798613,1.8158067264501785,-1.9005947844675461,1.5196820885391067,0.5363215483788574,0.0018475325019934319,-4.540202352047582,-0.10933958794002556,-2.1997670428221676,-1.2712271070758014,0.0952656488755319,0.9373213693001682,1.9409558795544688,0.7926811431800317,0.4488596457282954,1.2273092781353045,-2.0893266932590704,0.8990510116703635,2.2798544752283663,-1.52189387571059,1.4782852588805155,-0.8154605520884068,0.3232687218771961,-1.4922083271132105,-4.551958584136906,0.18281425815779084,1.2233999370240753,-0.8598782013744356,0.057376688047173635,0.5413327936573339,0.677987372099406,-0.3767678878945283,-0.37156988537835617,0.06297760566031169,2.9519066948888475,-0.9047506169655652,0.2400951082358551,3.0020749363918457,-2.9295441921968317,1.8964713790184748,-1.5599115159058394,-2.351401244682365,1.4679544928157773,-1.5387032351094716,1.8725902957504554,0.38921709539329313,-0.10247531854403064,1.5674035012375651,0.21676060813381642,0.0940428408433337,0.506231473797692,-2.59448849199823,-0.2837888065355503,-3.2888492022070226,-0.11956015873857465,89.292
20552,-0.5658885075676219,-1.1267934032378388,-3.4767603839949657,-1.5485518379747056,0.35896760181647785,1.2593141933615888,-4.207011690939919,2.809554350995583,-2.194477936090961,0.0006368630019683574,0.7337561367514078,-3.243620885163929,-3.9462355811447876,-1.625139730914091,-4.474950892151257,-0.6722786335591395,1.9890634565504666,4.06707862672031,-2.5363404416804856,1.9224298446454051,-0.23376161275356916,-1.0618612718278013,-4.077654516033713,-1.5497286398492218,0.9495253765508358,3.6662756615079926,0.999525373182982,1.8939651710044187,-1.2324846164787975,-0.9882880946402375,0.47078711277969076,-3.4227173698650932,1.9112452264066118,-4.547011669693074,2.9220108994070775,0.8533686045952105,-1.7048594630980964,-1.945352579194119,3.3987006911112077,5.366849718080864,-0.6222954566682937,-2.292444410712002,0.8332232893754692,2.9422854000782546,-2.725462444704713,-0.6170832125223322,0.7501572541908732,3.5643642636353,0.26783933115629543,5.615433130077138,1.5549411428716564,0.579358128886027,-2.463531492467368,-4.017108113866798,0.09974079809044664,1.867507142972789,2.0493352149475204,-1.1829732198354475,-1.7102457582814625,0.7488802488635329,0.539
20553,-3.7521424826309433,-2.4147896544271155,-4.403940251630225,-0.6579031718757127,-0.8864775642568281,1.7324182897476341,-4.708521054953939,3.8353303810203236,-5.830364818054574,-1.1363906691706465,0.8733545416923486,0.41016945973314445,-3.0864327592740843,-0.6247352729609845,-4.4378090565099235,-1.5030637107473772,-4.4525288706447235,4.994099530753613,-2.277263214896985,2.315193846395148,-3.343023275397237,-0.6905354702860532,-5.131088407209611,-3.822516190481553,7.5818002721004705,1.7789530814148768,2.6480933224886867,4.958833299907124,2.287959414440722,3.673784658837254,1.7545471089517415,-3.773330050325642,3.0688354200098678,-3.5078341684121273,2.8551833374036937,-0.9243961688427054,-2.3413928669099024,-2.334021676036375,7.858429335346088,-0.8560821406712608,0.7503638173300043,-2.2454862090568253,2.4370102227365895,5.337448520074242,-4.062840325259733,-1.5942841049290866,1.0520704324095826,7.782178268262107,0.334734809824715,2.7731930515203764,-1.121734506128224,-0.8274365446929992,-4.827605478682152,-5.177380955231819,-2.226713728053788,3.0530570807064428,2.6273561563403938,0.3654570410820319,1.7005155522311375,-2.2464574306766236,-1.924
20554,1.3542469789962768,0.9976220472521901,1.9520662968630103,0.7947316466886086,0.056648574687485076,-0.4570594097806601,2.1706569742123376,-1.6649656878148906,1.7776702462705447,0.48530906833350457,-0.8293257760104508,2.8506892212252266,2.1159460009008235,1.4364428165150378,2.46793889385202,0.3901776767621249,-1.3818254166406403,-2.627292237619639,2.0830989683139847,-0.9941249769846048,1.3241450213254131,1.154355711809334,2.8437681896687463,1.1685018678005998,-1.542587934618914,-2.9597140083199722,-0.9881413732209623,-1.7323785130238112,0.767139905273715,0.8202859848596344,-1.8959666096965233,0.5894689051341224,-0.9025122863298545,1.5426275173143509,-1.072351093392053,-1.3276771822125777,0.9500726261038039,1.6391716098262543,-2.518492413216881,-2.7562724533104896,-0.6211759290974479,1.1986246024434328,-1.1599499578023769,-0.870218874526819,1.2485791779765543,0.9946531832697919,0.6135311322492353,-2.370378652311081,0.07116864316684177,-3.7262888544821333,-0.6674572755701043,-0.36386393354923185,1.6346827828569885,1.7787823575274953,0.2716040482702097,-1.0274582712036358,-0.1972505798999603,0.20118588097344986,1.934265196782774,0.23480060525149832,118.057
20555,-2.527000918115458,-2.576141940942717,-1.398485096036313,-0.771518030601742,0.6420166072175968,0.3176580457963335,-0.824115648274761,1.980007272793538,0.6205223263131855,1.825848833237584,1.091473705317201,3.805283634990573,-2.575080536815611,0.36221518953370013,2.7487633114377883,0.7466273262550043,2.661691346784841,-1.318649797610764,0.686269003914827,-0.5079327108649706,-2.761220388181892,1.1588978924786302,-1.5294673734548103,-4.749750804812702,-1.3944504046645865,1.144775243854409,1.0025315720484969,-1.2373730432827548,-1.3101744073316062,4.008082546939894,0.1852419486707091,0.8366131127448309,0.6025742628241757,-0.12100199959707905,0.6879504410989864,0.3852041107777896,2.084505248605073,-0.15738106332671353,-0.6826937648937006,0.5493207330755372,0.8561677312138307,1.9126925150219436,-5.221661671631117,1.9252767117822722,-2.0590045154308765,1.5556597636301046,0.343941511609404,-3.3866798589788503,-0.21596790551796347,0.13512105536536811,1.2529674072224366,3.9070361078581994,0.8243747453164141,1.1596020007093006,0.5057440128630866,-2.152997364126636,1.3680807699855855,-0.07566408985241618,1.2336131820465812,0.25649921625153604,16.937
20556,2.299908627251916,1.894151322461773,-0.19917444253439637,0.534578433822801,-0.14623845116938275,0.548220152398204,-0.18335976307028307,-2.030349175213238,0.24014732608842868,1.1971066970987734,-1.206060496118869,1.7679024462198611,1.6206208783148335,0.9865060307630805,-0.47201650243248355,-0.5205897892143764,-2.6620854430031557,0.036274323181696315,1.6768210946535806,0.3295087464734944,2.8909767477950163,0.4726637104649102,2.394426768530279,2.3284725996852664,-0.45343280004588504,-3.128335381438037,-1.359037601067925,-0.07879768223558932,1.6622897970784523,0.4939926155773846,-3.2373269072487942,-2.6968848936905925,0.6057843730913629,-1.1039877731333299,0.5191854863464713,-1.9528152798013518,-1.3250457537135536,0.0011410624912368272,-1.076365155470218,-1.841902246022736,-2.827133963045234,-0.7111393934806688,0.9993388499248341,1.80145179297479,-0.5895117843844432,1.465258050451234,2.432728743678275,1.0359780228529942,1.6714887818213577,-2.3789214772443734,0.14703563232109856,-0.8594499180582837,-0.2283720865798977,-1.4234102521812981,0.6509728512712444,1.5199814316334628,1.6551806023175697,-0.41791142947762683,2.84492610243243,0.17390891801403843,115.112
20557,-1.4398951395975828,-0.5515014545725078,-1.6305184361815264,0.0611860010931681,0.2853232580052865,0.15837182448036097,-0.6719170230427496,1.337574615466059,-1.073483013349421,0.05540321757133269,1.345494231828097,1.4437023042295105,-0.5434107434531512,-0.10663839923864499,0.6163197480645657,0.3189129520998942,-0.8133882436347946,-0.4825256544713271,0.23540445435736768,-0.15590081307768727,-1.4781107292630669,-0.1085048840073897,-0.4282055144071677,-2.054203581163855,0.8137409962553777,0.46737017523134317,0.35834226296761873,0.7289349162749715,-0.30278725225872016,2.5077593503628983,0.7092868234215308,0.5681690501345146,0.787859175201379,1.3684783092165613,0.2071507388517867,0.2388921395039173,0.15542663329668785,-0.46197903104870786,1.062872013524007,-0.6431236109419589,0.7605273015235422,0.9773614860278155,-1.0170623321996664,0.9655049551874735,-1.3051488698188691,-0.8794733172995793,0.5238191489763098,-0.19574192426097925,-0.008359147822123214,-0.2906187015529448,0.26578736666605574,1.5421529656483552,-0.4680221991846054,0.9339387482379743,-0.31432243474673666,-0.17779346095113668,0.9288668324024015,1.397870753519734,1.0795783388040006,1.343800901434204,54.056
20558,-1.640943123358624,0.7033743430799304,-2.859564574054251,0.5021927221057282,0.4709686781431709,-1.3332484237034397,-2.873728417063167,3.58536088504717,-3.2645799040198322,-2.2801608305927266,2.3732729289623244,-6.656888661999035,-1.1477619812592463,-3.1899063202429665,-3.5965002398043864,0.3966935368160883,-1.58424261362988,0.9560575959888298,-3.243269885948679,1.4485886995081791,-2.15707644310638,-2.731759916122391,-2.75802338215482,-0.5211335871835625,2.053207226459987,4.470482576711434,0.17705596543437452,3.1784827922805623,-2.4318410568087745,-0.7950381791220702,4.905783502189454,1.8112152585960901,-0.12029276147280171,3.4463132274729125,0.6576426487450426,3.188351136902913,-1.4590895679641898,-3.0677038502452207,4.485158304195637,2.5551109528730356,3.7318879834730367,0.44317287560069085,2.913869453130502,-1.5718673126593834,-0.7899112028038218,-6.714718875085417,-1.227492419869838,3.4715630057969764,-0.7217990256382925,4.45363965145416,-0.41588500874604434,1.2864148752388138,-2.6148989400564155,2.77074676792515,-0.7285908324186399,0.667180392623893,-0.5240952857798412,3.533345618133697,-3.562269011583004,4.2440005040122,35.548
20559,-0.2810573102384278,-0.8644302309540941,-2.4729132776911187,-1.05636260599204,-0.11992262826606168,1.9307659048599297,-2.843193655548782,0.535748862738026,-0.5336916562590467,2.025758487588938,-0.5415529288637183,2.9121387179173803,-2.738865333270911,0.9134155639301982,-0.8846882443834575,-1.372188848284387,0.8164148610311293,1.6425642420396493,0.45626412644023373,1.2991137244582112,0.6816518064832744,1.1468057989007288,-1.6168335472444293,-1.6650142797832446,-0.1155568200010295,-0.5579556187751314,0.14960558208770255,-0.05001100254448966,0.7878084639889211,2.440504294089587,-3.1096516300393504,-4.3990419008780774,2.5114417076139093,-5.349675890887247,1.8296763330822978,-1.9029581574104726,-0.6543706911534763,-0.5561083218868619,0.22577305431677552,1.1115527148036102,-2.645778445745503,-1.3158449568441264,-1.9583061773195063,4.598840000294098,-2.887385972514772,3.6663951538657034,3.1424807670355333,0.8317265931006369,1.6522629016089123,0.584269461108646,1.4921384384296905,0.7625323556894185,-1.3746127869175466,-4.352597704127481,1.0176331360126363,1.2299004149843429,3.645675664942814,-2.0758405264601896,2.2655951155544076,-1.0584382616614598,34.553
20560,3.3645471373174205,2.346840553072676,-1.9446153408356435,-0.9403369868402245,2.2241080041813124,-0.576861656836646,-1.7238284645045359,-0.09755684590888612,1.183516980408673,0.8455119109375495,0.8384405211537995,-7.690186613773826,-1.7011748774592643,-2.679139577911337,-3.6252783860222997,0.2887877606895851,2.906377720426332,1.5362073597166468,-0.40621338621839287,1.5123264312805094,4.099003360031056,-2.6612397729550694,0.28665477126000044,3.2151269350239584,-4.573329332555754,3.5816118340527017,-2.3319921312848737,-0.13815330207801457,-4.163054077912453,-4.395272037586156,-0.8057329142739309,-1.3046984199861622,-0.16886472269456282,-1.38057885438635,1.960540975849364,1.659926242594819,-1.2408072346646115,-2.0465894846891555,-0.5062323370796015,7.103988774685003,-2.2008434493712974,0.35913708290628343,1.3675978314899755,-1.4680692592847446,-0.44251736029109234,-2.7175932468185464,0.6295542970120463,0.5345115332711543,0.0013068047786962411,4.676568657742379,2.6134928604297105,2.779014795901933,0.3930625681106226,0.10701403720150618,2.082877672652973,1.4569832432710028,0.7181006501905177,-0.23627154661178268,-4.263842223572265,4.9336022491368166,65.415
20561,1.7975267825448962,1.7388697916139801,-0.861277699844418,0.23808004643378877,-0.4144795391611901,0.7471829983167017,-1.09412444410098,-0.33827548960931214,-0.6899287577888482,-0.5556425816160137,-0.2035343890175298,-1.0538378488854132,0.8656357477742921,0.5600939757420358,-2.0356818367192537,-0.1983085633464885,-1.3469463692717898,0.38366957342319774,-0.33914635357854617,0.3872306524827675,2.360457801691758,-0.00033387944763318966,0.961220804952699,2.377500442615433,-0.0635734618241558,-0.8691452238638663,-0.8979488887554103,0.38450305641964516,0.440200789127262,-0.5376503853644569,-1.7351086156954134,-2.0773614975351555,0.32052821348733124,-0.7356155779708127,0.5695886122911389,-0.5340056994345135,-1.750613926824828,-0.3407843546851866,-0.5215107041848152,0.43754607686593405,-1.6475881446806535,-1.3328415453674867,1.159926013314771,0.6601817608762632,-0.6109528965664326,-0.6982641443622586,2.0687287091448625,0.98493062775644,1.3182431402292496,-0.06153956747225814,0.14784086729140605,-0.9571890940920736,-0.9829572303829006,-1.2807072874249776,0.4605116991227228,1.7144608460076696,1.7060752839745237,-0.520606344587561,0.48561863806465344,1.3599386807199072,96.197
20562,0.6476860391587387,1.2325659104224884,-4.552510506643552,0.5973253907401586,0.44082694887446994,0.5447896202676981,-2.8832096789817023,0.9153948801182306,-0.7702215075812642,3.7676904250197363,1.341439385464227,6.0479235259187165,-0.002188236014972339,1.1548608616610903,1.1879397364300543,-0.3376326743874005,-3.9065007942850984,-2.511984558797052,3.915069992613546,0.05907717297958637,3.077444333475424,1.1002354005175026,3.3119166806811298,-1.5303840715745969,-2.828780114308509,-3.4620597836719194,-2.5587494209415027,-0.25027912075833625,-0.1381113427446281,7.615507163300818,-5.2884398326328,-4.275701113382079,2.0109803803219397,-0.5980313584910262,2.0516899662029107,-3.077748704801518,0.06484398953768689,-1.5686056084694093,-1.3293287660387674,-1.9269045710490453,-3.7695600452828395,2.142147913948177,-4.776345277457398,5.225880176060708,-3.955806617820848,1.2362688803719315,6.938526263465405,-1.9229380365721436,2.9850053282356233,-4.299188662723405,1.9668776674505686,4.946806663226778,-0.6257481955601892,-0.5109531956352465,1.3441559287406317,1.13330356786425,5.591015168688267,1.0172401510589557,6.489746371391762,5.3461160169297735,79.871
20563,-2.4945470069105404,1.382607449606108,-2.961603279419598,2.0955144516963338,-2.9710462924269088,0.847683669176796,-3.3228497927750777,2.827683181082282,-6.13055247562992,-4.592979942457972,0.5050575064554887,-0.8393059517443952,2.146231828429892,0.37845501403434856,-3.3447097159642603,-0.9242367396232993,-7.5006379003594095,1.2025471301052653,-4.017915130616423,1.1168837332360828,-1.5953818393501833,0.1312506935166447,-1.9994278157787082,0.31296036937471927,7.81221870394046,-0.004059985801272592,1.33829700967379,4.302370408908985,3.1900107255271872,2.5077307286192445,2.5691803382486724,-1.1525246988084892,0.958519901368315,2.2752181724600042,-0.5067813565957082,0.364822051479543,-3.689926858061755,-2.1290992936687303,5.405028494325321,-4.575867602688151,3.1902649160318184,-2.9388679481984825,4.380023910906566,2.007787705661752,-1.9017646658589418,-4.226361068580959,1.5721841393149898,6.0825743533249135,1.2467001224589975,-0.08923849203710499,-3.1216631987374264,-3.3479127754626057,-5.106178005555552,-0.6599365728593328,-2.2280380224420995,2.517905687983469,2.16102936396694,3.1449133196262586,1.67715035583528,1.0853594361970504,81.537
20564,2.3185608791369496,0.8776223836206333,2.9306334221312484,-0.1513640254127297,0.41211120963256365,-0.9634502924913333,3.253131036276623,-2.9045690641389115,1.9459636016134576,0.35544398470443717,-1.199939452736974,-1.3328548090612609,1.566381953727861,-0.21222378395064284,0.8351250858918279,0.4117733064645333,0.5522201795895898,-0.39971701333331816,1.4039239317257615,-0.3110270032750787,1.2739764209035875,-0.7045908003941955,2.45355317200241,2.475419967223421,-1.6629484899966,-1.4391203177097962,-1.1226103202236275,-0.808023530060481,-0.28962703222488745,-3.222035448178812,-0.19470924490999603,1.5644037414569758,-1.3882743393894135,1.039383688246733,-1.0148446808069853,-0.24751718011355675,0.665298736511127,1.4698638060942923,-1.8408625524788405,-0.25298117866700104,-1.0079440857796091,0.6755748265140108,1.6806535356626002,-3.0217875971329846,2.5669961840445947,0.38131342116662903,-1.9713772491163664,-0.6504150561515457,-1.2268063476179298,-1.489205681442102,-0.35587982704458293,-1.4849185696227842,2.1832368287657924,1.2845803463554941,0.25707383197754685,-0.25612115513070083,-3.045019252306977,-0.410596289210333,-1.0100251874211155,-1.1350075835851596,114.566
20565,3.8132245123058066,1.6757675971452608,2.8398490308985362,0.3861434727511246,-0.44253126250291985,0.7489325899190952,2.469854736869008,-3.8913360263673877,3.351783803928435,1.1246849127401988,-2.548262217933446,1.5706207977626634,2.3153635373006525,1.9094768850598385,1.4402233980587846,-0.2767279364772155,1.367163615875867,-0.8495570098280246,1.6101910710006417,-1.0206998030949783,4.161330526109917,1.6630740181733852,3.73509642451672,3.9927239708572695,-3.2342399344745107,-3.514686068394717,-1.7682599593863633,-2.803852184397243,1.0456779497185638,-2.7944797523151093,-4.585740238555866,-1.665060082973175,-1.1645932869311024,-2.0110483111386115,-1.5304750594818968,-1.8326138114714143,0.008778153850960695,2.1122756954758355,-4.508076183430764,-0.8594037280081779,-3.2604248863701923,-0.9536936334351915,-0.28498231590494577,-0.7194230113476295,2.477725718468115,4.014946827509288,1.1975526062582258,-2.6856141498147257,0.9722125165647757,-2.6396483326941493,0.33345538891129817,-2.280407283273626,1.5434350792250355,-1.110234203055732,1.4186889739774398,0.1587137119415236,-0.19310212843379046,-2.674873010201525,0.9486979226619284,-1.4982234639054222,138.855
20566,0.0479578060724169,0.1952100550369923,-4.316093696918771,-0.6160663856517744,1.7046947784557938,-0.5061099787053768,-3.0017629802544237,1.8711853225058421,-0.02698659055128491,2.673092110001616,2.2623964272031576,0.5093643069406022,-2.442048698376366,-1.1394602664472002,0.036552935839033546,0.03718832446603912,0.7111030586045101,-1.180789145603817,1.9170509540322596,0.8758108979223777,1.377715265485506,-0.49002264781841554,0.3976016867423069,-1.9859680815033594,-3.982925864659106,1.2974195400669444,-1.9479335298139273,-0.22796010243358777,-2.9075770744160265,3.8568221136713885,-2.334052244933807,-1.7665172934201585,1.4078465083212797,-0.6789699534597302,2.3020109431679865,-0.3796413445152309,0.8073177611824824,-2.4140136465074518,-0.8433439983265736,3.632737000624236,-1.451497643880954,2.0762155602142554,-4.124731177402597,2.659278715893738,-3.0729410606961878,-1.1113418464707345,3.6875876214450334,-3.0548589198523683,1.370763749559305,0.6679494576135566,3.025659093103928,6.179632459128598,0.15372060067546434,1.0768850924867501,1.4235540988870439,-0.14872252504740466,3.6454704897691554,0.8969205020887427,0.9391969753444623,5.58042099101467,34.326
20567,-0.5959648626916085,-1.1297129280736102,2.055920180991476,-0.67305175637086,0.518141731166212,-0.4709589254889275,1.2129109597296188,-0.18251663088256997,0.8569586524517316,-0.6146684986902865,-0.3124250331352835,-1.2012376175072066,-0.288988150450491,-0.3193155734103131,1.2052319889500953,0.36024784087768,2.9013779367195833,0.43041151390249094,-0.7672912849080633,-0.3966015758696131,-1.494375926911574,-0.40126660961330785,-1.1303057445101325,-0.559160096267507,-0.17261558170920302,1.2885801392434666,0.8179228593973696,-0.8541303345979837,-0.825065753603828,-2.3030524492612514,1.7668836654764288,2.3789338205293062,-0.9777802969222013,0.5473183327881007,-0.42408630691461735,1.41334031822738,0.790404537718603,0.8692510267277284,-0.5503745081133865,1.0352510920172593,1.565319636492573,0.34404807754995614,-0.04220178413507547,-2.259912235415288,1.7359532420498076,0.2758672253635789,-2.814048207692941,-1.1391069821472828,-1.4334091165265919,1.3324058244825496,-0.4500457003179993,-0.5950245523717186,1.0375727555594223,0.7893163475035676,-0.3942924930762005,-1.256415391920845,-2.254254968766037,-0.2499826748217174,-2.1941305639715827,-1.6386530788354026,58.922
20568,0.07123478877982503,-1.2371425591852638,-0.8999795613942971,-1.4970849451172978,1.5027388949716936,0.036049064410213494,0.0669777210715391,-0.9905881481230936,0.33469976907231,3.1623550436812504,-0.0766180447658307,1.726042058436596,-1.8413357628191753,-1.076682713703813,-0.9427829930537222,-0.611971889815631,-1.221205311577306,3.0036571647233434,3.3293215546888124,1.3761366150779188,0.054950002124668273,-1.0694624996956008,0.26000289248665226,-1.5786984814902967,-0.34786565559421573,-0.3513610175594134,-0.41517564330875556,0.6494988273433817,0.3703155471388752,0.7300252473269246,-1.8075813630256992,-2.5537888674669875,1.4454337092973815,-2.5747980057931192,2.285862513057754,-2.586498537234582,0.03340223061796593,-0.6616823415332723,1.4894350979500102,1.0330029845911264,-3.5677382537045146,0.23375369556013606,0.8228471624946472,1.9750501041990933,-1.1917503880219178,1.2027801788102845,0.07275894058210942,2.792593810037954,-0.8251866555129407,-0.6301042505304987,0.8804023417065281,1.527535889903497,1.0962551919961128,-4.0125382549895106,-0.2692726243963768,1.2812310315928555,-0.011526747248822022,-1.3254803004443205,1.5758801543902035,-2.254684361071693,56.12
20569,0.4922820496373236,-0.031234143194864346,1.0522692848910704,-0.6297018331490822,0.7814824694235214,-0.7013370373036294,0.18696894064217054,0.08417474956172007,0.7427018866029409,-1.0176912796454038,0.174954012721095,-6.494969241630918,-1.087867526154446,-2.4631942594757423,-2.0131278928649756,0.26637730898676176,2.5101942182761787,2.1360425187343695,-2.089705678571098,0.8134691334075396,-0.8587590979198391,-2.4124917077430803,-1.7914639465054303,0.9457532471530298,-0.29686433390708195,3.701321530761616,0.4266304822225204,0.8818414387673641,-1.9936772473823168,-4.896551844043714,2.9142960153767428,1.9772065320744572,-0.5166796122208125,0.37292314433695456,0.3646329955029954,2.1818715972260754,-0.746376574405551,-0.781115287286885,1.3607002508640424,4.538558205564606,1.1935570577252306,-0.41324426822682464,2.9495020237989054,-3.3230544861294264,1.5950550438719244,-2.6079214149700145,-3.1177817271321917,1.4502368955482192,-1.5147846757381804,4.380877739223238,0.36788032278565386,-1.015877977450587,0.40153966764468196,0.43975139818824865,-0.2674894955607535,0.16614076135335562,-2.838035852948241,-0.23201802618073458,-5.012759564722404,-0.0015652409504907216,53.385
20570,-1.529533695599385,1.9241621628903727,-3.208889538766819,2.051493002666181,0.6388211693288645,-1.8058313937029837,-1.217050448288298,3.062206746365505,-2.3028875691830875,-2.216657945436803,3.5380626244793283,-2.7535190886178813,1.258159729916199,-1.9116561691142286,-0.04639493013259912,1.4902353189495894,-4.214256479051935,-3.5312701932516677,-0.902539477269288,-0.5830032381060029,-0.9167801953871433,-1.6640039073977921,0.9193777109379571,-0.7226743295558995,0.40058763199969644,1.2014750721244298,-0.764520835062628,1.9520336783876355,-2.4974207999118994,3.369408263479084,4.077688340144468,3.6873644456600556,-0.8708259640989315,7.289751243972867,-0.7347879633636918,1.788127280643975,0.0361103532573918,-2.5820791528063713,1.7460457062118744,-1.0696253648296026,3.9415849022706384,3.0455790686065294,-0.6449631885558714,-1.5978475028480066,-1.199012712756128,-7.054731922170274,0.8065386830496808,-0.6550718546867816,0.4315097648172003,-0.9072718625529861,-0.32965307921546017,3.6833531597383664,-0.9781942234587169,6.364852791054906,-0.6129012353130058,-0.72923844283622,0.16014976167965428,5.502442007627701,-0.10592384192434928,7.624184643389414,81.246
20571,4.256615657185134,3.596040359669296,-0.5083077452904512,0.475359790421198,0.09045680821983054,0.9680715255882343,-0.6231386302713275,-2.6319759818831323,0.5223296095763459,1.241945162400845,-1.4675397737242906,0.2074655807532288,1.5266876206414404,1.0106130934465312,-1.5346165174847708,-0.8181618057215002,-1.7821191577844773,-0.5136710452714583,1.448538942673065,0.29587020378482065,5.72768706529745,0.6466481813381865,3.298906221872862,4.3793180703937615,-2.796860630996805,-3.3440376835101415,-2.7896520962815785,-0.8617209324099796,0.7177899365939524,-1.0591443666603961,-5.2313953782239375,-4.233930051776898,0.006220436863199841,-2.0820050878280245,0.6470364680137126,-1.9578381834854142,-1.9925223598929862,-0.16680427659612745,-2.5065764772629198,-0.09984459597326242,-4.548895202306386,-1.12797198666199,0.979999270151117,1.8600936548895948,-0.11034427172675441,1.3070419353271425,3.775673059600308,0.09354543179138872,2.155286111663825,-1.76002812713201,0.6556726936715557,-0.673638340160102,-0.2807129513258184,-1.970699050756341,1.616530601607288,2.411494033002147,2.6854842073021095,-1.3833684766368528,1.8159627597060435,2.0821218428510453,133.848
20572,-0.8604750162203368,0.9548429323022872,-2.817495271081791,1.1771327712284825,0.2189273252869467,-0.5099986296973957,-1.952987767575262,2.3874286028486167,-1.7194287296138164,-0.8396825413264264,1.6412513644066735,-0.740279227740339,0.583694108901686,-0.8050544715996173,-0.4959193240530112,0.2536455106482586,-1.8716577092994533,-1.6915171341485995,-0.987275889253216,-0.19382097887641883,-0.11807401609540454,0.06994257433194417,-0.13524143042351638,-0.23757257598918763,-0.07937290496340145,0.8100512033531281,-0.1851923812111287,1.0126641817252542,-1.2658780032332537,2.3704699843124915,1.0864968963391606,0.7141908441422768,0.060878745030781986,2.4170744427011766,0.2392272936215893,1.0953195901172448,-0.23305266093213078,-1.7431386904922817,0.22315022635009724,-0.46728473271106724,1.2721690301896058,0.8482539248270505,-0.6978762866711938,0.735327618071844,-1.1983195218007456,-2.984660106028331,1.7202425499602885,-0.35145711576241107,0.7078508686640345,-0.11715240392416766,0.11432860114480382,2.298710499444863,-1.2351336178182715,2.2269479374755976,0.05084277834701452,0.15883387043819308,1.697471652948281,2.322936657976634,0.4140740213866294,4.542975579156483,61.98
20573,-2.7195880707860645,-2.3839382615740083,-0.4868245940121934,-0.8006635663557666,1.256138916361677,-1.2408089025037705,-0.3323066639339827,2.687780160602169,0.12272165710726914,-0.5757352229997297,2.170480693013971,-2.1817258309968772,-2.0588219905578087,-2.039378311008928,1.1040224710973168,0.9834869902327242,3.212465129334455,-0.30773974061647436,-1.5661456402018787,-0.41272268654869254,-4.071399689153588,-0.604149565469198,-2.7003508270710053,-3.5344054998372725,-0.3171802378612951,3.692354705589171,1.6367719667349157,0.22758708568953656,-2.985980047907636,0.672559780992879,4.33457319705117,3.7943952074768528,-0.3870035410050932,1.9477868610209232,-0.4318103051955591,2.4072980188447355,1.8864394906049786,-0.947983319230925,1.1023248417377318,2.402391410668448,3.66383115951942,2.1894462090850655,-1.7944790810043028,-2.053934842672767,-0.4089353268327352,-2.0446005225986577,-3.0396886106553267,-1.9914543312918416,-1.680070179224103,2.8347816427249026,0.6315397794251112,2.816416693191368,0.6248349208172002,3.23255464057894,-0.7460284858658472,-2.356040785317011,-1.9332340623298998,1.3797655901474257,-3.0749480294144003,0.6552622381591269,8.898
20574,-0.8808043200034874,-0.8289524592270703,-1.8066772158460602,-0.09041425902911415,-0.7127943708544822,1.472292476987748,-1.845709369829534,0.3101153389622195,-1.2982235073435198,1.1877279181143516,-0.21836542670327358,3.792399675325666,-1.0830825625271916,1.139183206352001,-0.7752502504034428,-1.1752143392659313,-1.455774416712095,1.2055317479810292,0.7626634838804173,0.7273412442678634,0.0336534113571949,0.9756175660187647,-0.6243646728745403,-1.5634845550427299,2.0868880790793396,-1.5891318603487041,0.41013673945201107,0.9022498536929017,2.340069933130364,3.0675544486184148,-2.1444447031224434,-3.459806299079557,1.8325825861940879,-2.873786390865236,1.2646871889706204,-1.588430613249781,-0.9086930089205559,0.27061631996755964,1.8215908448744564,-1.746416450443945,-1.8284156851629574,-1.2292734014005653,-0.29301277171711526,3.967087398720178,-2.0227005687990456,1.8328246273710171,2.1580390069205078,2.043914400245634,1.0154659294709354,-1.395664923680864,0.1348158105201441,-0.6125399465022826,-1.7321955523534274,-3.5435469067227263,-0.06162713832120292,1.2805074604266886,2.2237258447877437,-1.1630930287066081,3.4109267430724093,-1.5929663035866077,58.891
20575,5.8140787304057655,2.433574025192443,1.874718692897889,-0.7929509357770634,1.6540320255932714,-0.29601604041082047,2.8515193658614524,-5.632372144146689,3.7121086221439077,3.8323544173343578,-2.1847942050065012,0.6462091306573661,1.5743544640455571,0.14362737178865653,-0.2767249861222676,-0.7945260141918744,-0.4263546570442812,2.0599286529227756,5.284789264060313,0.7651670783087231,6.065375526349251,-0.6935573562140209,4.61481338767901,4.848068992574457,-4.394167626271856,-3.88585674222267,-3.104224459401465,-1.4724852245491544,0.9467428579477088,-3.3563751538709328,-6.563870044675905,-4.195938469272994,-0.05095832232449823,-3.4890400054189254,1.688537914824276,-3.2665827074408926,-0.7351544571806963,0.9793324048800707,-3.10346157140705,0.9617283471976634,-7.0709541849246085,-0.026001419980922758,2.6160641622845895,0.10423606416358433,1.66715452991686,3.2557730567194216,1.2428237411459913,0.6560112817349082,0.5418655975704914,-3.142452537438027,1.2214105322273952,-0.9296939196221647,3.207539159063098,-3.5774783388177593,1.2985523331726525,2.4670357332704125,-0.8260763638371122,-3.133629722407532,1.4934499462781967,-1.5237412040676288,150.46
20576,-1.8332827519590624,-1.5696629490890261,2.15407699949606,-0.4927925768692987,-0.2694051624442643,-0.675509115680945,2.5410268034930343,-0.6986223364511135,-0.27947330693406325,-0.24299100397888557,-0.7811800810820759,2.3090195323052325,0.9861268329829845,0.6282195915511035,1.1820915671667591,0.0488825993789153,-2.4243929630887044,1.3993138464964718,0.712616222417691,-0.059724425935834234,-2.8448407620086065,-0.25178219964989945,-0.44637595828223087,-1.1864380382900168,3.512423268327969,-1.3197270702600514,1.5421115376555241,0.6538446634133369,2.31578731514372,0.12885520571438833,1.9305991104695757,1.3867891812787758,-0.14807232576471832,0.9409286303641561,-0.37651423486811,-0.9202379883770146,0.16262272063887118,1.3741106575019213,1.9722667059055565,-3.4255283949100463,0.8991244411752113,-0.10574081031642386,1.4884831974027644,-0.6976938446170242,1.403403144787379,0.3155694891219516,-2.523027877450809,2.07620600075242,-1.6767405519248855,-1.8398383293599347,-2.156793607226092,-2.07975771452131,0.8325336815239274,-0.8808300295906973,-1.78078113180457,-0.171492256035212,-3.036425906229428,0.06253373717562119,1.0073926665171449,-4.799130480227278,78.596
20577,0.6668472665911176,3.06274798625817,1.2828962699190418,3.0036560325075023,-3.7273908004834295,1.5177451368923718,-1.6851498383181716,0.7831670644269356,-2.404380781572048,-7.311317967487027,-1.0644464774704123,-5.723110269494217,3.476453081402833,1.8332342729147781,-2.6404030689488183,-0.1884384468901543,-0.14174031905392992,-1.087920038092908,-8.060904740572493,-0.8591130953747799,1.256894763813257,1.0785507636703184,-1.434552347945832,4.938129232889535,3.5813272312248943,1.2504598181301079,1.249995010285098,0.7906379594279851,1.5320798679231784,-4.7929988238527805,3.612561617884877,1.7600927741762769,-1.7138256575068183,2.5492415938435156,-3.3534408853828404,3.4908723903692156,-3.3187656375624455,0.5735532402424036,-0.13002078608679746,-1.8220917603085585,4.654352282856395,-3.9667989207103584,4.023537516099546,-2.5694641291985008,2.217223162573125,-3.213189753879331,-0.5153004622261335,1.2665356110933768,1.3458872149126562,2.1990661045203637,-2.748171364082039,-6.855298348885261,-3.7862425288723696,2.0486583831365444,0.07170710866871631,0.5777517571377412,0.20663329278438153,0.9649210759895169,-3.8652687709999176,1.5415079472073563,115.713
20578,-1.1289813573956304,-0.5255010184988721,3.9719449288860926,0.11201797321276549,-0.47912267092728644,-1.3080440940051954,3.3965446016592624,0.23847833349628367,0.5792019766220812,-3.3031655057604725,0.15191070165963938,-3.7814539997316228,0.855221109065784,-0.647262900058587,1.1372085378491936,0.9964150318608862,2.0306905541517644,-0.9514542836220176,-2.587731686382201,-1.197435006998421,-3.2852647904161456,-0.9667432673769821,-1.1558639664161305,-0.14888802623636838,1.3744966460850703,2.253590062051439,1.9100740159951786,-0.0828650109255431,-0.42668937480237923,-3.7130491732415534,5.240516816498427,6.033484581817458,-2.2809743823622157,4.2824629290816905,-2.6699458132426126,2.745661153182264,1.1501207667336697,1.5575608579821933,0.528240824685481,-0.3056670709431008,4.859344161664936,0.600076563985531,2.2831968897293224,-5.224213159313742,3.4073719252962236,-2.512157639773425,-5.418835319463865,-0.5893183862381693,-2.6244111368690737,1.552253109482522,-1.8136605032244821,-2.38413283193223,1.132470427548685,3.729946596255727,-1.550349748625602,-2.2458232657624344,-4.732934849906879,1.5368473242943408,-4.274099631026271,-2.0604677930383004,73.895
20579,-1.1118881538263699,1.0070072739573048,0.7892460252609658,1.6751136375317845,-3.645335636862578,2.5050975098202812,-2.199023038306099,1.2210549970695175,-3.094646539408286,-5.181129146777973,-1.3601619099512843,-0.934605610135623,2.2347941119005603,2.627473295538176,-2.0252848500341387,-0.8967482393681624,-1.7027145332251519,0.2180513639333005,-5.217934068899914,-0.5716658121826289,-1.056767623042303,2.1204455128884203,-2.1960749856917814,1.8945764253564006,5.656861338710711,-0.5248966182351402,2.055640012014953,1.1976215998572652,2.9137399689261523,-0.9152007870891736,1.6409667882081551,-0.3850215755779711,-0.4942905211991707,-0.09065135899173596,-1.7371611594547949,1.079219856963344,-2.7758836871439363,0.8304045689338497,1.6077418732879973,-3.8874887874492274,3.0951132548804208,-4.017861581577633,2.4738447315603787,1.158814282683205,0.13628584109467343,-0.1222544800573625,0.359023097063961,2.3595056239529186,1.8685783100029134,0.29990493037120286,-3.0883504694964508,-6.112215303116861,-4.198247666927178,-1.250489908292094,-0.889491120961276,0.5802215407172169,1.6070975483790753,0.27794837191939786,-0.3861009897285453,-2.1231034231853423,87.391
20580,-2.315353429234607,-0.2995703499852933,0.3501262224316395,0.561715376718874,-1.282264856190318,0.1951772301271962,-1.5477176816730094,3.0475795258925613,-1.4070133511999507,-4.341527316747364,0.7969843369269869,-4.703349198536722,-0.7402744488982395,-0.36276552198274853,-1.183114768386154,0.6326980628207386,3.567265747695106,-0.5551565181533578,-5.658812700077051,-0.36491829714699003,-2.7174883409479746,0.27171242847113775,-3.801217734188375,-0.5391289677576323,1.623586789169731,4.182308975858867,2.074998033870664,0.26832706788583344,-1.5779075549430912,-2.48748475644541,4.994301546035188,3.6353534000223027,-1.1778622892178152,1.8303980650359173,-1.5956733552805773,3.6151292677613918,-0.10519994161289647,-0.2774744634988276,0.7843176874791987,1.912575143288902,5.431154855456043,-0.943957797861834,0.1192593825859374,-2.2591444281572697,0.8428258838854248,-2.3916479761581284,-2.272919076073038,-0.9708820807013613,-0.31261963429230355,4.76571614037134,-0.18676570927317776,-1.1299570876128346,-1.8339672871267263,3.006635155046514,-0.34230197295988984,-1.3900253749474178,-0.5302459019602669,1.1372925180917615,-4.5263528810456215,1.3653937902269342,27.625
20581,1.932811752457555,2.288867842914197,0.371321881964727,0.6397286808438231,-1.401360956161285,1.3951841096430337,-1.9701774106396814,0.6635670037973274,-0.04681992791039459,-3.63325038861295,-0.6840796301693424,-7.196514235078926,0.05588719884376755,0.07132273879513792,-2.5519938256961976,-0.03886330871071861,4.992206491386843,-0.1966134941090106,-5.7150416087658655,0.0465795894742525,2.0889109382692688,0.419707590932118,-2.0779103292243026,3.762083031520361,-1.4534487801422216,2.7772200810500216,0.4469166980403385,-0.8334619646481801,-1.5006186644730057,-5.86551013294129,1.359999544227415,0.31314817678016527,-0.9736644949550279,-1.244266953795851,-1.5008538033354684,3.431281631780498,-1.0909903936899181,-0.08918476290500414,-1.883986865552673,4.028190189651825,1.7298611020163597,-2.7987509065883374,1.7140727960322344,-1.8344799646787209,1.4794812268965323,-1.3361624746743481,0.12601011381672872,-1.4833598058888822,1.247925461725781,5.395809011312887,0.41969336081111264,-2.508779491518351,-2.0878830419482304,0.6621798583529647,1.9098370731569094,-0.1630305905726163,1.0389671656363741,-1.049261503336262,-5.310558788613576,2.5663054515944297,69.478
20582,1.7470889462625483,3.425743562904831,-1.4383800283884345,1.8934645605279588,-1.8976998377293564,1.6382555417406506,-2.6405900855596154,0.05358236243032839,-0.8347942296779216,-1.4760207521828683,-0.7905017174605102,-0.5454822261329993,2.039883576655446,2.2944920902142214,-1.1452270244960412,-0.6165893393998331,0.03604511834085036,-2.1372285462441933,-2.4577778249525557,-0.7195540848116878,4.013114902502139,2.211639639706037,1.2630058462988192,3.683667577421716,-1.3217441738980633,-1.5217312209992708,-1.332619514810115,-1.0284125968619655,0.5373967488754929,0.3147493529994025,-2.6139893032080415,-2.4655872924178506,-0.06946024579864019,-0.5537976051519098,-1.238569822380356,0.2733470422168197,-1.8938733381439672,-0.334340540042149,-2.993879471859584,-0.4388643187369602,-0.5016388588236473,-1.9011426585042424,-1.1446101073901713,1.854392614048385,-0.40136096892874273,0.5299625527128402,4.444833783610203,-2.1646004622426815,3.2852683346778204,-0.5000794355177256,0.3062570513649281,-1.069089507237947,-2.270853259022064,0.32817022779890964,2.029419345760704,0.8278942838173778,4.325657743639554,-0.45916693966261085,0.9010400574294257,4.267688089051421,108.089
20583,0.17886140382175847,1.2308999407244543,2.179085801413596,1.2742191347484708,-0.888132415924486,-1.0118103699791352,1.938691475626071,-0.3180213039784732,0.3886986639230083,-2.673159237803968,-0.2974859863578492,-2.7153357048435995,2.23460439173144,-0.06265899377518969,0.9606588546697243,0.9902483744725228,0.48552725488798815,-2.5465768536457727,-1.9904295897731246,-1.3645598288951106,-0.09606412316722,0.0008060701904579332,0.9104963865774475,1.703956315728491,-0.35484360554577754,0.3287223336325308,-0.28814234227064206,-0.7211769874804445,-0.6482444235756732,-2.2242142762780315,2.2650165455010223,3.697518715284685,-2.3534867826001724,3.8507160460088716,-2.3278222548885816,1.850475139686027,0.27616785372589614,0.9144566826675433,-1.4534788270738106,-0.8593608583318975,2.775326317205476,0.5664782359673272,0.698610401317783,-3.5927506347919373,2.8159068145037947,-2.1616644559300258,-1.4671092284685114,-1.5712510977312237,-0.1284395047525297,-0.2610185591203284,-0.871631558734888,-1.174755021503909,0.5982210909275354,4.330562775861131,0.13509196958949943,-1.271045983158946,-1.8739008042876677,1.4941990652422779,-2.4202161134186944,1.6910799907427916,103.601
20584,3.2302586093732786,-2.7737831403996402,4.705832716614948,-3.890374947349474,3.7256691076442063,-1.421883558925737,6.576837194491414,-5.751616663766584,7.0214469907218575,7.461474186715374,-2.194187477420439,3.939669369758837,-1.9830864194285085,-0.6234154760843809,3.660345924458335,0.05531173963307502,5.311986262839736,3.424558187786536,7.971232885149619,0.282212580732503,1.448004602512386,-1.0682578288513667,2.833275768809819,-0.699632022666593,-5.8600546824862745,-2.3880350390876988,-1.3149035776506395,-3.31492844413908,-0.4078620284875607,-3.4485729118752553,-5.027559485054899,-1.238764759420501,0.17065152795304242,-5.47578233874139,2.3017586568395707,-3.505046839838874,3.296482258820037,3.0957317022079014,-3.540681889158589,3.3595402806003354,-6.988393439288467,2.13000472835152,-1.2525627022750083,-1.0458986973422082,2.5754812001503704,6.670542728096847,-3.3747139824799492,-1.620792105844819,-3.5725451486427326,-1.8068529995768474,2.3186523136849604,1.8234075802131087,7.189938015787916,-4.400258177305627,0.6602899100806606,-0.9847691058072823,-5.052930873186693,-5.460040310793797,0.8014972239375685,-7.517390084873242,79.258
20585,3.6687372078026037,2.978317190785093,-0.12797288303745585,1.0685514701750403,-0.8974757468397376,1.8311063558039247,-1.8283677680779977,-1.3002845525373306,1.6797915165950548,0.3351760034977581,-1.3587959185528184,0.9681825620032647,1.319696766199886,2.937364578770773,0.07956965042415304,-0.46666748182762774,2.891868753551774,-2.940834649475507,-0.14254459753066095,-1.048556452078065,5.7968952070158615,2.213223725093388,2.484692560041168,3.631297504902434,-5.027089498737936,-1.966476940053837,-2.628993121489306,-2.834293388526009,-0.4867156863844869,-0.7843975313493613,-5.417162965655181,-3.480474565466751,-0.36289543525998624,-2.9229232762404767,-1.083876715266804,-0.11627564274285618,-0.8529316884527305,0.4947569513221694,-6.133895105941904,1.395693053669504,-3.3472162871115643,-1.441066171687362,-2.5397805742880433,1.7038419427544356,-0.1418205948467862,3.182223413715541,4.788448838914582,-4.687998632008721,3.2766061379922387,-0.292996231569345,1.6962651215592401,-0.31096955900262274,-0.4870239978102899,-0.2723666042558722,3.1918392821661015,0.1768578692743033,4.564089750260689,-1.8985572440260732,0.8913865248603501,3.221921821034893,109.337
20586,-0.10223860300234605,-1.9848522533272106,3.1594328831025393,-1.8637962810613358,-0.008278392210754187,0.32993733053962887,1.9445335324503294,-1.946039471533511,1.453925532560573,0.4267475985500791,-1.7594853560055976,-0.11011465733213834,-1.2037941991842418,0.16025285866043015,-0.06965510664469088,-0.177442715664059,3.843714371324838,3.2600443207054157,-0.3409570219286076,0.091772123491553,-1.1529849559535035,-0.05576705525550536,-1.8590511245408583,-0.37416124543857254,0.6154137773138676,0.28185435314564955,1.120475976954126,-0.46220516828505886,1.0481505312108303,-4.10907918905803,0.13446561618391142,-0.12556103576491912,0.24304461232247526,-3.407255454147138,0.06395165519267246,-0.14585364831936876,0.4922983162466626,2.14265198843601,0.3006258501668477,1.6732946998317075,-0.795841632725648,-1.6299177464951158,1.5360299073539256,-0.9052256633126129,1.9912419445365128,3.140816805858887,-2.741637091827782,1.12232688070294,-1.762440361503604,1.5657734453142043,-0.41913092857688505,-2.8020451619510958,1.264543653311359,-3.4452315141728045,-0.5463285951986725,-0.2102923844996956,-2.7753319541023798,-3.1952149711907216,-1.2899613688351852,-6.32385209861066,58.036
20587,-2.11874323447234,-0.7806234214506819,-0.7926269764373625,0.6758073123669885,-1.4090766493939653,0.6633375537385419,-1.8035410790229294,2.381237284224898,-1.481027280386627,-2.7698860156230247,0.6543925926345076,-0.790453971676143,-0.5778433485014769,0.8931257287647304,-0.060266121515444915,0.0015265907034449078,1.1484517402973544,-0.8394429706106653,-3.751192398673619,-0.061083071915734144,-2.0066793452614817,1.0000059655256033,-2.5171522201485534,-1.3884074783832034,1.532355872173382,1.9153614702815345,1.5921313783377986,0.1428570533626828,-0.1594259874854626,0.5622660338890546,2.5166683543355464,1.4408152503368423,0.01182754924777904,0.6523298376771639,-0.9344909900947405,1.4887313283721977,-0.22309303490343746,0.11387084905854566,0.654957455879009,-0.20453033389380865,3.10624586409631,-0.9061845569389372,-1.061032683291394,0.309799413872045,-0.6817621875382506,-1.028197326797214,0.1597653656998228,-0.6484293720187894,0.5774300716537117,1.7301311124238261,-0.5253273019289856,-0.4815638108215785,-1.9451744311080141,1.0136998831553248,0.09181449100204658,-1.0360401212624333,0.5851835061733968,0.6383822738430358,-1.1955513183784727,0.62463675078512,41.895
20588,-1.7431210240107904,-0.9389426931895897,1.1325083822201376,0.5291579657867136,-0.8533088356905757,-0.1187760907949908,0.9651602375258137,0.6355627049532533,0.0681078453467541,-1.2423889835319026,0.1416868247371547,2.219902123630571,0.9269380486539642,1.3635058469326644,2.5801356823124526,0.8426142519777537,0.5727005893859655,-2.7558426675500134,-0.5212305419124237,-1.2458149344884237,-1.8575929117029941,1.3361808263570403,-0.006359907851342134,-1.9227505793935722,0.7423581049858956,-0.3240571339853023,0.8874659160393598,-0.8906192729310733,0.5454566231497674,1.67542813674934,1.4126622971981624,2.6020172421750205,-0.7848748816220188,2.1845996851263636,-1.6150435378138346,0.7663154937514597,1.6802044097457525,0.961530433621211,-1.125876455088531,-2.6294929800682314,2.7657322946986374,0.7009427431412386,-2.181024260262537,-0.5061164966034846,0.5523343325613542,0.3391702937762887,-0.3355753905109281,-2.640075616470336,-0.08747566194128777,-1.529018598462194,-1.0373240826923338,0.4388251508553703,0.17413418460611446,2.3366039068022473,-0.27257044753518667,-2.1522301083796402,-0.16920294215795031,1.0343447512141415,0.2318009208520889,-0.30736570321937384,72.914
20589,0.2670986868020666,-1.2912448568088484,-2.0255260941963287,-1.1668699081611813,1.0956933004425677,0.8224647366992879,-1.301435222920867,0.1447432041467288,0.656518533164473,3.0923330994243834,-0.061529255051619144,4.347689558994308,-1.5832421826575733,0.8188513488564236,0.4505066331996993,-0.6615278811789205,-0.18944002158209564,0.8761770701732603,2.6292127825044185,0.8699731638901097,1.102121671048692,0.8922267147340478,0.6172481755915056,-1.6816455849491831,-1.1578978342072201,-1.42065821618984,-0.4294999868747813,-0.6337968339731086,0.7038448709203871,3.131589639016492,-3.8688223120464382,-3.6653266812842684,2.113500425523446,-3.7841252839380237,1.9411504296180901,-2.5341942141974805,0.10863943713480373,-0.2813766843799928,-0.3083913059992848,0.7616846221875163,-3.755101808539691,0.20222696046283525,-2.486963570732799,3.818119151732589,-2.627001176322438,3.1382616527965865,2.9874549730506237,-0.007876715620099256,0.9662343746755413,-1.0584695619827722,1.6718393226650066,2.0322353950907046,0.14727380969510473,-3.5467739997651697,0.6876785846536452,0.5189790966124946,2.3785939053171927,-1.7092454210238581,3.1312938922445195,-1.2257480693975538,52.14
20590,-2.493643093543558,-0.8133103364644053,-5.633438993558,-0.31961241830682774,-0.48424501503541273,2.3582462817714904,-6.257747611628318,4.655528030444185,-2.168298150431996,-0.1904175184272052,2.110167798607205,1.3072655587253303,-3.4539784065714607,1.1266922839785396,-1.271025686024017,-0.7420308524610696,2.5100380415800987,-1.21162602023324,-2.773824599251672,0.16167385354627611,0.0922237080139492,1.7714610145491105,-3.207438001123141,-3.669439982484856,-0.717072025220888,2.359755609126526,0.5482668370321705,0.10654171010355096,-1.1631266880265687,4.988266084416326,-1.150019848952722,-2.8066446210178904,1.9567141379996371,-3.195788344827202,1.0363468705145775,0.7950941827069007,-0.686966792664658,-2.0377113069472723,-0.5679230681939664,2.606199588316019,0.7965242884879518,-0.5284786802720355,-5.19419375201653,5.271672176516484,-4.992387259530698,0.7903666537576663,5.058686648781011,-2.3074569645818563,2.7702068063940746,2.653466799098852,2.565168525173882,3.917974594035833,-3.389852490211708,-1.3420698269178666,1.672369596128344,-0.28964041900322807,6.408743417825887,-0.3060900368528634,1.0680567802538008,4.266107268001147,-6.539
20591,-5.02770627767216,-2.458701851981034,-2.4036329446479234,0.3822234024393444,-1.5331570023951333,1.377299070057265,-3.0166523149795776,4.709621942424095,-2.635012040498631,-2.9466993082874966,1.5352040223305232,1.9268637180993227,-1.71400719147819,1.314987451327486,1.2079394275253568,0.16900007213737966,2.5503661012945757,-2.029563419015127,-4.4178536342273915,-0.9385986624739612,-4.75504771753389,2.1623852686629506,-4.404022828081853,-4.905151838081198,1.8421596577528714,2.2812006047904445,2.8777344861957586,0.060794348177054244,-0.19084400899459802,4.280931973926139,3.2476560415286584,1.898683943456333,0.1942526829059113,0.7528946361326507,-0.8226676365752442,2.27245336345288,0.7664842199134162,-0.17222380910216886,0.8818764312226915,-1.1195358798113664,5.300234323801298,-0.018865655880748282,-4.413716071747871,2.2047795053709605,-2.2820755426854094,0.449935858416677,0.466218736207931,-2.9163909713860736,0.6254134439724409,2.470546364038866,-0.1979602826519122,1.1043800664612897,-2.5808147632372487,1.839059530791333,-0.24940774934389143,-2.490451535036304,2.415034698433278,1.3328449937188531,-0.544751142221068,0.5941294999951966,-5.401
20592,2.0455413356481804,0.1275531839844406,-0.5764546482689553,-0.06079518409167156,-0.49790623998197064,2.313577000721611,-2.4959689227265063,-0.6721874953114145,1.6548024614676449,1.4625839316649416,-1.0709257786413853,1.5872913949478271,-1.2885261530644412,2.094287634925726,-0.1703260121465346,-0.7675187860681124,4.715000244141899,-0.5829839231152646,-0.22900524906230896,-0.2363654979471658,3.214720063828128,2.5359984739599346,-0.18981097114070733,1.157657290485755,-3.404091506187501,-0.892560667331761,-0.8889732651340992,-2.6858090903205922,-0.033912646134927504,-0.6370729733292881,-4.676872362928148,-3.656598785060289,0.595548487350748,-5.396720766893913,-0.027379438072343554,-0.7228704172502545,-0.3903732498722165,0.8538975238584747,-4.161760012388654,2.4196535367561616,-2.8125110157205815,-1.7464722276995275,-2.9598013631069175,2.85380871655121,-1.2052665864068877,4.775648698403966,3.573111684306849,-3.4429174466282992,1.9985889363508014,1.099676204500891,2.266176996707779,0.4860674972587191,-0.4087740001042237,-2.815363868402261,2.7081528597192572,0.03646147997075737,4.040101052593349,-3.7027142677413964,0.5594098573447037,0.3664146506209966,62.257
20593,-0.41562222414606614,-2.555193546684646,1.3007526740140254,-1.019223855370188,2.1858860001824123,-1.7686524045503462,2.983071057491948,-1.209698737419885,2.9658926502681404,3.6219184624099983,0.5227457890008673,3.724291699738171,-0.8974613003051354,-0.49052931261236965,3.9660234608644265,0.7821968678977108,1.1379856977570104,-0.7304435240732295,4.292207624135686,-0.9299668981546135,-1.350785651093886,-0.41732903035710867,1.696250779192389,-2.7947198961273245,-2.7223545041218986,-1.1315592823947167,-0.4408744742463303,-1.6381871597220141,-0.8793830704133759,1.3994022132789277,-0.6565202228872519,1.7054935609150546,-0.3227540383677367,0.5475946759568837,0.8806448243008559,-1.2236426440419057,3.240170258314959,0.6861701568762237,-1.8176946268179515,0.10925987010703372,-1.400095633741115,3.5618732091296894,-2.5790086059449595,-1.186686390950885,0.5503610645546851,1.4347572407759999,-1.9523329332932382,-2.6815200672650357,-1.5956202486512592,-2.4699116736336295,0.8073764721913114,3.069825737047189,3.673824439887937,1.3814382569713628,-0.20909995287360422,-2.254349041280212,-2.2283441921134917,0.10573591227896478,1.1588564857424257,-1.6939713948241428,59.35
20594,-2.6983266389288976,-2.0238622517095033,1.0433466556661526,-0.2351035430104657,-1.1086071010924827,0.19797320364036364,-0.11657645877089667,1.3090288597703044,-1.2118533028791516,-1.4898520415644367,-0.22890088535201125,1.7877162559758026,-0.47911482108651565,1.0057411757621781,1.125874892337421,-0.018412623131090815,0.545069458018078,0.2462212717854677,-1.9733641973708869,-0.2965659519266892,-3.6664958439784754,0.9284868569553979,-2.4264434184151917,-2.502451453892163,3.1254241212898206,0.581867950599967,2.6308695512159224,0.3657945088759336,1.255391382239849,1.3532271831031675,2.2294974656703497,1.8820091645683146,-0.2313642246491869,0.031786084043323545,-1.1209943976104162,0.38065118004084975,0.5753980308291056,0.9913143460505742,1.3146345962956822,-1.6103575883538068,2.9347065392959033,-0.5399748072532596,-0.8039088667051295,0.4432378155194999,-0.0547401807046589,0.9293945223060063,-1.5459774811719338,0.29334760779552216,-0.501323119144646,0.37861228354914467,-1.0914549028934557,-1.259045860028274,-0.6259091124345809,0.0578314023813552,-1.3797248091643846,-1.3079873910514117,-0.8573760142027512,0.45335953874699647,0.1805077203355959,-3.297000662145823,43.013
20595,0.5679814350269612,0.532749616089275,2.798347698180669,0.9015787945807243,-1.0740596438232335,0.5900677481762733,2.105969211158005,-1.4746416947296412,0.9713381122206152,-1.5091246687260185,-1.5189766047483755,1.103738678680551,2.1287432691107884,2.1529611383622798,1.4046074688193266,0.16530923884929283,0.7543095707682617,-1.5173604129334493,-0.32840331176290993,-1.321371869865015,0.8367599752009456,1.3439241775666606,0.8501856462181876,1.4943557819983855,0.03770340179263919,-1.646336538442077,0.4244789695839084,-2.024502204259928,1.0759398267974132,-1.0675107915856465,-0.531293594182509,1.1920499352981746,-1.0888612249950036,0.6748733399103243,-2.2059077203502735,0.32598232361295904,0.4624385114955596,1.8640061736106976,-2.267133687752316,-2.0199211440421436,0.9776637635925989,-0.590029129817174,0.2615733422260203,-1.3490747899050846,1.8477499911513702,1.57119252632808,-0.4312737608420363,-2.0057793297201836,-0.28237256214667933,-1.3899400333502212,-1.1333822894537426,-2.1689895644003747,0.5766674836949589,1.0998239273128467,0.10214675646316775,-0.8787492004234624,-0.7612791067757992,-0.4902846617759047,-0.1030184698419463,-1.7202498056877749,108.481
20596,2.7790400724146656,2.070768361654081,-3.00877152808319,0.3236051192355101,-1.519098611272908,3.2735912683511383,-4.747452871123562,0.01310017989223311,-0.4840667712071255,0.6706351147314986,-1.1300685286373902,0.8240927451170673,-0.4873998059088388,2.4560081389063204,-2.6352237131288154,-1.81567191457644,1.1703228919678121,0.5064532073542708,-1.635015336965985,0.6361807362047865,5.136922585420249,2.3688562963080337,0.18974795178823556,2.666539809029258,-1.6160134166407238,-1.7979690392738965,-1.1873376270654505,-0.7116089246125151,1.1810991126317614,0.5130833175148446,-5.684166534595289,-6.857574245758806,1.6957895845070041,-5.493022339631374,1.0169585114656385,-1.5061931366591554,-2.7506566454290695,-0.4692482915442721,-2.1208943712376795,1.6555250409154734,-4.144622841409351,-3.3798855086104003,-1.664757340953758,5.009159631182964,-2.4901820177415637,3.239221697247267,6.192084403683728,-0.4060054904691809,3.8345834029685872,1.1058270010771594,1.783064590323618,-1.3129628586804891,-2.5181216649792044,-4.756893765376156,2.8578467270133823,2.225643181365923,6.124975767300831,-2.903273689004963,1.977980428221296,1.7718499461898318,75.516
20597,-3.9334821241652698,-1.579648153520732,-0.14389197407131643,0.841730652410287,-1.3589123958329428,-0.13451787981777205,-0.7332484081596161,2.715444525482839,-2.9400030288099877,-2.445156140455231,0.9878229326334848,1.0431435745710116,0.4413799492445128,-0.04240944134067259,1.1287697281650642,0.21646481409762436,-1.8512192268952319,-0.9978411122478359,-2.6354545452053277,-0.18808368316428292,-4.1440863734790785,0.4254083845963101,-2.823946536172704,-3.0811283627831685,4.279928423440969,0.8763681276068787,2.4783714049122576,1.45026201507601,1.1058223651463202,2.7887805767189175,4.385278344108676,2.852900181632593,0.17839106021365947,2.8262781487179645,-1.377494066481001,1.363546523410584,0.289772563441835,0.027938536938576175,2.6374197245219353,-3.1516843153135783,5.021938961807636,-0.12187750134517467,0.26128533958762923,-0.18427764736187213,-0.553731040915196,-1.8333203713050272,-1.3192004003602544,0.6968823234492688,-0.4175184030510682,-0.013880342096171144,-1.912971030873439,-1.0471722516654447,-1.757530823378655,1.976575110670113,-2.1446579152776772,-1.245055413783608,-0.50196720593414,2.3649403193638796,-0.22369219177321667,-0.8078557593897376,35.93
20598,2.196786086989646,1.9808535289480649,2.0080963844185646,0.6767891310399785,-1.0007863267140527,0.39286879338441044,0.5202035548628375,-1.8837446774485804,1.4165936666883814,-1.269595187038896,-1.5106606112965695,-2.6353029583521805,1.4604666031500162,1.0972017509509755,-0.4998285953068956,-0.20671913302374126,2.469521320024223,-0.8082137066283095,-1.7740642876701296,-0.7814664851388593,2.5576068300218218,0.5671686053306243,0.6788728512649911,3.7632753745435306,-1.3879601841279996,-0.45450993405748996,-0.3520188104436607,-1.1057159842340951,0.43508341605379475,-4.012101786437831,-0.839610853329063,-0.2745868357709898,-0.9273885194227284,-1.254829372620633,-1.231060937185334,0.8949251159271179,-1.2794511486313906,1.3015034123051252,-2.601542509938469,0.8337132080659153,-0.38015821361858965,-1.7236602378509853,1.2122098396536622,-1.8279206706669027,2.0869388717871336,0.832098551792884,0.2003426785249995,-1.0774649278922481,0.7740537382516054,1.2458396886550394,-0.040014151478864335,-2.823697788691563,-0.5213150203785534,0.06779631048563584,1.4735042267606149,0.1778426984146218,-0.20344388601758512,-1.436873999713697,-2.125261494468598,-0.026203438618957055,98.995
20599,-1.703997365475649,-3.210004576792606,1.5478221146859825,-1.841620774058951,1.203371081238136,-0.7387222338735129,2.49823491853037,-0.884218075522458,1.4133188459160684,3.3324616448459468,-0.5233810355908135,4.915572230453622,-1.6285648814589888,-0.13107286335057525,2.9112545029431227,0.41035021837757985,-0.08596245448151951,1.6931897747714222,3.9669970170534294,-0.03186862602894042,-3.0841037769695596,0.2227394576062187,-0.07827395756294017,-3.842665748812763,0.15553771612077041,-1.4490913555377456,0.7854676050020368,-0.3480388538045168,0.9171061982219684,1.7975785050749418,-0.6962690816233972,0.018683055124855075,1.1241642852249552,-1.4908929994986444,1.1912200096480245,-2.0637774842505667,2.391884622408069,1.3869926107240766,0.6779960381139651,-1.4926274422834889,-1.50169658337227,1.6256751819720705,-1.8181890740032594,0.4257320787370201,-0.22011166219228834,2.9802992613104387,-2.1599584205824613,0.03700127090479069,-1.9879233636905664,-1.9507315695273086,0.10303114696953045,1.316061105442314,2.7913264579729105,-2.2104932688394956,-1.7278669076986577,-1.293109345515922,-2.2301526147640667,-1.396116462064086,2.3955214976442982,-4.786329050180899,46.321
20600,0.48741863722089707,-0.2439993661644965,0.3883182976604144,-0.5646817129390836,0.28757308507385515,0.38090984153965884,0.2732408769059587,-0.6323828711367873,1.1064798726220195,0.5077594542711502,-0.5354812297288205,0.5357563376904184,-0.6435133233415499,0.7027280671590546,0.46363711698311316,-0.09889416425023434,2.68999012719896,-0.6070406971364175,-0.042696923554285435,-0.8679886068066125,0.5129969572591626,0.7153787905398266,-0.005525664819927917,0.0023340183235280483,-1.86160262921744,0.039599496330382296,-0.1967447059622624,-1.1861752880657144,-0.4601578208981023,-0.5260792109501223,-1.0066191118598555,-0.32592585392295365,-0.13542704423967236,-1.249911843316076,-0.2911712818228567,0.10008146713968946,0.35133962343505853,0.5210628609596046,-1.4942296891458229,0.9961331001879663,-0.45401402611083647,0.3266461121874508,-1.5385226490401278,0.157930250470246,0.3143476342168627,1.258726110136201,0.3511504201221736,-1.819995608506875,0.3534832133206512,0.4451164235520224,0.8653048148875776,0.33269518375181917,0.718067619035089,-0.5177245293536851,0.9269632427146058,-0.5786783569058848,0.07552326780549729,-1.1368387048569017,-0.2369917343735069,-0.4086621193714668,62.136
20601,0.30019411542383445,0.6208889685736849,1.7209266662231353,1.0794421186752738,-1.4654979502792875,0.7819914274651414,1.029938085755939,-0.8393434325163793,1.2743154250951438,-0.9295290427577487,-1.0947631140055236,2.2437561489976505,1.8094430941009754,2.7311415336756313,2.2245646821303833,0.1904921838329966,2.217870234427758,-2.772495890829502,-1.0368019107686792,-2.162660752075887,1.1246426643136176,2.3551942474001746,0.9140382737980164,0.7404715276527631,-1.4985261596020725,-1.7448642730763682,0.16039130041757543,-2.5768370118591855,0.3810585035123465,-0.1353138764588718,-1.2708474362491007,0.9342028147695798,-0.9824419866255765,0.06462140389694615,-2.1938862052029093,0.7445017971496768,0.9189805202812698,1.6259713857112694,-3.357158824249984,-1.5724716359500486,1.0734560753900018,-0.7215645623996569,-2.447986835195504,-0.2579353650818615,1.0009910132620812,2.649457304835572,1.2387227865993153,-4.1005997917715025,1.3820859637944118,-1.2912338029080752,-0.5938105107703812,-1.5453146258365067,0.4334462774448141,1.1755823554531153,1.2409157115464895,-1.4903631390656502,1.053794664747649,-1.1044929829293801,0.36285051619772923,0.11909801378039997,89.956
20602,0.5143641087465146,0.9554410616384699,3.028911513045851,0.8468528013846274,-1.130234031347971,0.27019031534663795,0.21390200135542625,-0.13116941611747793,1.7927334814532705,-3.066138633260942,-0.9152418489437135,-3.8620031512464528,0.9072831540902064,0.8329733547252991,0.7093809265482185,0.5474565788777913,6.357156930259429,-2.600535439917004,-4.095629759716357,-1.8152423481897273,0.10358673960697556,1.1317431276134897,-1.488234502478745,1.9777239040738068,-2.5741151276476493,2.5465038887368525,0.9475680911098807,-2.472652602342095,-1.9124710912882437,-4.186022488661255,2.0336006079149147,3.4426414239743597,-2.617619844759216,1.241595403915446,-3.289567049688269,3.7196114207247852,0.6183113313984689,1.3896013437851789,-3.497484978942726,2.454742504017885,3.6472709551860136,-0.8870172255094366,-1.4444968049822298,-3.425462535003093,2.241878648083409,-0.14255583214438738,-1.7280084117830183,-4.939430811416045,-0.05129716229499667,2.8122525581311577,0.35574595673815657,-1.414197052482483,0.41209886384008854,3.44635338965973,1.1869869292673316,-2.532936965011589,-1.085365649794508,-0.3688337785505279,-4.7646582293182815,0.971806134663741,72.95
20603,6.636871193728243,1.8941209597743551,5.556329788599646,-1.1729617325562802,2.9095547273845956,-2.70742205439282,6.9401911965815035,-6.88188148092954,5.250404348598103,4.735130832678436,-2.552289299156954,-0.7830259791769987,2.4518556730923198,-1.7120674038596966,0.8886878294779574,0.18208243924034317,-1.2375317405261297,2.459422990164005,7.51683931868192,0.4031947603320454,4.943079544024897,-2.1972699080126383,6.196736271290393,5.4332415714195825,-4.416602380541895,-3.9037933530887043,-3.2248589027440144,-1.3911228245763059,0.2161036780370776,-6.419262572123524,-5.142927962114121,-0.7040179008297054,-1.1640562911375065,-0.806173768731976,0.7458231996158803,-3.2818757879490557,0.41839555733817213,1.9272142146203017,-2.8146435435762434,0.6510104820345123,-7.258504127148843,1.3720592205926476,4.346043468543715,-3.4689907122901733,4.432284221542346,2.162432754210194,-2.6105468452165477,1.5340081129873728,-2.3030194842369616,-3.690776658196771,0.3416784830046413,-1.9983033993001378,5.862446326755737,-1.9494490311593955,0.15470308197792146,1.548316939373358,-5.494861844063631,-2.2074533408736685,0.3202823480230014,-3.8985710412509516,174.614
20604,-5.723442235638062,-3.011640439708628,0.9928886563374866,0.9830101214866187,-1.5078710060234422,-0.6509573478570753,1.0762607983698664,3.0755969693837035,-2.726474089383901,-3.5183416531745926,1.047058479268821,2.8900250676169694,0.4769442938793583,0.7725795025201682,2.750921318258238,0.9232256991057455,-2.307474130254803,-1.7161991273679045,-2.3095253301725513,-0.9885497397890861,-7.015827218713765,0.6837618279447667,-2.548117099848233,-5.254720328229535,5.886766601898105,1.0090180838079883,3.1462317580920898,1.2603589866342086,1.6241120120183614,3.941859573246028,6.405330537769234,5.756509176256451,-0.6983249709185411,4.927970198172214,-2.074083444861619,1.8849394603901133,1.7128711703287371,0.7752336286329475,3.5276833978982265,-5.410020197349871,7.182829394515912,1.0662100680278308,-1.2068289353176849,-1.521300253608641,0.16982732547817705,-2.054771297147574,-3.4881340070407743,0.24984726134712662,-1.5111127387488885,-1.1025167923607084,-2.873940013093082,-0.6031347292992743,-1.0578452295414025,3.6246474216815434,-3.0318166430725912,-2.3785090814904555,-2.452653801548897,3.2136335911450065,0.485983558112556,-2.4874762736191074,33.331
20605,3.605476416769629,3.012570769203438,-2.0091185379818635,0.28048274893272207,-0.06489208503019384,0.6974597058852652,-1.7703128716282204,-1.5279138201444167,1.6316236882611774,1.7361576695470033,-0.32470566555145586,-0.723632846584293,0.3906220240028197,0.5042744676678694,-1.3490258009583664,-0.37027399725646454,0.9788717715598838,-1.075905005799777,1.010201114288923,0.294653762039071,5.990377467915499,0.6230645374317734,2.4892768332698805,3.512804476598672,-4.5675529625165465,-1.2013202868640032,-2.9835736328598825,-1.0151569370030744,-0.8633459033862394,-0.4851091141954228,-5.011841651980177,-3.7489018137647565,0.24588296227039697,-2.679259704716328,0.6796143591781691,-1.1060228430611645,-1.2007242539925762,-0.8097073999822961,-3.4644047615326667,2.340748144616424,-4.062106790476447,-0.3655599765812738,-1.3587511143740696,2.055479874129415,-0.9523448806363932,1.4448099417062334,4.231844504420018,-2.0661924733161614,2.6328217839604857,-0.32402811374680895,2.1434304793812307,1.4007647836680805,-0.0675586016098557,-1.063314873812807,2.963177407175627,1.2373750835308392,3.7660891993952337,-1.2153642829311844,0.699123116771113,4.197671738703266,109.485
20606,0.26265639299528604,-0.805152708201184,-0.318947666871323,-0.5402058106283991,1.257815897019604,-0.3467862786093492,0.7582663964036694,-0.9298437149750868,2.809351166893199,3.758074907155706,0.2568292296978514,5.433330746262684,-0.9348300427810057,1.286936208740598,3.3030961960349656,0.3903382625572085,1.7380252986099165,-1.801510869807454,3.640367901091291,-0.6619443639638053,0.5519532439950103,1.4715948334134408,1.8778687734308224,-2.0269792048643236,-4.388882535402914,-2.065724561850976,-1.0706837615213902,-2.8960740800066764,-0.7314082291579459,3.3549743032013604,-3.5460977700653107,-1.0406161106867338,0.5586939629179765,-1.368236026974679,0.44721243509267256,-1.8027422746593433,2.153700741496697,0.71160347945999,-3.430245948502881,0.17371593571721033,-2.588880374049462,2.510866228103367,-4.662481751844505,1.7205539827035237,-1.007060548810289,4.23695226097061,2.1293115498283655,-4.328681779177619,0.36041578981069966,-2.68164636776662,1.6394232799211395,3.7896138872958507,2.439634622310252,-0.13481248118806755,1.1100090254416046,-1.6368991045456027,1.4660332153887148,-1.3300130725370718,2.3908042445234585,-0.007690850357266715,65.097
20607,-1.799691916046654,-0.6308021919426713,-1.473759365099334,-0.13870919279485158,-0.46216709921349924,0.13981959685804501,-0.24133154662427428,0.33289161195287803,-2.5380926604738265,0.7038317242818649,0.5527126838550966,3.941762271190244,1.0233112523516095,-0.11297446965480332,0.02164716573446017,-0.38828288060199984,-5.819278125639262,0.5673479256256568,1.9893825319817147,0.6021259306736174,-1.7934502578352074,-0.19893877881542923,0.7582828411239366,-1.7168059432968394,3.5854190779923933,-2.4025321327216473,0.5646908919932627,2.5104540970940215,2.788266925167691,3.9349572113187823,0.10336473510335956,-1.3584910470230631,0.8966882197393955,0.5943667835083636,0.8758206620587904,-2.0166385451177806,-0.7985863165265911,-0.5272829633218508,3.240245619189087,-3.9274924373487856,-0.5413302631234902,0.30174576209370235,0.7591109559243785,2.484006728305065,-1.6857117320947763,-0.5570621817856137,0.7828124358204511,3.162622310094496,0.29745719558238304,-3.071658205656125,-1.0968812814735958,0.07296539119352136,-1.1019081700803277,-1.503510021167696,-1.9983237245049283,1.5357884912344284,0.37279717288808534,1.4528029709367447,3.8426946338486707,-1.5737467556262446,77.041
20608,0.15161324433698026,1.1969652724713433,-0.26571112902437044,1.0970655658961286,-0.05216405313499865,0.025827052045296672,-0.09646205094923949,1.010511794959503,1.2102118373633584,0.3056082953372381,0.7285854867948163,0.7630711288793157,0.8665244929310553,0.884535232723685,2.2424667511634637,1.0672342228430227,1.1147282139642636,-4.069220990074644,-0.12880545978025293,-1.0177868305344102,0.6918153443074485,1.1345754225086808,1.8130128871143134,-0.05451520190789859,-3.298255944855532,-0.5497484522326298,-1.0551649315304774,-2.191666927844106,-1.3796254831698673,1.4881225586560933,-0.34688662554338917,1.658958363309168,-1.0068114999141846,2.0714951213408073,-1.1356612870590839,0.6829233102145188,1.5788973878003134,0.15246022160476225,-2.865885981403395,-0.3566097196614685,1.176434436744755,1.5809837365892214,-3.307574183516418,-0.6955730932712025,-0.15473679034495036,-0.13716266477077713,1.5716193504768512,-4.520321309764956,0.6356794791833831,-0.8675228423042363,0.8105833368240818,2.2530684955236064,0.7805089595172016,3.4283997270246784,1.1566546862692793,-1.6631562031156917,1.342757452064594,1.1716406190945228,0.44934235695712593,3.530883932254889,76.087
20609,2.0183751237801095,0.5488966690502023,0.46789456125550644,-0.16040828031764992,1.0402700745612412,-0.3745544196064896,0.8439824288982447,-1.4444836945938626,1.6523862148025505,2.4419170056051196,-0.20713565759352615,1.3295235608929115,-0.11290271166561999,0.32348576958197267,0.8329558303955562,-0.11542250918913338,0.10049596409904621,-0.07484161712849746,2.7285079337988396,0.23720514650666366,1.953822594621307,0.05044361465560074,2.0237379064162058,1.1220338951352358,-2.663192004130924,-1.692304528998607,-1.3278632177270384,-0.8871173048810324,-0.41515117670782026,-0.029472206987779595,-3.2268846185202706,-1.217643477478642,-0.16442417039952553,-1.0576488898579768,0.39175163769582544,-1.0509845410818612,0.8169286509696543,0.24968947078963755,-1.6733753338029733,0.6249154938960116,-3.0085668161287087,0.4904037849672301,-0.8027336839375341,0.2228623750308349,0.49819275986443284,1.3170003470522942,1.2909465091041357,-0.9614159663375601,0.008330334117362947,-1.5809585645663966,0.9870539673668265,1.9169527303831755,1.5280643076038736,-0.8781934855357204,0.9480111850036467,0.04544523290610347,0.3256687971305887,-1.0132428610628104,1.3218541166501894,0.3205959619703658,88.525
20610,2.3910216701948066,1.4121561445135484,2.33354678264837,0.12381671413550198,0.2231256678758744,-0.4853394886198551,2.440850332806376,-2.608762465376494,2.353856322411662,1.1920014352317432,-1.005123798490248,0.16207296181946065,1.2888597045016255,0.6699054275060364,1.363107538342233,0.4890698104392138,1.3416593998111441,-1.3586796656924789,2.1584387202751296,-0.8119809711403759,2.461717406108217,-0.012206218919877415,2.797065550144056,2.3742391649942554,-3.137353887255451,-1.6878500292106031,-1.638580939686712,-2.0849064335283845,-0.1819593676794446,-2.133328336399223,-2.1846277008999957,0.25689448125030756,-1.2072439413397118,0.13309322931290196,-0.6418814744118626,-0.6622477179677699,0.6592323323916025,1.2259437189930311,-3.5038030848974255,-0.04327824675266259,-1.6374210708323376,0.5293480575992262,-0.22846411133191125,-1.427074727063066,2.066074873153816,1.2904378720966678,-0.6147522393131376,-2.277335311800246,-0.34383451899120593,-1.693423799844432,0.21748932386486824,-0.2007980713389498,2.619218068210478,0.968707036433126,0.6903511596007145,-0.5065964320622581,-1.0369620888058217,-1.2270077395607601,0.19982733344829795,-0.0022499307470082025,114.953
20611,0.39065239299236826,-0.2960723236738407,-1.4410423792594034,-1.2973880526700303,0.735152144258818,1.0430004776178396,-2.2128375694433657,1.0431276076601048,-0.3912167052256677,-0.3687884518655744,0.22568406000507973,-4.905128210767238,-3.036971295077468,-1.30695738423405,-3.475372850527099,-0.3265188096309691,3.9682651869272583,2.478359575382533,-2.4237402715237106,0.8501092073163224,0.31095450942334807,-1.4435094418246779,-3.32708643779783,0.16413905568221118,-0.7352204818177035,4.102331589778371,0.3564175614652372,0.45266930814814693,-2.092569249831906,-3.118735394222052,1.126390055437784,-0.9238024427829866,0.27042622910797987,-2.71795583185075,1.1762550273413876,1.6387672455812798,-1.1305014986248318,-1.6175028519234445,1.24364941195649,5.600896585242078,0.1269530591941677,-1.6236566712027292,0.9846780187638663,0.36993552244772043,-0.9045103561675659,-0.6907049705953022,-0.5257074756397033,1.0806399629831143,-0.12310940148853164,5.029067878655002,1.5495067569249692,0.3537192133369258,-1.4163100363466206,-1.6794885633594447,0.832119877315618,0.9181431287737079,1.0820279358085014,-1.1831338630736776,-3.703816329133233,0.8322228876876601,19.598
20612,-3.8759887442102134,-1.7025192168536607,2.6375337818892337,1.5474916549849884,0.36278599412775003,-3.0681611710317864,4.669721728492125,1.1230996776892306,-0.0837024604598497,-2.2187803297244337,1.7040837538488753,1.3029220121706766,2.481551289635377,-0.8260600787233215,4.576265542334585,2.1167500464139275,-3.1246496114292612,-3.5466338601637233,0.8172187652160035,-1.7925494973183365,-5.803806451652392,-1.4409686991141133,1.5754811480202735,-3.1138059343163067,2.2950059545761317,0.3096408456953824,1.0852323372767343,0.35517023871198405,-0.22352075075096675,2.279929959456818,6.20887073282874,7.978388951837395,-2.4675577567964866,9.23863666442206,-2.902112053409311,2.2603824653359332,3.016592253169926,0.5816325761943633,1.0296812165635332,-5.537918244649831,6.39955019380128,4.421774376091684,-0.10247482842741515,-5.3516662274055395,2.4837659645192716,-3.9418268482307437,-4.9661615624174,-1.828332738192899,-3.0859213424313574,-3.1383080422866887,-2.7786256963149314,1.0356618777339581,2.596236752285546,7.305017111391052,-2.733776046022024,-3.4594209059529453,-5.126068236650805,4.507545203049306,-0.3188420718954246,-0.19789516119813316,89.46
20613,-0.4516160786931761,-1.8241807664792051,-0.2133072554907528,-2.3227863229901367,2.5207468949346916,-1.5308087919764057,1.5205070226678297,-0.36894067360938465,1.445470476952708,3.5549826895549783,0.588134809160507,0.46440969270954924,-2.43719160904594,-2.5131260565239817,0.09029823767917966,0.2445403168966879,0.5962082439835688,2.155156275609678,3.4321073221559737,1.3319840607831255,-1.5797582718445937,-1.9966662896244187,-0.22003603504253594,-2.460989822984139,-1.5249815311500046,1.3468390115030644,-0.17492667887809593,0.32739177061969477,-1.4749876976967513,0.003822080156115914,-0.1573614478678858,0.36857470510665546,0.7673417834349701,-1.0131304668737369,2.168349977777706,-0.7464955923550542,1.4588737380615213,-0.6815944518548918,1.4476879852595015,2.5929861064244064,-1.6522482139601893,1.95049802283603,-0.07958784794449544,-0.1048752818843402,-0.8165224908079023,0.2921513590384159,-2.0275449865193784,1.0502456066204806,-1.9515377522144488,0.7491908298475015,0.90711444276573,2.6962659763008245,2.2320952214607597,-1.3608667797359766,-0.8458487468425725,0.34020053476669465,-2.0304396417510464,-0.6526830015780093,-0.09868327044952911,-1.7559708786119208,38.34
20614,1.3285092827308773,-1.4076159609227543,3.5529148045438834,-1.1047499004778838,0.4314936375422598,0.3148631375486113,3.2561306361093645,-2.91932375075822,3.8233841632010837,2.0865325965253803,-2.119366043798936,3.3933587197442567,-0.04636647153076512,2.047357684728812,3.6614502382626695,-0.08580748906215876,4.762766674074097,-1.0633366980595422,1.9840713863863502,-1.6157358693132466,0.8569527327906948,1.9461541725452096,0.9589679914533462,0.3431898261065226,-3.5109643552748446,-2.1183013801698714,-0.19132463588713,-3.589498185934807,0.8664582579797488,-1.7735387094197672,-3.2046125604309355,-0.08884132499934638,-0.6420323923943344,-2.3683046473263296,-0.8200391909970883,-0.8243092021380741,1.9899123014735707,3.373130423174491,-4.40563300899583,-0.031217457016403577,-2.1827098719059066,0.3590223737716685,-2.8549886207459636,-0.4381276598153686,2.0251881395526588,5.659760686932742,-0.9856657929998512,-3.8647933704986603,-0.793478424326791,-1.3845520082197202,0.7949494414266745,-0.8622592645581031,2.9146539744294038,-1.5141905842941696,1.270598646121646,-2.178275664777083,-1.6637417496989548,-3.542256135176346,0.16718963775323945,-4.344201499625994,80.868
20615,0.4971121360470735,-0.790144356216957,0.6635555714392797,-1.0093342284824771,1.6191370567349572,-0.9552498251593065,1.9328684765889157,-1.735089780513427,1.126765547979672,2.3916594404378477,-0.23941023453266694,1.4230905458674428,-0.4766870442823532,-0.7388849730418854,0.4761489645242511,-0.311519231805118,-1.6109022735724499,2.0323582195669374,3.3484671271833477,1.0085227821107468,0.06775746212244527,-1.100120447802104,1.6007068300890628,-0.32775763051158346,-0.12520870588124186,-1.230745453997793,-0.9252378043567355,0.4942152588157071,0.5091810887838779,-0.026476205930984174,-1.7733934890870855,-0.8335382222567644,0.3327273261117909,-0.9435799101799422,1.1838219694972683,-2.228514243980643,0.566554938859176,0.45063655309232353,0.7797423988551944,-0.09451251165487398,-2.560799060326425,0.9280894673092981,1.1145866012002899,0.24192728019214899,0.004152794573241608,0.7285550901779119,-0.7172837433306775,1.9569179810788442,-1.0929818071982054,-1.6266288775215214,0.017784118779992336,0.5168570734300801,1.5031068739954245,-1.6516784892389325,-0.41675488180698994,0.8363619555938604,-1.7330148580454945,-0.39644909322951216,1.0569728578294448,-2.2125861297710117,78.97
20616,2.168945046996351,-2.1007190718878843,1.9673326652465584,-3.6206053288669313,3.8255603923461714,-1.8747336130656063,3.266119551411173,-2.7450032721986366,3.7351817151354507,4.905843338259168,-0.17296453293879524,-2.723380942249953,-2.7748867351575193,-3.176993800803088,-0.16816841599081034,0.27978236322648165,3.6844440528934324,4.660492116372083,4.8773986758554715,1.4685782386768502,0.34214111435003297,-3.2924717259424496,0.043100096893949946,-0.08773581801191457,-3.3545024886220447,1.8979992041824134,-0.8673149763882346,-0.3457903992695769,-2.2067964635832005,-4.559032576847713,-0.8662695748839639,-0.2523312840318669,0.18945869325191367,-3.196339417403159,2.7468701379379796,-1.0514796212586026,1.2103586055378424,0.3649009661641172,0.32767566745250654,5.688513078820177,-4.213341879163462,1.2779140496206893,1.6651853852625953,-2.0188219842751365,1.7465772389083873,1.3391649903300633,-3.8704922410300298,1.2990527004985304,-2.8571479964235125,2.1614761098228232,1.9654319548263572,1.8709318580375294,4.399558579102791,-3.023880877192097,0.24628478346687918,0.4465582934747346,-4.333516658135433,-2.830021182716221,-2.3695451264650567,-3.558642841651084,45.925
20617,2.2949949323046903,0.688134480534609,-0.5132524891269088,-0.6566683755839372,1.1340583621009044,-0.6557518344117388,0.5849738974314033,-1.4384260721295212,0.6301284028324848,2.5145919343348173,-0.25320743212528923,-0.6202228592051621,0.032176686039101135,-0.7960246941577647,-1.1536481712491247,-0.5815828674615141,-1.2281879206994508,1.6099959858461457,2.547306873729486,1.2344205034134625,2.4049880864618673,-0.98759891654535,1.5694822449711459,1.8990093264363452,-1.4610291050415867,-1.071699459910194,-1.5195156109138006,-0.019232800431560726,-0.04688099287742312,-1.1107002279769629,-1.9500987601679376,-2.4748190177328837,0.4433690958695001,-1.3807708513690369,1.6112400594300402,-1.2867703397715098,-0.7136219357542646,-0.7758957185478165,0.45029014139823653,1.3625665014062087,-3.3206899030824975,0.047397244052743176,1.1988233840286706,0.4497723259710725,-0.33116011815663615,0.25809893814507684,0.5860864933037421,1.6794617928486335,0.32636365293300035,-0.36313074377573984,0.8054287454867674,0.41191090543562237,0.681391676518864,-1.8371470600514626,0.4395136554804346,1.263781647944329,-0.06671264829121215,-0.6078889463842535,0.5509812218945178,0.06007958306167441,89.777
20618,-0.35436175599724157,-2.1574076717627175,1.8342479203114166,-0.8952870031110267,-0.6658281583778219,1.3125925819301032,0.8574707960920032,-2.060730011583515,-0.15047914969491344,1.2599277213033602,-2.1722407674813824,4.597256813431755,-0.013811054630545619,1.74957077912185,0.4986457372525831,-1.0938665040686324,-1.5484179940795557,2.890338033791042,1.4620701039098214,0.376425384204265,-0.6837424282458812,1.6370486421075372,-0.2650708518078419,-0.8609444513311535,3.1773355348253256,-3.049536963466948,1.4701133555516697,0.2290324518221392,3.3556951733264313,0.5776873379792122,-2.3974708318154314,-3.3626708914414696,1.1833058249835209,-3.6889633983373225,0.7845609339004821,-2.5978733873915236,-0.2701354960547149,1.6214464937772044,0.9240390407967141,-3.04782830395575,-2.271796242117877,-2.2162751907607072,1.1220961987550724,2.8023257390203256,-0.06525459189750081,4.425720625269908,-0.3590763807190823,2.647832253698639,-0.37898951604475706,-1.9476194788440346,-0.9957625359351994,-3.2602334427737594,0.028220263692390946,-5.221125487063638,-1.1567812894361515,0.8291356483577529,-0.34209929704884484,-2.41770676176129,3.329500497896854,-6.409854415582712,75.7
20619,6.0146564323402405,3.1689779027584937,0.24583344333061813,-0.8425441940242447,3.8765341797287127,-2.3208450888603833,2.5019885490635367,-3.909521296927231,5.129796918590392,4.7714411803461845,0.38461822717582755,-4.0757571495228815,-0.34599900093269176,-2.8928417869536576,0.22503656123058707,0.6826858862246856,1.772840807619706,-0.061377201139982726,5.924814090304433,0.7721831027935517,6.316287602921223,-3.1323316565845256,5.230836783475876,4.3598351037113465,-8.559186822896624,-0.5401133869870953,-4.624205091532656,-2.1040327334178195,-4.279714270918689,-3.7789511678874224,-4.4369342350594305,-1.4677331096319906,-0.7302868164065885,0.057116167502780646,2.131753463307396,-0.9173251161935227,0.8754898447005163,-0.9045524571899117,-3.803986870621936,5.686279703988505,-6.244187644601233,2.2974289873364717,0.6880819220872548,-3.0734137145796043,1.734899097504186,-0.5913229582231606,0.49986345779786306,-2.2120460169308216,-0.6397327363509729,-0.5431363391360909,3.2484410749227988,4.121561649964101,4.558781961277735,0.6903755934201157,2.519591048783705,0.7934024692729672,-1.726953556769443,-0.9752563189605197,-1.2685779133696609,3.9750964744037867,124.383
20620,-0.3589378968098102,1.940438435774383,-1.044174684873693,1.219505618679876,-1.308432744679923,0.7523397296155574,-2.036079353559572,2.0048564823144286,-1.352986237908444,-3.514640816469884,1.0290022330116937,-3.633972987746188,1.1223414862920151,0.09288078626856622,-1.8846796844138052,0.21570380177731355,0.40009888328172516,-1.6382043232402823,-4.3765097727584275,-0.4577993996900518,0.2629343864869589,0.3571952601671807,-1.454034670026701,1.5406910348586278,0.6859881158666851,1.9724004108232005,0.3718384540843261,0.37089456516943475,-0.7969043135480947,-1.070767451315609,2.317347596285557,1.26542710411365,-0.7357047486871552,1.9696286836125538,-1.3137019508988228,2.3282743395021295,-1.3987800406672406,-0.8939908012286186,0.12769926192201295,0.5944272514448798,2.9815639520840254,-1.0404771429332642,1.040141043904331,-0.9492606336731773,-0.14032953462869557,-2.9693652442996825,0.6007964340657681,-0.6072801456519291,1.283853394923376,1.9734707890140717,-0.4352527575287255,-0.8571218232657588,-2.215625196549814,2.7142031109995663,0.33856808090807483,0.15832401525259715,1.4603578293553763,1.8274735571155958,-2.205720283088734,3.590322847585223,72.508
20621,-1.1457002253010147,0.32182833163940083,-2.239014200340943,0.2564172754729399,0.3988023439923182,-1.1109768921609984,0.07532171876964569,0.6281631197056502,-1.8186037937237602,0.7920608786197056,1.4706261702925802,1.6205430925709352,0.503698533693145,-1.2382533974339172,-0.019988553177308355,0.24478510210983462,-5.365497251125781,0.37784145403973024,2.2913367203997987,0.8931701395563107,-1.1445216559218203,-1.259307082046111,1.2466780989175026,-1.1931210372026921,1.9587305280106382,-1.1902388906512922,-0.4479702840194921,2.332041908875716,0.7888218952349202,3.5851086441013886,0.6963828430425864,-0.6433482034842085,0.9298676619077267,2.222975351523764,1.2868029193544022,-1.2173599310107115,-0.1611550369112746,-1.526982806342047,2.8030426595096163,-2.147716594714563,-0.18513930862244568,1.4718994327251855,1.2067030196748516,0.8788248774994825,-1.4683009401260265,-2.2586897585564043,0.8522797929789494,2.758523010890771,-0.1583649383516313,-2.7621964149262777,-0.44113851778906743,1.3735671633510906,-0.29690926879884283,0.4596430243934757,-1.4927889799200753,0.7694192544229708,-0.40755417653867804,2.4636735834558254,2.9652097850795323,1.3719217431927113,82.081
20622,1.3536959303293654,0.07902907921390771,2.000641367802617,-0.8020661105823285,1.5584179666329128,-2.1344118576294075,3.218398863469765,-2.132764993621695,-0.41823351421094423,1.047035874496536,-0.20763533643543278,-3.2796823997041753,0.8164471317615589,-2.6913320607477544,-2.1971493210683493,-0.07530837915874566,-4.3289544921668455,4.10834977477037,2.5468721503196825,1.6516917763180918,-0.516054804919793,-3.206458379376286,1.1951658844258397,1.3591728866797295,2.799149373623825,-0.018819471970165355,-0.821617323987931,2.9128108212019344,0.8198193483449157,-3.3730271082667493,1.0340867922106187,0.48151174922357554,-0.07938403616488665,0.9887116597299542,1.2881685636911662,-1.1634787540829343,-0.8970681894282327,-0.6098766498067005,3.7984775768390886,-0.20207100916433626,-1.8620062016870012,-0.0681920094053477,6.557513155604018,-2.2989762689039788,1.762873619295284,-2.876712985949135,-3.800373477170245,6.33102043479836,-2.816440941361921,-0.36198724163075185,-1.2908545956591404,-2.076715172561976,1.5441438957078983,-2.1927714376306304,-2.047132987065726,2.391452539131994,-5.050778796729361,0.6693318779866582,-0.5748833703253492,-2.7031342355896304,108.724
20623,-1.550195230526403,-4.265935343862384,1.2394808188366895,-3.1921886592324458,1.8250399210298118,-0.7752739426794946,0.8602769033813933,-0.1990489098430347,0.3839938575951598,1.9514456599234031,-0.09425163602543203,-0.8060189981941569,-4.033808106633614,-2.350168738873792,-0.8732345641450321,-0.0021719360457790327,2.863868754668272,5.707518661169596,0.6766469670084604,1.8770471540981848,-4.5073205362622675,-2.072438198612704,-4.208780680187501,-3.423003847588327,2.2792101513957883,3.1751947293214555,2.347423352881883,1.4651822306204934,-0.07376241536101594,-2.245498527871723,2.538994496255063,0.0585781214050258,1.1661647798447201,-3.933113129597612,2.130437817745036,0.11958184875290881,0.5509976093685445,0.5576014499386938,4.222178261449561,3.1605244464416598,-0.3153652432068529,-0.26277756437381844,1.9596337787187517,0.021458555065581406,0.1053128556306217,1.5260524357642415,-4.8483669858492355,4.0673443853587266,-3.228575638733191,3.5008406372940737,0.38505451590910145,-0.36511070828590897,0.9947419584496141,-4.389751546700894,-1.968446582410198,0.15546313281927124,-3.7738955903792055,-2.059875406937814,-2.064360356663386,-7.203532893739468,-1.455
20624,0.4971682463562308,2.1218539729010417,2.749839104206606,1.84565801147424,-1.6403931956582436,-0.42421341571463966,1.6746604946106682,-0.6100823369129708,-0.7885381659921871,-4.9175379176818605,-1.246684302027124,-3.1033699790496976,3.620646453528439,0.8830336296898398,-0.21132809336135241,0.4317125893627146,-0.9396644147319696,-2.0821088350579164,-3.470813016697086,-1.0686358651343884,-0.28130935285002806,0.9492019729360128,0.7678107475278438,3.286902214218478,2.239120967832958,-0.08046026233053749,0.45738197674240416,-0.089832307528974,1.3826261690828319,-3.2447564477728275,2.914475740388446,3.421070718829548,-2.6859983453653786,4.257346168754446,-3.2969286184577005,2.2313280303188754,-0.954179193537358,1.2025181023367908,-0.7769450659235666,-2.824394836933227,3.5640068095671285,-1.0759042326301482,2.9925314534485983,-3.934523813619594,3.0631766822683066,-2.4236565551785123,-2.0900718268087823,0.2940700010790362,-0.11641826732410113,-0.5887119254414115,-2.6291075548124176,-4.433420009439327,-0.8497689297045745,3.2502181858704704,-0.5006424987485624,-0.32489823006481927,-2.214676886983546,1.6408056909838382,-2.342613527392924,0.1823989633877682,128.882
20625,-2.0452456438275926,-1.7358734479511118,-0.7997297109363201,-0.41531251481950743,-0.8143588652574455,0.856968422215296,-2.0872147880717704,1.8667165490672128,-0.1718047773932004,-0.8541413597250248,0.23591792876390785,0.4329416265011492,-1.9368075599977432,1.3223652726728488,0.5183930734962516,-0.06088809039015221,4.371112921186747,-0.8969114120507717,-2.577316752102245,-0.6381834183757163,-1.503184603424197,1.262275780971197,-2.6816494956846286,-1.9329732474455659,-0.9314537916548684,1.9583659774750908,1.4201240558351016,-1.1561410331695146,-0.7296455609372697,0.9758681337926165,0.8476231366845121,0.6604919598213803,0.3348248473620796,-1.5711224835641955,-0.5335102988559225,1.4033571809672585,0.7275557407978432,0.44467301525201564,-1.2198482802592472,1.435939947433109,2.015195130874776,-0.16129555613443086,-3.4532296823884576,0.9280273442058509,-1.0670215434998118,1.799895478300985,0.31526076007408904,-2.5492446561509117,0.185643953218454,2.5688150394303464,0.8338250725756554,0.7089664068175092,-0.7908515883440957,-0.015592659160887097,0.6517728227724503,-1.3509313618220833,1.6418845599078737,-0.7401172846032048,-1.6298767109330716,-0.2404236785108486,11.464
20626,-1.3397850529418978,-1.7299488795509015,3.861676721923562,0.23186668137214234,-1.0648568650578865,-0.215771987730384,3.2024828874290034,-1.4593659212974641,1.515223771963869,-1.5104491305586865,-1.5309337850249427,2.831017854586503,1.2277404880130043,1.838794494190018,2.9092444090448426,0.35636095428754133,1.5120561249553401,-0.9429948265719398,-0.31758724704029345,-1.8905803682599556,-2.621151426913841,1.3775532009305218,-0.4138139222781956,-0.5835963499076858,1.1607307482707205,-1.1680542300686334,1.943529239762324,-1.861017202931183,1.7358741204621904,-1.0460440803584565,1.2692701763605994,2.6982633102566993,-1.282429155067249,0.8891117065831837,-2.249341836740888,0.44778500851729863,1.2719149587613636,2.5041166416711347,-1.7925150493105724,-2.921273692569658,2.1636251053559907,-0.2788678153614398,-0.6685223140012335,-1.5551777982711483,2.7296281329966017,2.668783020607165,-2.768877306041467,-1.6192985733740592,-1.3340512719600788,-1.753967896605475,-1.8405606374228156,-2.6747225945400417,1.5377344710958503,0.743311523022547,-0.7414829012748193,-2.06532620092736,-2.623703588510221,-0.8279774194027218,-0.03226657265779437,-4.50372950134856,85.298
20627,-0.2318642350895196,1.8743692116986468,-1.4144922429473732,2.28577165998356,-2.3784714406445966,1.4341138465182532,-2.8575596445935907,2.011187585415468,-1.608566549067941,-3.3246417762671006,0.40112157180495595,-0.29553610583661294,1.4681257474318714,1.7058779222983171,-0.37721785230318283,0.2268824785597689,-0.19702009106187268,-3.5971673677763825,-3.5379693389802918,-1.169965634600361,1.0296295530252462,2.1111639340820343,-0.11840638739342958,0.9226621579119376,0.16004205990550108,0.16908740190384924,-0.1536119772690704,-0.44621571388728015,0.09943783843090923,1.9126862536513685,0.5727305465659103,0.3370793549419634,-0.29269208663383767,2.189629965593533,-1.7158511127830913,1.5164761535172058,-1.1153258704633389,-0.4929531471897753,-1.64868201308938,-1.6422030462750656,2.586096294464833,-0.8158823553816199,-1.6013019222614746,0.6303680987651357,-0.9170908650151505,-1.6542616015381806,2.5396343153643604,-2.2556486621168195,2.385397465802976,-0.24522125604276104,-0.1359203185491349,-0.32186258183956185,-2.8111635475841203,2.8678228734233504,0.8702199720316246,-0.4250570689073301,3.3071511839772114,1.7393079011185961,0.29989153235782123,4.325217097418202,81.173
20628,-1.715815775079336,-1.1705502556874756,0.024952145153709138,-0.18910267813325257,1.141706408371113,-1.709483863402985,1.685357966039248,0.818403413746052,0.3989344789986891,1.3020013417303733,0.9809209577472879,2.7938164222359054,0.30899191301509554,-0.6385141972739862,2.6764399933505825,1.0479743398810761,-0.9637443569154528,-1.9349858533465183,2.305529895028906,-0.6297333502770376,-2.3066424644115204,-0.35474934630514227,1.0923221652027302,-2.8690499699146277,-0.7551059216409763,-0.3697832578998884,0.120540139353401,-0.6030274257132358,-0.6364292915334231,2.957345033240813,1.074087159492272,2.898330071179313,-0.3268061008173517,3.1683145641634365,-0.4683793736027386,-0.252021356371949,2.4277618833245698,0.13401382532152908,0.2798920501208126,-1.5780926665486956,1.1758195553553652,2.934882898041925,-2.4903527920167705,-1.146026789886335,0.06511869397911749,-0.6518291274154631,-0.8417550664071418,-1.8650564980383828,-0.9920454097238238,-2.2793505024175973,0.13298497972335827,3.0222777302128496,2.2876555071880924,2.7785764166597953,-0.7800405760893884,-1.898507306079838,-1.0043067748738714,1.6371723725267755,1.417532642278669,0.46610605596642135,67.061
20629,0.04634297090557321,0.8530435759358942,-1.7993410207384124,0.9684389361503176,-0.8633176864892385,1.7964300358877918,-3.1572396568709915,1.6788926902438897,-0.24195613910896993,-1.05585391949112,0.24499393755514498,0.8732399341737188,-0.3572286832744126,1.8563643598893884,-0.20472717246258612,-0.3095149576201057,2.638217148934787,-2.6847521350761268,-2.5132852395331065,-0.8730050952450188,1.7314860689459073,2.1488598473654132,-0.6112975548130668,-0.08001898504396267,-1.866617987322543,-0.01874042764916045,-0.18729729888671398,-1.5617708930438103,-0.429430601744232,1.82420708511276,-1.6984169575364212,-1.0264153145632067,0.34943370362900217,-0.956720453304041,-0.6042615757344006,0.6526007812975705,-0.2681093218587017,0.13737415988122742,-2.5943754222790423,0.6251785315156884,0.21945344633808322,-0.8360398802574978,-3.884667090829442,1.899512410092309,-1.5047601447416388,1.0806567225371029,3.398943755384225,-3.971461370722826,2.3288453004283047,1.2224489923571107,1.4252125982297223,1.2289152827686582,-1.7631462912402445,0.650399352322707,1.7919043756662392,-1.0583599438161426,4.275314824025569,-0.4791916606499555,0.3166175670893063,2.981976295827418,46.773
20630,1.3254095983320924,2.052916247821371,1.1283404754969837,2.177119415335842,-2.2877028273968043,1.9523188056491936,-0.5035338580252664,-0.595455714954822,2.0785059427888526,-2.0576097394245405,-1.1266013798080403,2.4572637938962845,2.304279700311355,4.091877650010229,2.976295729802121,0.06579272943231956,4.380770941289511,-6.202805544937573,-2.9310583824269045,-3.1105652666076393,3.0574401780877727,4.650871836256894,1.5834627330099076,2.3840576421459083,-4.27363091156616,-1.9464925709878196,-1.0102335120257446,-4.74247095387773,0.09778983528053245,0.18202918043260946,-2.284420326656074,0.8484124256908818,-1.8008689467506986,0.46981143126159175,-3.3035318157889453,1.2047230392679873,0.9275199453325812,2.505268630700573,-7.2480067871448695,-0.9359708627380191,1.4223188159139866,-0.5359257112641533,-5.018503334770191,-0.5902358037778862,1.2528293264808599,3.2297116908786316,3.452633278351125,-7.900110671504937,2.537074802636808,-1.3073501426200362,0.7946256845905247,-0.49296195221674927,-0.3113821923594115,3.4166534663900365,2.642204051819739,-2.5907990980532616,3.286958056802262,-1.2321226041911795,0.1495100939054543,3.0044854374140244,106.505
20631,-1.6643468855047199,-1.1415304439498657,2.5333972884789198,0.5358346548400522,-0.9810429811412619,-0.4250196780790158,1.827793380825674,0.10443633465494312,0.5662990365550253,-2.0872856573773655,-0.3174605541768828,0.32329562122904065,1.0744211773616708,1.1744620562971104,2.4731905470040965,0.8044322516103749,1.7245167773306858,-1.7300629763014785,-1.7895763638187876,-1.5040282590004688,-2.6286935928066897,0.8760013309521958,-0.5136774589025623,-0.7264745600274782,0.563488094451133,0.7174045811625528,1.2310835847582324,-1.5128638391290667,-0.19208169426307334,-0.4750784472260888,2.511197068670438,3.817294358196539,-1.2518190763877701,2.4901906827201197,-2.5535000395256544,1.9053601153273962,1.3556649192387829,1.624869355804448,-1.3368100090136665,-1.850622741335966,3.5123510310548065,0.29821740228160504,-1.0449429444663096,-2.1468166109100215,2.0434461014857237,0.2733929086252344,-2.56814951757261,-2.5442918076007515,-1.0933422629948155,0.08437872260941962,-1.2012888513176057,-1.3040513692688354,0.7012879771495387,2.683922725521297,-0.4831155494552619,-2.0170666080593778,-1.9329320340953993,0.2595002107222177,-1.5015054503920662,-1.6517514514961633,65.449
20632,2.394197864609184,-1.6560268771621636,2.838395979600975,-2.709462122842948,0.6265898825010299,0.8189215726580744,2.143746039497728,-3.741206530757923,0.7025615170233263,3.4050562800283073,-2.893791797135834,2.9480570535098036,-1.8614799404625577,0.013404058123971482,-2.296061156201886,-1.611559576546403,-1.9366108767766868,6.988316767434207,3.4940854171727147,2.503605775008421,0.44276528611108523,-0.07384259297676177,0.07241002167603033,0.8290797994844378,2.801728219299763,-2.7407435289699413,1.0279417399114696,1.4099386263848956,3.817718863487271,-2.823360884195692,-3.7584220327920996,-5.688343225128565,1.9682830009128611,-7.153971021975771,3.1261590351625568,-4.149622565517832,-1.5276710061232828,1.4674674789629156,2.682462624725151,-0.5310139109639405,-5.990226901833025,-2.5467304489475464,4.493632762989141,2.9871197181104336,0.49270992647102857,4.798864497064408,-1.7429869956714317,6.8659653362573385,-1.5105339318955466,-0.7503223480422403,-0.36708376166534096,-4.019228176028303,0.8941210874069745,-9.382052128279078,-0.9788694395543,2.990070083138462,-2.0555528923544015,-4.85837525038424,2.2298591567529,-9.655067493806543,86.673
20633,1.9679062533261318,-0.007246021231125707,2.159308380943294,-1.4306539712067698,0.9015327799189475,-0.2744332298827192,1.6469772757054346,-2.925329569633771,1.222562705626524,1.4518547042921874,-1.667550334821586,-1.0270577530715552,-0.5259064904819635,-0.18365205623065894,-1.5671081754970602,-0.9177839799268201,0.550934585313158,3.0981969899233714,1.613316629800516,0.8553200528733511,1.5302139146687657,-0.6888320995138827,0.5652118378516078,1.911028759407425,-0.38497671551028734,-0.8917259824461079,-0.07089694318329817,0.1511445580668136,0.8295014759049741,-3.645767698522954,-1.9556660987886803,-2.0083500701026393,0.368495313103788,-3.3446743019749,1.255816295976869,-1.105557038665014,-0.9932989975990227,0.6114442359975983,0.6900625424313629,1.4596168255716222,-2.8959176513849534,-1.3462476016505744,2.976484627424129,-0.48149904559824674,0.9631949931114983,2.0111253644014253,-1.3640899519074734,2.5726353198300647,-0.6413670149720538,0.48370786452430653,0.08609101072385571,-1.9954754044978553,1.1960731577219965,-3.798123862589431,0.22285052190657165,1.3125375192559412,-1.5571974144351328,-2.356361215542203,-0.4337452205603597,-3.6894798005818235,87.816
20634,-0.7218367360202853,-0.5266614045653795,-2.100086130928378,-0.5128600178487499,0.23120545898172137,0.5124731507983272,-1.5978206771723364,0.6900476409035629,-1.1083117103599383,1.0486638981360121,0.5077566016103837,1.1942636220194085,-1.490465322269034,-0.5584617722415859,-0.7266769487067695,-0.43853324905512037,-1.947671100737249,1.6192056377282236,0.9417900643837728,1.2609545738773353,-0.2302657283162023,-0.36611797873502555,-0.6587181211228954,-1.209249460051765,1.1565915728531315,-0.15747891595672434,-0.0037210287026192695,1.275472574409862,0.9318125813640679,1.6438480504771371,-0.7299057738043163,-2.3588671871016382,1.4859113688425671,-1.2925184319530685,1.367804288914756,-1.2468353930738985,-0.5831513660193419,-1.014150240500253,2.183051770020083,-0.3107438247635581,-1.0469179060494986,0.02814703339632252,0.3656217965414927,2.150408361336054,-1.9016869057734138,0.056000824324956566,1.2612616291685972,1.9464591468657029,0.31020882763945473,-0.029770547997558752,0.5144388302633731,0.9630329911868084,-0.9878895749904957,-2.3462772159058565,-0.3548202018347132,1.2713828792764956,1.4052801130996049,-0.11726966759039979,1.423231082693708,-0.3320244264131142,56.965
20635,-0.2275269191023457,0.21660175907492343,-1.1379792590860494,0.16887522542255515,-0.6708347064019973,0.9590300384996273,-1.416364537957073,0.49249355307479925,-1.2638335552349378,-0.24626768378896285,-0.1557315799165057,1.9110268187125914,0.1698918485212087,1.2035138406499637,-0.46853714553652576,-0.358579941397022,-0.9426060640160063,-0.37792555741285827,-0.22713854721090304,0.15605160591136905,0.3687561756855642,1.0811724202255781,-0.09688250672589017,-0.1990737893048341,0.8122790304459802,-1.1667783164065968,0.15976640093002725,0.24153883123116426,1.4951875723098214,1.5624713662844851,-1.0733396469524192,-1.6569054870780286,0.41270163243633384,-0.5874539704948152,0.14864747982660226,-0.8428722778568565,-0.6279295354138437,0.09001884056615797,-0.062937706364445,-1.3093169503955455,-0.31098249249175014,-0.7826511064016727,-0.3703363994000523,1.8509912798195516,-1.3473265852718603,0.7289328065742018,1.6956843364167904,0.3635817055297616,1.0383179113092875,-0.7868092248784897,-0.2091190854302467,-0.32432974603153175,-1.1234211685854552,-1.233713480420322,0.36909373124415884,0.4754705757231839,1.641180554740627,0.031825138782138745,1.5355582209053005,0.16938533578541992,74.239
20636,-1.269398200868745,-2.5152831731067646,1.4548082948979615,-1.6297839512338457,1.5017488210049001,-1.449643323252475,3.0848327021930944,-1.2781268869859566,0.4897285750305565,2.6611378160381833,0.015557502414114965,2.00600778130503,-1.0828740447514835,-1.5461098162330948,1.4850816414214378,0.23212836056239664,-0.9408826751221491,1.956182084588657,2.908909343033753,0.2841969795777647,-2.497975873962198,-1.5136458025945254,0.2796522129954746,-2.578222167774662,1.0611481014686739,-0.3820087111766766,0.36530312632265144,0.3463965203145162,0.2079364599514948,0.5917703601998057,0.4116094381192831,0.869137614459672,0.3379134386139097,0.06791237160137224,1.0824569633738774,-1.7048771958188693,1.3068452266369008,0.27076430201467183,1.38712808703325,-0.6235507147243778,-0.810166672941613,1.4104179872854952,0.9883963873691024,-0.6967856062028843,0.746991173213194,0.8845466152844464,-2.972017158845616,1.4409788829199062,-2.390142446367778,-1.2500204907306387,-0.49664070312734576,0.8267210471727879,2.402588166105493,-1.3645028146312637,-1.626058778191384,-0.37086134571627893,-3.328472612997678,-0.3611423642381987,0.8076270037756959,-4.32059036635727,64.258
20637,-0.9780894376453491,-0.0154180726356863,-0.8381099916061876,1.1768302085679871,-0.8317857486040914,0.024702411603149482,0.06519781008343523,0.9045895760359122,-1.758289974802697,-0.7424484210515362,0.11953996674519679,2.7553158950107273,1.5915218332161285,0.7075388065997733,1.3235605013828668,0.03304626606614949,-4.161292818152026,-1.2095945981702279,0.7076216862390954,-0.7699425029751874,-0.903940951115818,0.5253862706283299,0.7875488798394524,-1.168434095075163,2.4884333293645637,-1.7909244878515174,0.43685610770880035,0.6329439148921472,1.540776501265179,2.9070119627471116,0.9150437183473878,0.7088818112826353,0.5143453026952745,2.4995210429990427,-0.6984222165188518,-0.7171162587673304,-0.06776086209020302,-0.051412668920563745,0.7559528458024988,-4.141580206510523,0.9117813675069314,0.3468884259029297,-0.2835884334249529,0.7987962238800924,-0.6100455497304458,-1.0549678430868228,0.7361498716226853,0.48737470573283437,0.6876777110331758,-2.7286746813571017,-1.204336530176529,-0.45703798315623,-0.8325731967425772,0.8985680408631427,-1.0653644860726195,0.14650528421342546,0.4534755413100567,1.7158366900385322,2.4705412247953062,0.1607993168731653,88.852
20638,-1.3757595200578105,-1.063723845774146,-4.983833828501293,-1.4510641773737574,0.4035215379584218,0.7907159290264728,-3.4225141231800422,1.441126668550178,-4.375973456500702,2.4374706662499848,1.3733138847689852,2.5412301403922726,-2.210154547134971,-1.8215484298607678,-3.855606581818591,-1.5426025213167023,-7.288763511499004,4.995201473781359,2.0910397750307514,3.283265814956833,-0.35737948305100165,-1.52842746479728,-0.9606732758017973,-2.310469996794697,4.999871538393909,-0.9566931190348693,-0.15439092175568117,4.607904148612809,2.285613477001355,4.999437533405883,-1.521576533232935,-5.85922248291708,3.4447676119322823,-3.2709312595069755,4.376759447519146,-3.483269531461533,-2.4691487188906125,-3.077816003839345,6.982081035488409,-1.1144779328383811,-3.416229694938633,-1.4778727715510809,2.8133508763617248,6.128127413390642,-4.775800640602631,-1.0366268795269473,2.5626903847663156,8.367126954154996,0.7668995675807765,-0.7812923547174381,-0.11008548287870125,1.152401615007957,-2.9784191159389644,-5.943807087916475,-1.6817342759680618,4.447308765788476,2.364830731949936,0.6336585104383545,4.703056112465081,-1.1895810291976068,47.13
20639,1.027016035467626,-0.5189042544746896,-0.527323011385826,-0.6080243575727752,1.5008051569653045,-0.04682567630863589,0.6005730600026424,-1.449162565905239,1.540857449887377,3.2353080608321227,-0.04172173634026757,3.7459526172148463,-0.596824057846671,0.5156296492003624,1.5100847159610085,-0.09609849939601885,0.2619873495275516,-0.6347269697611037,3.6141070157534947,-0.6601617792252421,1.2638034919850747,1.002242600022564,2.1459534956888247,-0.777415557478909,-2.997521953751214,-1.8701737697977332,-1.5539734780056675,-1.5651538498164062,-0.09446501177358418,2.447736526013602,-3.345442750880377,-1.6311021503489997,0.6808787150799169,-1.4253576300571476,1.1714235528127077,-1.5735851415311015,1.2854365352326023,0.06760059513116612,-2.150959740689443,-0.034693315706107994,-3.3432328687238884,1.639100395790234,-2.9540179350996767,1.4643054926487094,-0.9248706608076224,2.520900661436222,1.869356199352552,-2.033746784878956,0.7124144894288282,-2.1679558559597294,1.185257744924162,2.455276836534315,1.706628124335881,-0.7527512812292957,0.9428250873688252,-0.27125448971648924,1.1644847970947816,-0.8531923926993936,2.5559226263871904,0.3941676708090584,73.932
20640,3.5719413869948626,0.6251616124491037,3.975035636347513,-0.5492516313176259,-0.5531223913795645,1.8967328109053652,1.7992260369478608,-3.8506256486884864,4.35184043911812,0.9997136291664536,-3.2063020132634237,1.22254752812998,0.12228228451780357,2.796616486397029,1.591889547529245,-0.5201579017980175,7.232601462083722,-0.7899792534662947,-0.08439744013935943,-1.6886448350045555,3.4441673184021164,2.8042857631072473,0.8847514934670884,2.9336906672813234,-4.933690624437961,-1.4184099268155257,-0.46490887802252195,-4.609040533716163,0.09971804752215752,-4.222496986923277,-4.851521037342795,-1.771546464454891,-0.9273991176326597,-5.0975858108184315,-1.2100267416306818,-0.3853488386688357,0.8392092327399615,3.1639011509964106,-6.074607802413711,2.2442169508644856,-3.108444963024866,-1.902249757611638,-2.3396886741786433,-0.07277828974170991,2.012741332947127,6.953124337365939,0.41303302458286284,-4.867025559952055,0.98133103015418,0.3289718041085004,0.8912030149233425,-2.50217919114171,2.030875911680728,-2.1958628263692974,2.5000649534904236,-1.0322896507342492,0.08110454829518321,-5.3524170547971845,-0.9705692535536958,-3.201397817249341,89.466
20641,-0.5676171263656009,-1.4908977101960708,-0.4974193435993119,-1.5444685202017396,0.6108027975083783,0.5677116713617584,-0.9479053156430923,-0.11087350843254702,-0.5125045362063446,1.0574864440173972,-0.5403835322756476,0.16129112196140166,-1.5568758281312571,-0.6531062783798538,-2.0210224403417003,-1.0290591804991356,0.006591227716565104,3.3398910475360237,0.3685884863418227,1.2505753168333054,-0.4253031507269393,-0.1355358583636912,-1.6265967746118133,-0.8520292660331109,1.5997663284587813,0.46269825185244057,0.5970241617624776,1.4902133317341075,0.7546870552729433,-0.6724584985383748,-0.8051737796830623,-2.3011651535418056,1.2793567762139892,-3.1156273789575195,1.9625701364019401,-0.9525496877928298,-0.8739090809257011,-0.4141504308658713,2.330653239722366,0.9046734607692333,-1.7128977355426116,-1.1009564055653889,1.3269412361287272,2.0137884106345654,-0.9542252252108918,1.4784502078963357,-0.1075819113694737,3.381862422782087,-0.5006604750734754,1.5120343079346168,0.2090659166520879,-0.7207537780603331,-0.6786898557691075,-3.9816311831765887,-0.39020063941881494,1.197701959534994,-0.29480983660156695,-1.7764646877341532,0.6267127834853713,-2.99589002088828,43.822
20642,-0.5835664458876721,0.36733247521578155,-2.9709242776916276,0.355922655299267,0.5406990718177109,-0.8387042796348643,-1.9855059665813708,2.0073065975449564,-2.544531530902923,-0.8100312916055161,2.1482539344732885,-3.6490215462580107,-0.9120236571416409,-2.650369999656965,-3.1535508575967666,0.032329804208739064,-3.4785669619050785,1.9001473788388727,-0.5524129743146833,1.2806627604308918,-0.9605906176122807,-2.0331112399583557,-1.1663759171018273,-0.29664848495501117,2.043221209627657,2.0094684638695473,-0.2136686582874311,3.292629033495115,-1.261422184872125,0.6956091028845489,2.657768073592735,-0.15098784442968208,0.8040969487633212,1.8255294108446023,1.3334505805825718,0.4253728122875873,-1.4155128359376306,-2.611822182489165,4.0546101965386665,1.2478998263818855,0.8094759641284273,0.1111456717341904,2.6229082416348635,0.07287944297559848,-1.226670747102062,-4.5121660587538654,-0.09736225729286974,3.8798101494103236,-0.39933472170726986,1.5711253498319324,-0.1592125702489014,1.226130886970512,-1.523277068502622,0.4185324643275052,-1.0259907749430826,1.9482359836877077,-0.07101083017536267,2.6199688826665533,-0.6725798884431873,2.5915967142848872,57.733
20643,-0.1558221704082311,-1.388429371886243,-1.3262266545355321,-1.227641729463438,-0.04025784468358634,1.8644578452759892,-1.2820287938849233,-0.6311479756485195,-1.0630494711615632,2.594437777994938,-1.0533886663871113,5.10625886199934,-1.2545354064623269,1.1913948001766659,-1.341569031832745,-1.5032776647653725,-2.3092548110859488,3.313122407105388,2.202885956962387,1.1494274212563669,0.09487220987888315,1.1406698107351199,-0.7840827665744547,-1.4543172300595246,2.288478527125295,-2.7306555461912514,0.5025161734620797,1.0941586829830166,2.773016004221135,2.6461299377201697,-3.3925484739449185,-4.775389904484427,2.3967821224003307,-4.465537627689064,2.2723808299001846,-3.2491135893341108,-0.8792356074345713,0.12445947612020117,1.633813029270856,-1.811375621774521,-3.5500948363122364,-1.656159825336433,0.41823543248337725,5.230497741489602,-2.5209209891216244,3.718681006433304,2.0569052961889382,3.6281637314447375,0.9226048164418804,-1.5024242216632864,-0.0346700866602932,-1.1808422428076166,-1.1011396706215106,-5.99295539881047,-0.46319631774844794,2.1825845149922776,2.1198913189159345,-2.0777396406052455,4.25679217787964,-4.185115820898483,63.081
20644,-1.1109310589014725,1.5400243245536842,-0.9892025815127174,1.3842925356337137,-2.105885729976292,1.2958795578015876,-2.8084765882744653,2.195726123277477,-2.540561326550643,-3.638832954431193,0.035486413368934336,-1.1733203315831036,1.1317139414198931,1.1623472328789357,-1.447888766200159,-0.41709527748988406,-0.7685943889589919,-1.1916569316980101,-4.306624665856028,-0.7110479325857002,0.07018231095733937,1.4385392003165653,-1.4372514093414503,1.093800719034214,2.2040920577480807,0.5897663175421939,0.8817352779481685,1.0339823472547154,0.6071455652851593,0.6149476764054348,1.7527465671988653,0.1868644277577931,-0.10854605407237866,0.9900075320749238,-1.4693988915031702,1.5213143660775512,-2.01575158966345,-0.6019301436635759,0.5094615232855237,-1.2676866524016488,3.0312170763077675,-1.7494270929797342,0.2367952816243044,0.3644377952117575,-0.9041701436233903,-1.4714469780091826,1.50907811968917,0.06147738234380207,1.7995069894634317,0.8727763110087684,-0.8982041938741124,-1.638268001223028,-3.27159903319267,1.2051433709280595,-0.012549806022693344,0.18035968382315548,2.5399505291544813,1.2253407457557037,-0.6795376124563903,2.5282694938402672,68.313
20645,-0.41259336666377655,-0.010249968505705628,1.381854789325624,0.6735932811093844,-2.0081868478004776,1.227176727651099,-0.5355320614977888,-0.06618629224171826,-1.2738465765861344,-3.1649987018698784,-1.429938879065938,-0.7339079827569611,0.669057185410127,1.207816755377552,-1.358262028038267,-0.8714414682477484,-0.32896251392889664,0.800917828563697,-3.4297326081571855,-0.15126038690445706,-0.7311902732093893,1.2015859902485508,-2.012104434731885,1.3055261736753108,3.2951610468230323,-0.10428267856379625,1.6157598047012323,0.6281860717518448,2.046235587894024,-1.858944493404299,0.5654804773510824,-0.4759732418213551,-0.25208868805500173,-1.1011031396898054,-1.1836887925876542,0.5079248262713117,-1.4579831423432246,0.7782568701071463,0.7825980774137349,-1.8063380688799244,1.2663536934903183,-2.902820312531243,2.304981835805258,0.2910969307118765,0.560899674602977,0.7881463697472264,-0.3323260481855863,1.3996090678714999,0.5482128027283755,1.1492992481065234,-1.5310703702156512,-4.259582339188251,-1.8072434705568123,-1.5798845074805694,-0.6406017144536723,0.5048854116801745,0.3334613314305916,-0.8973953299948434,-0.7362652167494902,-2.9783734012931355,73.771
20646,4.327643498423754,1.493134327504191,2.7273190507225946,-1.0705642036998473,2.297709917455235,-2.1684494658009736,3.9486339662916508,-3.736199302044157,2.8118840910191043,3.1954090528363785,-0.8117173225653755,-3.064163513085991,0.8301810089324624,-2.2261888650444117,-0.8882850939743923,0.15800160383302067,-1.1689583790642861,2.7610100521247873,4.248240899228145,1.1770894806792116,2.784507384248534,-2.737107625698746,3.1683824643071974,3.098605711491501,-2.430051025178366,-0.903765511615515,-2.2853355880382065,0.22490190074818145,-0.6726443540242086,-4.693360227085852,-1.666395723351059,-0.3856147690025882,-0.6880431122455998,-0.47236743065734976,1.415177225622027,-1.4048436948536023,-0.5283909695194574,-0.10028393179491285,-0.06935096520811974,1.922748523899522,-4.121546244012174,0.6397059137829029,4.366336212764612,-2.7913287308644925,2.13181478023711,-0.5896600048574063,-2.1555883592156326,2.5751502314928776,-2.224344374347943,-0.7972014590438398,0.0569771647054613,-0.5283862611469379,3.1575684972467193,-1.557672209064915,-0.10118344722705698,1.6692355248012478,-3.8814844555250105,-0.8451461396226819,-1.0453020038286889,-1.0638846152858166,127.919
20647,0.2718613129005728,-1.3684762684669116,1.4296999007445057,-0.80133215299166,0.5465934248375822,0.25945487639420645,1.1689212065364933,-1.4684314016799527,1.7778341277621623,1.4045293404599148,-0.7254555429038276,2.281412111631252,-0.7327039951105085,0.9410193423790426,1.7425179587381308,-0.06808926954162298,2.409915738079641,0.04494784051731433,1.770418358812383,-0.3592023475351329,-0.01951510481329742,0.5248968308016596,0.3712618215250215,-0.5592663079141473,-1.5421042988195073,-0.7807672045354097,-0.008534272631010864,-1.6518058196603147,0.3289275613860073,0.08360986658127892,-1.5324048008575053,-0.5329470237811694,-0.023606924208782493,-2.047921517957539,0.11304562279824462,-0.8872462887316371,1.2864147540347692,1.2016906823228353,-1.987823017047703,0.20964562011867116,-1.189024573003431,0.6849802314451217,-1.569646225483422,0.2751659778989781,0.22993927240132617,3.3223134730059787,-0.07782259819832404,-1.8295688089986712,-0.4072825127875864,-0.8676388104851884,0.7352732307230794,0.49464571254007755,1.6525323081262742,-1.3312054557572803,0.23009804905846656,-0.954989233917441,-0.19287381447824573,-1.7025389098126906,0.6009719990164134,-2.683661968071511,69.224
20648,-0.2971879167930571,1.595331312303679,-1.1671914208168406,1.3726590801188006,-0.4922652296073562,-0.4346852970896132,-0.6614661583614699,1.370256260376087,-0.8138377448420397,-2.0604166243468742,1.0377183804385304,-1.6628387097010433,1.3054585217143253,-0.10653384875593133,0.03404163611251289,0.614455369644507,-2.093777216923922,-1.9974679567764617,-1.5272542931406432,-0.5037704674539416,-0.027478521214282733,-0.4913344995515133,0.43796050545225307,0.6316622508649095,0.574680293244644,0.5465264955683955,-0.7874479488061266,0.6371602272200407,-0.9177457830638553,1.2236208119124745,1.8417229947406628,1.4356963920812285,-0.8174118150143982,3.686793363413565,-1.0010915844382031,1.040660188136505,-0.15136062044588944,-1.3145459719884114,0.2595420493090318,-1.0315461444366931,2.367309001467622,0.7858620051980638,0.052503328477482104,-0.8403957516863061,-0.02666470935336565,-3.0975875294626256,0.7368949074379381,-0.977150800381203,0.6018443350542841,-0.28786271705874655,-0.36818697549970913,0.7584185161662158,-0.736186948759783,3.2538987556486743,0.2955696353525052,-0.1770290510118121,0.3707470144575086,2.8379687514300813,-0.6288926130998564,3.8412580260939664,82.687
20649,-2.0358971409809636,-0.14569164773339116,-1.9458423012548414,0.4783702777013429,-0.6708515895909849,-0.33556404515877614,-1.9566006396076236,3.0520574496006607,-2.960618329751801,-2.656449081965052,1.3917377161558164,-3.6367835904709964,-0.46549737017518916,-1.4754040319192399,-2.544585997025261,0.0027053438411370895,-2.380388606303269,0.9344249955977975,-2.9494396327814236,1.168910120902817,-2.0308699513740227,-1.3008371876653282,-2.6772898279167014,-1.0805346102299112,3.745510706271586,2.701305118757622,1.067179025775929,2.655877491728386,-0.1289701913548234,0.385283305671128,3.9189394289923056,1.275892688372609,0.4288321717107979,1.6022728713290824,0.4215942846930262,1.5906014068471843,-1.9498181153888658,-1.7120278539726745,4.298455839358818,-0.1696587929522355,3.19339981800629,-0.5600621003999829,2.6976627806047793,-0.6615044150112148,-1.04282932544951,-4.542594567863698,-1.0484869199353049,3.3303037769963266,-0.5563218122098568,2.663177567358506,-0.8483478394813061,-0.27237018051834133,-2.2053924747453295,0.561352924639267,-1.3966944178178684,0.9690523411169853,-0.3546520387325405,2.1427210891907493,-1.3944080343134988,1.5517717499961976,42.183
20650,4.519612500495747,3.9375332500030464,0.22022148053334906,1.0853729102549492,-1.2741871112486,1.6817736452936343,-0.9383877813280568,-2.878512130368246,0.2489757886003156,0.15268097836484276,-2.050323143599726,-0.6220825061407407,2.3618320491205935,1.8629017564242716,-2.0296072774940592,-1.2504988388594056,-1.2510152982280638,-0.3494920813563772,0.44990905409481374,0.013002014039234983,6.211189543073068,1.5181019817466306,2.5337073206788574,5.315646578855345,-1.743801442049973,-3.1849272603826946,-2.6941301450669646,-1.048818794570784,1.447237332481847,-2.5070311274462216,-5.509871408421132,-4.913987715405885,0.21696761737330195,-2.805406681348245,0.06720495419387143,-1.3683730784474095,-2.2300257721628687,0.2059782320004585,-2.8332157744002306,-0.10643563421484133,-4.007060829685403,-2.1107070123537968,1.5737028137678086,1.5548930040768707,0.27349969448427913,1.9977788463275656,3.900223271114127,0.7332038233511193,2.7030084650871036,-1.4960756169761587,0.35530886283100616,-2.9847089991219735,-1.3575706953426214,-2.721809857081899,2.444587324839607,2.5489256208597864,2.852220179885293,-1.972827073496807,1.8458970851557535,1.3894628652630885,143.98
20651,-2.5740112539755096,-2.36454111857848,-1.93462372181781,-0.6207047182429662,-0.5663956043849958,2.742361551022991,-4.419423857306331,3.240572927376701,0.8364816745677206,0.027506625683278677,0.20989134478510643,2.826523891114544,-3.931187137331793,2.084992655535493,1.5008205939133714,0.051441133825218366,8.740507383316334,-2.174459314756406,-3.207033080458124,-1.5074923555255968,-1.3964045790826014,3.213339095796658,-3.854662669084747,-3.666061010560178,-3.4041609987268235,2.3666870436418455,1.8237119325926576,-2.9805204322248082,-2.214962947532259,2.2666824839600537,-0.7133325456011006,-0.7435950745280706,0.7966817727573666,-4.171782669363417,-0.25799064783761483,1.8357231911324619,2.022038084731098,0.6173179913458754,-3.467348483923104,3.5975376392871468,1.519531862945517,-0.6661469224522643,-7.686338242902996,2.9410166769170103,-2.4938674908014766,4.390208518004478,2.671591146901205,-6.69547743334324,1.4663940967044893,3.712184009676389,2.4839266651114955,3.296279147033104,-1.252727764737733,-0.0873773628445452,2.2479581448832593,-2.5898664718120834,4.476477289946559,-2.7341105410911317,-0.8728032275490917,0.88199205559429,-28.811
20652,1.0882788904831409,-0.7849098482151674,4.688031431903134,-0.3856624477987547,-0.543561561618706,1.0136879457927526,1.9321737616278964,-1.6907312606561093,3.246935874858694,-1.3575406012514544,-2.3673138797908813,-1.8931370474678808,-0.3971981950089693,1.7429591831900055,1.179941414281869,-0.006208829997890325,7.89038493184471,-0.4714623859985165,-2.8832722739492573,-1.245277183207208,0.173222450265687,1.346211794103033,-1.4674278254807052,1.9462401494135197,-2.801894792490158,1.1336183787874368,1.0887199773922782,-3.6641364069569637,-0.6286870546762876,-5.701782052691797,0.03590469805089769,1.682354437783939,-1.11618257915036,-2.801757110938189,-2.200953487802106,1.991836192318772,1.2801036406226647,2.9489229910664623,-4.113600617295823,3.033098515977559,1.3877276877335367,-1.559075207029978,-1.1211796003783372,-2.680476909616964,3.277273970229761,4.287616118474243,-2.604393758592838,-3.9656631492750214,-1.2018610136188155,3.018138649686352,0.47790517568847996,-2.4483611120682482,1.4136279184811322,-0.4308198491190352,1.416661239025355,-2.5774983779021587,-1.8350913852982518,-3.6136388164524185,-4.624203453403149,-3.488975222423435,64.235
20653,-3.091108426979696,-1.523726741896007,-1.8602428181943829,0.345281577900264,1.3158258771288116,-2.6576470278285127,0.5969040228881806,2.9787577791897912,-2.6498859207121765,-0.9304788817891202,2.8687128305691156,-1.739661356955228,-0.2805882813981383,-3.4604101388899124,-0.1309368838833288,1.220462007857584,-5.038168815645918,0.499685074627954,0.4951190311995913,0.719768364884426,-4.42719185790699,-3.3216166829203937,-0.8686770883562692,-3.343571783677603,3.6947657843086144,2.461717653482742,0.5893368272194949,3.48723807011459,-0.8761841307484268,2.5374675959165818,5.439978289211991,3.58877962009214,-0.08488485832103311,5.679487264387125,0.9288002032529281,0.7618060390964838,0.4427652772782509,-2.420295601837691,5.645539305758679,-1.61542813625658,3.5519000727434062,2.5681874468500143,1.9577082846869147,-2.0108599111201535,-0.8388802568816701,-6.1757218393589906,-3.078820274969093,3.677526818710567,-2.1366711458447205,0.05003141692192528,-1.3110569873157705,2.3886148505487634,0.3134575616987456,3.545675198346368,-2.781668295245779,-0.14691906384365291,-2.694246200842625,4.535023020751282,-0.4837627669096691,1.4897608990129119,44.864
20654,0.9796255949859106,0.17392833736846133,1.2216606444567337,-0.5373524485901076,1.7179311015512693,-2.3372647698609472,2.79599226209501,-1.589637545698228,1.2709502755902227,1.1880120839911839,0.49772533834366206,-2.354301031758108,0.14429235125480497,-2.063259243712813,0.409472172985564,0.7832213285952919,-0.3707341827802966,0.9967371703169943,2.3558762912304476,0.5824416399601972,0.22353193557830692,-2.1437731336931187,1.8064671064724847,0.7448854091802726,-1.3754779542271938,0.8412476089835412,-1.2448606113079441,0.5126259285781265,-1.4237092270754876,-2.2984762429264882,0.7198490118996593,1.5255179754736268,-0.7383128756091647,2.3314478391033333,0.46072570246779126,-0.2035580780362145,1.1011916665279602,-0.36215700080834556,0.7334074125036271,1.2087762294158173,-0.6174523033786031,2.227135992692179,1.7038645187480514,-3.0136624365205917,1.5433072289617489,-1.87553662258426,-2.346986088180543,0.7020920957173195,-1.520141781915191,-0.29357506025699653,0.009410385148423572,1.4508306934466255,2.599153059773053,1.329204564792394,-0.6463667947477555,0.3792882749565543,-3.6026893876430357,1.070899407885092,-1.4838558236433177,0.044221297138839766,90.663
20655,4.466722448675022,4.303149223599331,3.4198698817360467,1.5281065666770046,0.25906085289261044,-1.5707096412181791,3.6139604359713275,-3.713669550801355,2.2854723346395196,-1.641418455982861,-1.2228906361023364,-5.2074529524074284,4.220001149506202,-0.7907711586195085,-0.3681085688873251,0.8513224366941234,-0.849300179340996,-1.8539101784630565,0.286358212512569,-0.9834174336004624,3.7481694215071673,-1.2462091067430414,4.358295598922318,6.4652710459228615,-2.3911209682974284,-1.3404886491200936,-2.534327546966005,-1.3060159435855407,-0.9153743903687184,-6.066258700673498,0.1316548574071126,2.4332655556467153,-2.9868247341899363,4.010742080370743,-2.145948897715658,1.1672204451296468,-0.5293099919348531,0.8830341523861229,-3.175005052034924,0.052420977579517886,-0.05347555016228764,0.3824648706539532,3.582967621920301,-5.509547035710884,4.389582409366751,-2.783732095339357,-1.9884945299786105,-0.9169885899388485,-0.7618922310664342,-1.3815264049695006,-0.9416373667128235,-2.6843675362928683,2.418991382714643,3.6396400077871363,0.598971100881238,0.5113223310976436,-3.559454288588367,1.035630882409325,-2.8181205622104395,2.046046378896887,172.088
20656,2.7298637695546923,2.2332382350799924,-2.4150257117399274,0.5930891082094031,-0.9360307405656781,2.082993792597627,-3.1177195181487813,-1.3108619272757058,0.1109593892556394,1.9116771018128842,-0.7597109812439152,3.977338242793265,0.3669216924978958,2.7030538565957385,-0.7766098637086591,-1.3939246650285573,-1.1134635816279979,-0.8124184858841851,1.5502168656800697,0.0012784505448604766,5.781218074118496,2.3737209268119335,2.600660427241739,2.2040938920440185,-2.313653175636961,-3.96631107002886,-2.3654643829867283,-1.2587256777117397,1.1487103742096072,2.9125613841573057,-6.587393372828189,-6.2743818218596585,1.3951798889769504,-4.1126270225772705,0.926007843208913,-2.7170141814429516,-1.6417711792319722,-0.37685263402116365,-2.8936605225695207,-0.7685020316667682,-4.677257616980873,-1.6547358372790428,-2.3362009825351273,4.881691214086827,-2.5201885518052762,3.5268551255644414,6.586244711192313,-1.4719518537380114,3.5893336016516075,-2.366847073656741,1.5939820507217897,0.00399265983011815,-1.466256617338952,-3.141836174329923,2.3914760175548575,1.688389399067213,5.623345936585683,-1.9551078895533693,4.640786599848422,2.3668453710103243,102.412
20657,0.7867764619259503,0.8718013399069414,3.4517150700330643,1.8445456848699435,0.43225689278308643,-2.424939681866942,5.196645802428357,-2.30180173214009,3.7459123683966333,1.2286193659617461,0.5090750400985744,5.213368387396816,4.019092936114202,1.7149408165171711,7.109049881196504,2.0301597854015996,-1.2371592480227482,-7.115201597638588,4.318895907692675,-3.103385645087646,0.4949898023676368,1.3055758206563053,6.219800859362878,0.06118960328129126,-4.422179987438282,-4.4540193720231525,-1.9194442106768637,-4.198708428402707,-0.5621298429009746,3.0918017045586472,-1.4027768551910886,4.7944770823067975,-2.782041318554476,6.907476053694581,-3.214076703031562,-0.29153952716722165,4.1930754617424695,2.151865560344404,-6.686497496418366,-5.127743943479132,0.7794138610269143,4.628991221644505,-4.658516515760377,-3.735690602819176,2.8384505657653762,0.727855259383289,0.19540051332641592,-7.7980267459552834,-0.43697815893193936,-7.444726369265587,-0.3785475754549446,2.6217835466608577,5.18338365499684,7.379868703540244,0.7933130205744241,-3.66158739044091,-1.8629382016578377,1.9414731795183826,2.5622755827360653,2.3974184783373307,152.181
20658,-3.286594966191089,-2.890897492437335,1.9672351952773708,-0.43467055718108305,-0.05855500291657789,-0.789508065896148,2.4274797341041974,0.7635191481508403,1.0475011071599913,-0.5312755886093659,0.00822296520748364,3.288719060297144,-0.2910923680445843,1.1373979133745022,4.251213129770497,1.1006835566849729,2.4678913517511356,-2.217794050258551,-0.6153200886046939,-1.8220915564206928,-4.330615316587419,1.3032416446639257,-1.1730948341164442,-3.6719623406958672,0.4792388143280084,0.36619594150341356,2.2555887770461145,-1.45801220101847,0.03792001918225122,1.925681033823558,2.6042859917043595,4.282644845765272,-0.7260420777105581,1.9287292917879435,-1.427919676279723,0.9718109360445204,2.7723270731976064,1.8211701077172233,-0.88578694449116,-1.8240206335342641,3.8654956039216675,1.813628273360094,-3.185717521204561,-1.8543260800785166,0.9082767575185796,1.496788261320488,-2.616220686995681,-3.5622445892120997,-1.4437881801363182,-0.7837639778031139,-0.7113018225022686,1.136942169084743,1.5601983895524945,2.882926691101616,-1.1438603770276063,-3.3174758412585925,-2.187291203107708,0.6174588669804247,-0.45025606027982945,-2.598511611538365,40.776
20659,-0.8544791369641568,-1.7784223747977108,-1.604108801182427,-1.4593458859834216,1.8018177102797563,-0.682777872643962,-0.370954270508081,0.5546180735180559,0.023717108637748896,2.7305704808114974,1.0009990487811242,1.2766640725412661,-1.7371173920870329,-1.6325764586053868,-0.4525520918050967,-0.207377940741954,-1.4179956510910396,2.612900846525921,2.8030945142166055,1.2543646007333797,-1.433736324541759,-1.3463499011477296,-0.8970072121567411,-2.59771867001238,0.043265395153285924,0.20288026345226384,0.18210026633037033,1.3574401033550896,0.009513271594467299,1.6670851467450183,-0.08612823480997428,-1.685325290281941,1.5272809795795856,-1.8359367530201562,2.411584976360179,-1.13839309331868,0.2935885957104577,-1.2366572232073372,2.507928956318392,1.3475831334422907,-1.880530702668919,1.1263876086120315,0.06327743891768586,1.5468647928251158,-1.609632670444964,-0.14005484215298714,-0.35678298300479866,2.5738817919067802,-1.072550603062557,0.7970117375952577,1.118033303688296,2.25429521739658,0.690329865587728,-2.155483394541265,-0.6195974637365889,0.9597170217519827,0.12244602320678516,-0.3008027991551162,1.1074070284928523,-1.1214699838501239,39.859
20660,0.8386216960351851,-0.4340849202456583,0.2988488120263243,-1.3402373029789676,0.4200466041062563,0.4702802427241006,0.16623567051136956,-1.1073472130285409,-0.28290485457972014,1.1532014544202231,-1.0549843775981556,-0.4364675490188224,-1.143776599850166,-0.5213798815824284,-1.8333874112102237,-0.9678906633453412,-0.4719005370899906,4.30930257600182,0.7482614511112917,1.5813738865251314,0.2781865720535245,-0.6655061252933889,-1.1683814686241658,0.2685318940526362,1.9344036447579438,-0.1483842284652999,0.5810277161805282,1.8099332963602235,1.2887193270600863,-2.111788792951069,-1.3824527735648613,-2.7481837768828314,1.1605162543354348,-3.672548569121041,1.760932322763947,-1.496906984715995,-1.4220086424706642,-0.20645687593673395,2.7166209742254197,1.1510332100177498,-2.4593650412675094,-1.492835432159512,2.7759582632449615,1.465829164636368,-0.40338591249704353,1.4017293404809692,-1.0065262563487622,4.525187624155426,-0.9037864096686237,1.1660061255736887,0.022023985124007023,-2.1198221695849493,-0.5217107992789317,-4.562400287086801,-0.44009272120243786,1.7977305127703858,-0.6646919531889441,-1.784828254538873,0.3483973413636506,-3.6205499905940584,63.553
20661,-2.858891595378507,-0.03987680875505627,-0.9574936178143928,1.6490509975256014,-1.0505023234798032,-0.5990268778244541,-0.575625450586364,2.610801634126057,-2.2637757502580373,-3.2101612264413606,1.6872893268434601,-0.585474172872088,1.400940563363307,-0.3115831619719793,0.9313819125543323,0.5150588916324288,-2.3042437804355798,-2.3366852218197223,-2.344386136067358,-0.8033779613975208,-2.8086227495638183,-0.006989134076422321,-0.8018141900984748,-1.3805250679120593,2.7620921341400684,1.5466306099960594,0.7285220313156183,1.471804685353363,-0.05214594557499176,2.379410809945131,3.957957654244043,3.8076958883896035,-1.0552708875510952,5.266532397656589,-1.737066730426815,2.1460927694417693,0.03153012492075721,-0.9124291233063777,1.6761735342479007,-2.7617082664156474,4.754905168036333,1.339775836163212,-0.1941466955023954,-1.3814750332314865,0.1874851330265454,-3.7708245947448455,-0.5541770552673301,-0.09534191653815169,0.08872978315462743,-0.3523230219483831,-1.3988100841749476,0.5837329565620324,-1.4007932897753272,4.3750312988243305,-1.320307493509006,-0.8865214307887496,-0.6789114592624131,3.454305697468414,-0.29955817006637653,2.475557943105306,64.832
20662,-1.7381998538748444,-0.8883731193006634,-5.667738145799206,-0.4973236080683149,0.7565576622765808,1.0822401844427234,-4.6934982915581225,2.6384423707279154,-2.760965318098582,2.3020632167169777,1.7176154240530646,1.7832380601622702,-3.0204625305404096,-1.3297644018707853,-3.14373763265067,-1.0604046721740414,-3.3687918349662347,2.378398167937836,1.062788320196571,2.0210981754488087,-0.13000498012867062,-0.8402924263047095,-1.362798897401309,-2.89861756363655,1.793331735446756,0.5166303086170668,-0.11015370498714927,3.291225377081769,0.6489414811555921,4.84291425290108,-1.3672829801223092,-4.482939404445189,3.247302249736246,-2.6728799875360085,3.69822104697125,-1.6721125300211315,-1.6476528979785103,-2.7995052273390804,4.074276740087502,1.0378193180018425,-2.3821863800415937,-0.5159282267640336,-0.5868749085611016,5.406680629591939,-4.462384806057186,-0.687373998064354,3.556631352911534,3.679474205747905,1.654581660259249,0.8820676328924735,0.6786920347979372,3.1513839212384043,-2.6202275618772206,-3.9679717350335073,-0.1698926810163247,2.5525961399646495,3.717260483344786,1.0118947165120518,3.1648622208637907,1.7644198167889449,27.039
20663,-6.0558548637950524,-4.839246978170439,2.163495256420141,-0.5911984670850481,-0.5082441311567065,-0.9757385283903782,1.9594269987652986,2.6090751422180434,-1.212594847543237,-2.1159329953024426,0.7606400536248654,1.463909637275901,-1.518106391754652,-0.05372222687994946,2.5909756171147817,0.8831465821327105,1.8434117337267049,0.025013032810081264,-2.355252227893462,-1.0720922291408943,-8.51366276053641,-0.027304919972212793,-4.625810132643649,-6.0489361950558225,4.794873288370053,2.7947328879966524,4.250195762643504,0.7302750133573774,0.20153537560813495,1.0482352673325357,6.893478694717873,5.942796492274362,-0.6504909211617892,3.066923810661105,-1.7470218600272915,2.099466058304698,2.356218608843592,1.348156174276178,3.081531680774347,-2.3611493140651834,6.846366537494507,1.3057249150465222,-0.8230326411835933,-2.5321175171771206,0.7660678416965813,-0.4773092179920104,-5.661485797759118,-0.146242181215198,-3.3066950907078527,1.5504161698423715,-1.8831081069419282,-0.4995732711018569,0.46522623614453396,2.260310872496292,-2.9906119735745906,-3.3323773476234786,-3.9809643702811295,1.2231430499558344,-1.866299599231722,-5.0894892612657845,2.349
20664,-0.5576441054339166,-0.39035491042879145,0.9704315993686076,0.23177306025164532,-0.7248459597387958,0.6504833317899869,-0.28175936369080257,0.664717037961173,0.35813295271268586,-1.7053835504730892,-0.053165009796724894,-0.8616240299243281,0.0633794944843583,0.983167421702674,0.24845050271581315,0.2890501094422621,2.07018469733907,-1.3737731656481031,-2.1640355746637843,-0.6003199441206615,-0.8016586108930628,0.36632683092034873,-1.14757113233318,-0.36242587705425705,-0.4829692929997684,0.9354242199366137,0.7818657718129943,-0.7661873246616536,-0.048614597549629546,-0.7620444746405078,1.1949325633751375,1.5347857527178066,-0.49547599863600406,0.7707635775051164,-1.4043019429125092,1.6042226573030067,0.3083261895928384,0.7744313673884298,-0.8359901663707134,0.28041124061444883,1.8920467145804825,-0.17167259486731903,-0.9391529349352546,-0.8235054263138828,0.7340977382878414,0.2864370541128496,-0.549348076993222,-1.6035193603849507,-0.1188005003949747,1.0141252276562953,-0.2247144944012572,0.04661981960374906,-0.05632785240250826,1.601524917560066,0.3164567929780534,-1.247625398004726,0.4139936173601753,0.1823658477054437,-1.446129784642255,0.08328572370791529,66.437
20665,-0.9417996698285901,-1.1604604717443776,-0.9823998740818385,-1.0179984849385693,-0.4834798013373657,0.8065676419931498,-1.2393632410971775,0.7230632741466078,-1.3838525167842157,0.19328673546870556,0.2570241882855849,0.028292933344408883,-1.2005154448063062,-0.6079903090002805,-1.3028469801523417,-0.5816560330009846,-0.5654840737485565,2.092047222336927,-0.2767981715523435,0.8370747041009408,-1.4667520516734769,-0.6721655604945154,-1.8171373314761858,-0.7481828227519857,2.2424710788066617,0.8228830186333287,1.1202701898317768,1.418270762113666,0.6476475941749932,0.19344986207811204,0.9423551377326449,-1.3184186473032675,1.212569739702031,-1.8745710202263797,0.9900140058555444,-0.2273434879354836,-0.8158134830716014,-0.4199153214702146,2.4425988650763477,0.3764575423771239,-0.4057951280027578,-1.1240811818543104,0.9916767877560486,1.4278464391381256,-0.8673610269736918,-0.19223826759269813,-0.47421457827770197,2.848171682936065,-0.2992846527631176,1.4501568868660755,-0.4344986334577847,-1.0225889115549067,-1.1930658992921623,-2.112557467011947,-0.7940240599637111,1.097067532602104,0.15868454179486338,-0.25283039844850763,0.12787570737536932,-1.761646815875603,42.742
20666,-4.490346858684737,-2.5323295059715893,-1.2361253255284703,0.5019533530919804,-2.37559044781206,1.863273925856384,-2.873298840125849,3.8681092978278864,-1.9314086805549953,-2.598127126027809,0.21008619456568856,3.808345493285418,-1.2022343466440308,3.122602733881282,2.267692657289642,-0.10755994692012438,3.027734384691399,-2.89016008032176,-4.096016539695471,-1.5834879815629597,-4.407961470517715,3.4287576892694256,-3.782868096577239,-4.477916766786035,2.3325414825913064,1.4214871262929833,2.8174994910998135,-1.1846470521290038,1.0188794051520313,4.389332399958439,2.0281788006136146,1.9141000080564856,0.6381879171307002,-0.051081743276633305,-1.7482956287471143,1.6802748483769545,1.1350299187348232,0.6563143259552462,-0.72040622447133,-1.7829868344572404,4.322987498938011,-0.505451042884996,-5.374402408739066,2.361565499246643,-2.195595802573024,2.022103901556569,0.8482399810473634,-3.772850874407308,1.1115254748729124,0.8924204241712685,-0.34814069651511687,0.22780937276997065,-2.320605044398337,1.3450755648692312,0.21710303832985942,-2.970479532953127,2.7809563926811163,-0.06735051629845443,0.3843212094807624,-0.524566147167515,1.144
20667,-4.598983987538303,-5.091397048515048,1.1293817177414351,-1.8731839897506388,-1.164255730199701,1.7838299736115844,-0.7773518913932955,1.341347487263798,-1.4255612972331981,-0.6038592163672039,-0.8807713667086772,4.626782951739405,-3.096741098632478,1.6835636923066735,0.9941045946584681,-0.9705026079128948,3.1399843781595886,2.322573975586832,-1.996967614815995,0.06808786471351044,-5.708008419289303,2.2863880620284203,-5.1154911272016275,-5.5291512905817255,4.436094698526332,0.8022228494983749,4.328449422915192,0.3619690747925103,2.223028106177987,1.7117070588183128,1.7744317270223806,-0.13943153458122734,1.460146528120282,-3.807230408741349,0.337213168244806,-0.20732248766017985,0.8077872602144316,1.9031268538321926,2.3136840643340673,-1.8345373520795087,2.046382693547254,-1.7394337742295667,-1.7010908978102224,2.927156562522901,-1.2513416563104034,4.3351374287170605,-1.9750849573867515,0.8580635300777594,-1.045769382934602,1.6226835760536606,-0.8819017384133165,-1.9876779015240225,-1.034360889541284,-4.222439327865516,-1.6896482158496158,-1.2324929541276979,-0.3381363682138084,-2.556571028731362,0.8367032981417103,-7.606483816789075,-11.031
20668,0.4256018964093258,-1.681607117592712,3.8344603288256787,-1.5652673273115314,1.8976321965835228,-2.48373526215893,5.899039952161684,-3.4599086608922107,2.4613642614357625,2.0435350741100224,-0.71832033514652,0.9908409896945427,0.6264411339951104,-1.7968210327930827,3.1323195040859675,0.9296299954966558,-0.2268338479016455,1.5922167978121857,3.9925053748909405,-0.20276838291874577,-2.452082503339139,-1.8235165155076785,1.6173007645585276,-0.8660996466868476,-0.5172688878163371,-0.6951313022955076,-0.031191537141349854,-0.6690137914275704,0.23323283300959563,-2.1949538612877553,1.1635348165852055,2.921714015889958,-0.9883482537946796,1.6839489884734415,0.2102118343714099,-1.0326997514274312,2.407250388791887,1.4540792232781343,0.12115992318316315,-0.8731394878606292,-1.316996112005899,2.1744706558962723,1.709728250128805,-3.3104010685875913,2.9551343838688084,0.9227555794295803,-4.874128658899875,0.5133057991104693,-3.345494180099086,-2.0486804535905585,-1.1428800718145564,0.043254085404030126,4.671225828446727,-0.10947613822645597,-1.841599557970009,-0.8283094603855452,-6.055293480693516,-0.10875145349034468,-0.12718346076598702,-4.668788332274239,92.236
20669,1.845002315387514,0.7195373303555936,3.8871196506318193,0.9640475705876288,-2.2775843321786025,2.2595940616552745,0.3663545137444671,-1.5389836535663253,2.1964376622836834,-3.1043147115546468,-2.512991028519796,-1.6960014951226237,1.12303911422777,2.910219922729522,0.8708730393402218,-0.08989881269713967,7.5140260879644805,-2.0772826988688706,-4.741663007765399,-2.21485009683148,1.8808389617807164,3.2938163951076094,-0.9297030810428908,3.139525597424763,-2.3134077506431563,0.49188762858708446,1.0523623985583406,-3.75849002803352,0.2788379227760148,-5.442516234886515,-0.7516113206971089,1.3872160130082642,-1.9377628190847473,-1.8429780608222206,-3.4338034816296603,2.602026791623308,0.21445454354444293,2.9682231016438,-5.386449854674341,1.3104180375036416,1.9936607350140862,-2.8117226105867794,-1.6764536613403562,-2.3920535280323714,2.85249371345432,4.023172533730855,-0.7489493193109982,-5.102104251225125,0.9512023809694431,2.2715704779622667,0.0018321337923704953,-4.229671511384035,-0.002515418096806332,0.19717404634570224,2.211678350307175,-2.328007177421589,0.46345136290174627,-3.298513563814278,-3.710578770086152,-1.3470804622117185,82.599
20670,2.174570879125983,-0.004211757251378068,-0.5367942280210487,-1.525637942856984,2.768558067525854,-1.3255295251155426,1.3231594818459758,-2.301990767726868,0.6496554267481827,4.508051237058332,0.21259040691952646,-0.07151102856986412,-0.8383463139499815,-2.816643355255714,-1.7610749509487045,-0.17141671012730494,-3.961246453012378,4.021561040075496,5.611194703163517,2.0216962805665895,1.7876576282413528,-3.1979239135972053,2.826594170042829,0.3956415331157318,-1.1298450577651893,-1.1145634911260707,-2.0625814919700467,1.7304732349458622,-0.5152779393538145,-0.0006955890036984547,-2.7931037811036994,-3.2325541267073445,1.2663670983603599,-1.3408165901755962,3.3089420892131844,-2.884482696518742,-0.38735750644240596,-1.8782030965018228,2.229662381335869,1.4296677825590367,-5.138718099644618,1.2713262469283806,3.3008257329836974,0.9402005192593785,-0.8486349577733185,-1.0645007560730155,0.07467170365395193,4.4906904492010895,-0.9459169924422417,-1.7580206042356168,0.8124998275643504,1.6662498765439664,2.1216390163256302,-3.0966399121996058,-0.7445212768402116,2.792474468718049,-1.6976722641534576,0.07191776581877139,1.9816822843767918,-0.4954544183552212,99.39
20671,0.6851725882187469,-1.1901271595272,-1.5845873326936817,-1.8214925580778463,2.8952795063130687,-1.1335662216212907,0.3996349151754822,-0.6129560391587284,0.8811189646125099,4.189879559455209,1.0978291470935422,-1.09737831657358,-2.807907090173054,-3.164328580191392,-1.232667162974716,-0.14529326108865992,-0.025905352657945628,2.891238600384578,3.8484849062136712,2.033369748337355,0.723238954992,-2.2934423728355746,0.2542028119392344,-0.794128003754252,-2.1463313812031246,0.992874839223266,-1.1289927689493573,1.1295498223148122,-1.6348652067228364,-0.5889892067267753,-1.6333601858134772,-1.990353442652758,1.2280376681418652,-2.359786299920427,3.3808405586571526,-1.4309555080301004,0.5828038509972396,-1.427946442131605,1.95524765635939,3.659305120072619,-3.5632649021280596,1.5904496590472241,0.6516342971123601,1.1096636262816328,-1.2926525242263593,-0.24101145949083283,-0.5209506634652017,2.612963328362311,-1.4343209224300257,1.113930269340247,1.8397268348510074,3.1586045178371043,1.8837667256328632,-2.4513866356611285,0.013558549287676441,1.218577086725031,-0.713401553096655,-0.7376745003972864,0.2914984421410963,0.12475879247695124,48.437
20672,-0.972679797610729,0.9322040997486828,-0.7049561494902415,1.022904502714392,0.7992340767161485,-1.6164658411239592,0.7365864336759775,0.3600297571953591,-1.8244194074264675,0.02309478481038091,1.5417074508690463,-0.35805013407461583,1.1192693769235866,-1.6697732134358692,-0.5208003137236711,0.5227234612730864,-6.442288587758628,0.02011954426978979,1.7654077070940937,0.6435567329579123,-1.0312339062383025,-2.152020297446745,1.888455549826725,-0.378622935427053,2.647970959067775,-1.0130752974470643,-0.8160668352479368,2.554685657155334,0.4170259800042262,2.1327141448392646,1.5587866636180394,0.7985752151017731,-0.4338505690340041,3.96732578427723,0.9964721115958013,-0.9379084618711172,-0.44672914133848624,-1.7910932868628362,3.428414853772171,-2.537992878548605,0.3573300365350846,1.3956213769854569,2.85268881950805,-0.7254241754617838,-0.5517031625467268,-4.409937259901769,-0.42754728638140793,3.4171768097790642,-0.6922623741139857,-2.354018405928352,-1.5363030171609822,0.505325827748341,0.2894622138459749,1.493004075276522,-1.5168965592970047,1.791377860037112,-1.4816865233701533,3.1348022899422854,1.6718425883767853,1.5855717318353983,101.789
20673,-3.519383584985455,-0.5186353455974334,-1.5097669664542335,1.5770704563301927,-2.761683781220005,2.4058866730161013,-3.521333671027762,3.8047599929000833,-2.137612819165234,-3.687865680863377,0.6055794260728864,3.8779421586737706,0.6722488991168556,3.5221490602786947,2.136735528276504,0.11081632305910791,2.0742321804745236,-4.680363196043,-4.619816017037726,-2.1591422315919937,-2.2329533215461277,4.216779050829256,-2.7463701556547324,-2.8729185716495977,1.0211897194368231,0.195543668672804,1.8082651865282273,-1.1757546033518003,0.5415911439351964,4.723918623252878,0.7760784359568075,1.1282265468069064,-0.1513022302835282,1.425274690365572,-2.495842258951696,1.903405642329667,0.5033761880590977,0.9425569606997627,-1.9270482876522377,-3.1753496044759495,4.607602903807257,-0.6954495436036103,-5.884777483326283,2.531898406092779,-1.899414154425028,1.4314550872411531,3.2845097231849527,-5.159491544840321,2.8055552058639095,-0.411968540564747,-0.24232260850351434,0.04997950427529162,-3.322646980696318,2.5948606990324246,0.7727252015495614,-2.7113519974240017,4.57141528484371,0.6506625156220385,0.8140963368604862,2.370264666663367,30.861
20674,2.2053151618278246,0.9842526119562032,3.8224038486491527,0.5476603690957821,-0.32522693579115003,-0.7535525517214923,3.514220964491261,-2.7466094316702865,2.2633177458662592,-0.6739078133758158,-1.5366301137258913,-1.1688438870692146,2.4931111125686956,0.8189126343619887,1.1458780256055103,0.719013470099006,0.7512775503713108,-1.0701739553453287,0.3657074968296509,-0.8157471967477934,1.0948714342712098,0.06756506816116851,2.0318211349656483,3.1167130297988304,-1.2003574909459847,-1.3416596479344156,-0.7091340929801432,-1.2995577801427318,0.28657606165394306,-3.6769704313493663,-0.5627679131573715,1.911748671499445,-1.9083126680383176,1.3082424051890127,-1.695693420287719,0.0053059930112697995,0.08096518996660082,1.8526127477919572,-2.7257468083078478,-0.8485233069508137,-0.28383991482849436,-0.4153926151741626,1.7106366299994122,-3.010881866025536,3.0794871414635248,0.1998376771931345,-1.867609482013394,-0.9106399969820614,-0.6942587141715403,-1.4353077227076305,-0.8179501695348452,-2.3249622225247775,1.3527507878465799,0.9655510455833145,0.1923963670265353,-0.47010820253609026,-2.9065854461891436,-0.7509387324424985,-0.8195841201929792,-1.5062905754061549,129.45
20675,0.12970977925339083,2.2781546771851287,-3.9988393806872615,1.5490877565603896,0.17124720882557087,-0.3701249184228371,-2.2020498355811413,1.4164840281825095,-2.2360464734595253,0.708798946175694,1.861593139152638,1.481332712039721,1.5069753177398688,-0.3160782758349567,-0.7880706259902948,-0.16246421497387786,-6.220707259012239,-1.3982524315597078,2.0112375658787403,0.5149507060601197,1.7095388078007934,-0.20262546727105307,2.5545422105303377,0.338153805310705,0.456541306689026,-2.255279955862029,-1.8842280591907326,1.7488083596134294,0.1920741443673136,5.1078373442393366,-1.5295727713520428,-2.4679099065704584,0.8087992542189613,2.1199904289509965,1.0048897700996384,-1.5226353326601025,-1.2092117806950844,-2.074023094373982,1.1589535750337727,-2.516303225485997,-1.258768104237037,1.1030684524938392,-0.7810457887012017,2.379782143866332,-2.761877464085107,-3.0875414050583903,3.544322720614481,1.2277061235648459,2.021803871998756,-3.1614718434632705,-0.1653975988294591,2.391198428134081,-1.4096433257608927,1.2206157498899264,0.16906963892975457,1.9911908377033294,2.992339268566045,2.9328384836691983,3.9978767846645145,4.939351500289676,97.157
20676,0.3003733280110359,-0.7991807422061846,-1.7782444096673402,-1.5477608592635277,-1.4414164533783325,3.8091480282883685,-4.705722769835482,0.021693080642208262,-1.9786962452962258,0.807156640768654,-1.7291133105229335,1.7639199472227107,-2.8175115284032137,1.7275443717603922,-4.479879132472459,-2.752318596989843,1.0411730094622076,5.449330888587233,-1.7605691194467408,2.176818522419644,1.4156844360067722,1.90258427319487,-3.716315519571695,0.225401389433207,3.4299922997468544,-0.6237741140897967,1.4894522056367587,1.4241902878454544,3.1451739961801084,-0.24305536364067268,-3.981510203082058,-7.717046405386775,3.1467196887566997,-9.39762583456117,2.7769704800991604,-2.1422787959170924,-3.6907047257674246,0.355966432849315,2.4392137608798707,1.7096695913537259,-4.012593907515589,-5.819274124491079,1.8090084557042365,6.730396437981699,-2.9504072698150394,5.215060999271743,3.0715104503334216,4.964538357455463,2.158049790064695,2.652719493589109,0.5617605748332508,-3.403011039685365,-4.192322593756197,-9.810913235105234,0.6912843681392411,3.2501953978822273,3.9540108050580276,-5.131006318807752,1.891873698507413,-4.906405885219648,26.565
20677,-2.2749096566039024,-1.9137661152700927,-0.7628313549945472,-0.5436751446556305,0.22540094539655758,0.17397914784634153,-0.9467021492505111,1.9762631288895303,-1.2640592695370556,-0.4805369422314694,0.4624726835607593,-0.5349972322781362,-1.7776476211009766,-0.8269790926172039,0.050030116975057215,0.1357913764384308,1.2689872821341295,1.0878181183022426,-1.6372986661340754,0.06693368686658097,-2.677429361101578,-0.03822213445201225,-2.9612081820829856,-2.26685522172576,1.3997307949829716,2.182329450415264,1.5470444006414128,0.908763708212923,-0.2424050130978152,0.5149702771563363,2.161048113825406,0.9148640805867003,0.7386243047874229,-0.7278784385496658,0.46668832807604277,0.695832280622263,0.6065786242462918,-0.35688849735747713,1.6474220409609681,0.9646272584749901,1.6487789671923763,0.1526773916846681,-0.5389755027145683,0.6148913015371248,-1.022429482055591,-0.1364160560131507,-0.884453592916133,0.8437536228415107,-1.1301996157627896,2.188545311185964,-0.06602975342310673,0.7372396765768613,-0.7261374281300301,-0.18748164708181425,-0.7012039394556783,-0.4877271315360673,-0.193742918775352,0.13581190389562572,-1.1977751398732357,-1.2776299545801335,24.919
20678,-2.4445595951550487,-1.8655177692769562,-2.0950983508175263,-0.8951909484933864,0.3163654243797571,0.4478367473133364,-1.7967552930048352,1.8303838287659622,-1.9631386065252867,1.164998148383455,1.1400321828830957,1.9516362866773735,-1.643323903848361,-0.8276164721513389,-0.8423179078477919,-0.2455135209806577,-1.7153149151768632,2.052282965578574,0.12310732551648768,1.4452723484318961,-2.3083602982419564,-0.3376701137557366,-2.147688531897059,-2.9138247804367072,3.008371541199534,0.7391003855626685,1.3698351951303642,2.045624810968928,0.8803643729425159,3.2038261287921896,0.9672238619385913,-1.8161548073083362,1.8466893747368807,-1.1377046274166012,1.6747492903489707,-0.4782294996038515,-0.27793767747978726,-1.018965592581809,3.7227467457721173,-0.5902735407186748,0.23887438180717033,-0.09833879922340254,-0.1006400897586721,3.0028298144376278,-2.7552956535010726,-0.28259155673205155,0.5625801841347223,3.1491229913230425,-0.3003176560295966,0.5068934432500758,-0.05163408330373634,1.0847069984092124,-1.4619912466682132,-2.334138792832866,-1.1364819418691778,0.8414537870516667,0.8029624824952001,0.13925013154452806,1.6004076729070753,-1.3712562130344885,22.558
20679,-1.752720247744084,-1.5477954450088236,2.5193884526343395,0.5528664698464242,-0.9412560730222848,0.5070519025144772,2.5878813564510668,-0.981638908098887,0.44707542163345654,0.4652208137407782,-1.2283500341692186,7.983572996885115,1.9353443642085573,2.7586274643286695,4.343746644654062,-0.12940456382071544,-1.3744194396206872,-2.454397454258257,2.0626264981813414,-1.8536053644938697,-1.8478745058653137,3.1830962164838654,1.6064009634404393,-1.9061002006614223,1.0667773167486465,-3.876751078136059,0.950625587641903,-1.7151253600562815,3.045551467592883,4.140556974832688,-1.2962596758505944,0.9913958892551749,-0.09443015419703998,1.3499483898452842,-1.8737040667379434,-2.056013275686121,2.228231212614077,2.45109510629209,-1.754657138190075,-6.062108978688266,0.3290995322201668,1.1921462996483851,-2.7319343057178243,0.7019600947222318,0.7924670416436191,3.7005179360017832,0.19230040496690337,-2.5120354065895074,-0.025796507478827974,-5.323670315282164,-1.665226067684798,-0.987401388384468,1.5120059173313876,0.5266848990990851,-0.9216496905671416,-1.5783211306893694,-0.34082003929678006,-0.28066981128555096,3.8938431930464663,-3.306781843910721,95.28
20680,-4.610162245340073,-2.9411756819573034,-2.6322190002374923,-0.5288723898650083,-0.12055356031119802,0.09849338498813101,-1.1761913023311146,3.2131136291188773,-2.3536687848931535,1.1817224860734028,1.9218821717250136,6.209415945500055,-1.4546917327489552,0.17179427873630368,2.6753681283499042,0.2529251205183889,-3.5350269377976637,-0.8997823828990411,1.5401698992988826,-0.0008734541464794042,-5.005597875823839,1.207965702921599,-1.887161586923252,-6.209658179448886,3.1966201663238287,-0.6498748876288838,1.8166366727650898,1.4633641740541716,1.253183581824584,7.503218204742229,1.5563416949953763,0.5104497422960051,1.3468848630461223,1.5928642770123929,1.199520930684308,-1.1520430364313827,1.543593573837977,-0.7228986490405903,2.7170230076142077,-3.8151118232243597,2.0784403680055585,2.04491884890601,-2.912891092842178,3.201274453174563,-3.0134753024019183,0.32885635109157657,0.622035799538881,0.1577178924351672,-0.03067626064042106,-2.238790392200473,0.06569004872203849,2.854524067211263,-0.5087594221557525,0.16920980487196324,-1.9443527905878346,-0.48529123678167263,0.6855297673157359,1.9246570825013827,4.308077503130649,-1.2293406967195375,22.093
20681,-0.9446929818737086,-0.1287399798151198,-0.2866641811745411,-0.0026777473357014886,1.171765895034561,-1.4883050432817893,1.0114658007366986,1.2617029714344887,0.07856766624007577,-0.37227637255777307,1.8272932978058614,-3.5778723272117348,-0.6772361662684427,-2.075055315146086,0.459638735241979,1.139857161902202,1.8392601450215187,-0.9750899120942365,-0.5116170838486871,-0.3626913543793707,-1.7538483427515135,-1.8879636022121469,-0.7046522182538262,-1.1563372691937288,-1.4201386153829727,2.871678235142091,0.0347602587722326,0.14667271517814165,-2.661562620251949,-0.7125369949307165,3.6499913919797504,3.670834441412735,-1.1513348889538613,3.3293181517409822,-0.36581753538133266,2.275470333555494,1.56203350485685,-0.8783338835931882,0.5282259140991441,2.389462856167168,2.7116396490937844,1.9098072647394648,-0.12982694360524466,-3.223262307417655,0.5805966124204899,-3.3174355674690275,-2.2497305249042636,-1.688373595688766,-1.6493409410546536,2.0242528256091723,0.6957298901263973,2.161763140677599,1.3815944591036295,3.868481349240726,0.026590448718990856,-1.4001129628764326,-1.8490271010526145,2.0017628565279395,-3.3758983998883494,2.710286763630809,52.217
20682,3.1140647527877947,0.035015385363196164,2.9476849720977762,-1.4221084994306168,0.7737014639857643,0.5032428057108083,2.2770952621120113,-3.6695083870505507,3.9177944450356157,2.466603539020335,-2.0622871174454915,1.4861561474091365,-0.18488694016299095,1.2658110155126876,1.597420943370368,-0.24593108086720494,4.596565137366782,-0.20638266859716736,2.564201538756427,-0.8188180578945405,2.5108562198938507,1.152675461855974,1.7782641380325412,2.5976464350537736,-4.457173355309489,-2.1496240714080823,-1.046259737675135,-3.296431141046747,-0.2656775918220202,-2.9795197974067023,-3.910551032940853,-1.2397152201679873,-0.5653435978757806,-3.446329423316613,-0.38000495540789697,-1.3731978787792256,1.4827393752787712,2.758554208371953,-4.787416801427548,1.559221731690153,-3.794533477623159,-0.0789220759530371,-1.6741614633830662,-0.41750991338316823,1.9922244805424598,4.858193495048474,0.21149810472458158,-3.3691122086895846,-0.11096793186251531,-1.0021176725635956,0.8243670887135177,-0.43875272430013323,2.668171386747936,-1.6473475297948845,1.6214779044996204,-0.7998762318299488,-0.5386401128638348,-3.7765206230866,-0.4514895193008155,-2.7535645647683507,92.441
20683,-0.4874143377866545,-1.0735562949558202,1.8096377610253795,-0.2494718459961472,-1.4559289921015675,1.8846454024414308,-0.002059351393412512,-0.8362691676335241,0.9880055463349253,0.01485369877576656,-1.7818033831320501,4.246368948197027,0.17648478731622488,2.7980131008238063,1.6054526864625096,-0.6896802908234418,2.12899044164328,-0.47319820140074653,-0.550743584828308,-0.9500180958324141,-0.11550721497153588,2.7458431049391696,-0.37790891107681185,-0.4759338484013836,0.12072496497145314,-2.6696459628632865,1.2427226155412439,-1.7352227182182713,2.3427253195152358,0.9893587840484301,-2.1810265347798903,-1.3536153805178,-0.0014614464791088966,-2.8324411760557027,-1.0542867262111657,-1.0469588813395885,0.20892496506232283,2.06241374444703,-2.5564951064711368,-1.851690828713821,-0.4032538296896999,-1.5813178133408994,-2.018287315641268,1.9198324992903475,0.42500206519353045,4.9075058592974035,1.06850158422559,-2.0186936899350076,0.7339178129668038,-1.4791132538421212,-0.2071214807824346,-2.0325787562639457,0.24982706774502886,-2.0389466158719345,0.34595798233971853,-0.9006185642800003,1.2699976650493532,-2.594712224366814,1.4540023040184682,-3.4116367004300403,74.867
20684,-0.8471815433040509,-1.3493195064361423,-1.4225134955536367,-0.8473861471014711,1.3077763949196102,-0.39584874325264907,-0.025776736280723356,0.7457304814765288,1.7664321454060152,2.8249447847446354,0.9168636321305015,3.7009217762414277,-2.010719420275652,0.28039532013943375,2.1401040005077405,0.37933393266138854,2.016204180167962,-1.1793041954866395,2.6580534456349847,-0.46405289207789,-0.34549653440964756,0.7324736587207461,0.8075885238153435,-2.596017790324073,-3.1095215455157548,-0.2656706375517938,-0.6337122448916488,-1.5101982977525703,-1.216586805081812,3.4645960059261367,-2.0649692658297907,-0.7137334287825277,0.5210641914305983,-0.7768883761048498,0.6702728921772785,-0.9952794434060257,2.283377066539209,0.1708009315968126,-2.0023505460313555,0.40300400908249046,-1.442006797391591,2.1867043953764695,-4.42584900523606,1.388529005383347,-1.8251151107075974,2.094499997190042,1.3811927222884184,-3.050257506901909,0.22536342490334493,-0.943910207687763,2.0043168607662367,3.9256087984195442,1.5864504929378345,0.35197185265702685,0.9013308094743255,-1.387083256264539,1.5993914422577036,-0.36370354550103046,1.7603569554301286,0.9868573275649719,42.168
20685,1.8272583753445788,1.8294977361298765,2.019297454193447,0.589613995696802,0.1578944017981312,-1.088924810508527,2.316902143583382,-2.191282242398741,1.6671965530114006,-0.33447602633732937,-0.7808097898525256,-0.5628364590537686,1.84795580056118,0.01530033613096116,0.6609729369771009,0.3775150089003328,-0.5248387641059715,-1.0825515663753325,1.1360835804901015,-0.4888688892876548,1.385556436645484,-0.257884961169174,2.42842408212894,2.211409584536112,-1.5812647746523147,-1.0566137360543624,-1.2612323256454803,-0.4496246616001944,-0.18077926153696988,-1.7285304329158186,-0.4105473985357889,1.0237441294888379,-1.1226660504294257,1.620757922587685,-0.5443277270719165,-0.1373761025476238,0.24465230492949613,0.7281607928734446,-1.368004362424728,-0.6666411105630785,-0.5762044440344529,0.32640635241635213,1.3229499912495912,-2.0821279396747143,1.8165742936983955,-0.3829109315129872,-0.5024052149019379,-0.5814416783211762,-0.033646193222142406,-1.4851453023082066,-0.7920889695665145,-0.5552241083290376,1.2011815379407753,1.679353382420462,0.3362463174609457,0.17997088061380695,-1.5419194284577888,0.3285547736379843,-0.07191963427854328,0.13743084326704819,117.587
20686,1.190084074296351,-0.24661850343769698,-1.2063800807074194,-1.8807907599851625,2.7940742376773637,-2.247192876325647,1.8030937323057432,-1.5549884776272174,-1.127415426350415,2.8796872254086505,1.2230094415096915,-2.5675841874601684,-0.8981775963259699,-4.248524200589618,-2.9681125655215292,-0.5157988307529501,-6.315181600450741,6.11972453389722,4.833557128868768,2.9896539527985797,-0.41594058103055964,-4.3137728797309585,1.1275275253657495,0.15036623895759502,2.938368159127722,0.24180004661955873,-0.9178864896677432,4.434936484536502,-0.049355504126805644,-0.7087078473916105,0.38160019266564704,-2.3807910208511567,1.5560687874966563,-0.17687567276198712,3.8115631809243444,-2.452031072327612,-1.533600469427271,-2.0233377691726457,6.080174863747883,1.1232935835758828,-4.144176842668099,0.8035948838813209,6.415616204062478,-0.13583755001731468,-0.7222095047362168,-3.5925874356056453,-2.311893208740841,8.185364938264726,-2.1251145604363195,-0.7786562741646657,-0.6988158041640675,0.6198381471786125,1.0919831487862621,-3.454192574547406,-2.350018286969041,3.632418196358285,-3.299559855234229,1.3260516252761976,1.3582861294104953,-1.6651280047834867,82.455
20687,2.8034525941288875,1.4346700898065852,-1.6205943300808503,-1.3277135522969934,2.895931231546139,-1.8655869865363313,-0.6346556186406669,-0.6233690446670499,-0.26018520187939986,2.581074194653491,1.0846390670738153,-8.140473297345267,-2.2666382160531975,-5.019431711281101,-5.153924724789347,-0.22832482378141156,-1.4260675726443888,5.465463113066048,1.9579689585220073,3.115860479452464,2.6930596471650046,-5.129012893321664,0.34094171669053785,2.8266145066235886,-0.8858617719696805,2.864683277514237,-2.1221653670568603,2.8240478580956516,-2.6780155785091404,-4.799108628100989,0.30973081118610957,-2.5675173740719144,0.9541085893255453,-1.3478717515796421,3.6969453895564492,-0.06577730795367928,-2.1547290561616594,-3.073458265553575,3.841300397747005,6.371798821305401,-3.4448802498976976,-0.0943630779985859,5.460643722815888,-1.3843656812519827,0.026718026437260844,-4.592465990443178,-1.355157704777903,6.0980815650118245,-1.0619743349433965,3.791586776460359,1.1871646764881825,1.5564337955635372,0.3622100861363096,-2.2413375795174306,0.03882266310105249,3.359980384509188,-2.025169016282987,0.5493596277731977,-2.8486015719754674,2.1322643294099937,69.475
20688,0.9849954407359455,2.5877040853890474,-3.72888517352408,1.9196451731667818,0.6654564205247624,-0.283105087190621,-2.1631892297363877,1.7761775934757549,0.8202028494104332,1.0918501878876914,2.092317661228987,1.1413299664388992,1.4238097962262581,-0.11778817164931216,1.5205276675725417,0.953877251171778,-0.5476978652525645,-5.796642068063907,1.5250770012350223,-1.4792634555355169,3.5109551283189564,0.6337698386338817,3.78561821425303,0.248365755199893,-5.944537387537869,-0.9469594203953421,-3.1188926137022044,-1.8124355600439177,-2.976429742914179,4.6428523391573915,-2.210451594660175,0.6826673075863204,-0.08507395867186462,3.911159548467503,-0.3953562057006422,0.2694241452544945,1.5061530995185033,-1.818441136843773,-4.37445988353004,0.6012011769001806,-0.13109981040342364,3.545732567695852,-5.247842374707976,0.1980141682896607,-1.819791293617192,-2.1912074677016244,5.233517331753206,-6.194818774488537,2.489029622329225,-2.7287540056634882,2.386082001913516,5.773472267879003,0.4305060862487333,5.7384011975340945,2.1808360318454474,-1.4729075849442532,4.210741478450225,2.6684549335211076,1.7126022155122256,9.352673068754905,90.484
20689,0.6817376369218058,-0.9605838696465616,2.0223353254828305,-1.2265979370906168,3.2346138296436706,-3.628152292460747,5.084066700407528,-2.5036941848995604,1.473534714015569,2.6952093688957937,0.6028762574867248,-2.094757015456446,0.275188174000486,-3.808447675202944,-0.06286615902235548,1.0699702469868164,-3.576683246157062,2.998664553973597,5.07450090378279,1.5796061657999403,-1.6208305346902523,-4.467562477528548,2.2389748310651307,-0.3398595880401517,0.449172543241015,0.3091691518101092,-0.852482072522399,1.9885845112658909,-0.6035385345913884,-2.379227664692283,1.4742728519747872,2.1630550674936364,-0.3684523283700183,2.861507543265481,1.6255605766783088,-1.1251492484524512,1.0352550772762972,-0.7849039927086199,3.2316259353847987,0.3760286102932081,-1.5052115281207863,2.546670607053063,4.658632175849958,-3.5865761116553863,2.1548647499082656,-3.16847703176834,-4.748667368163912,4.399048736683675,-3.7950733531758623,-1.5356256798480359,-0.9005782830509329,0.9755514300992306,3.4154820698815334,0.4224827577367184,-2.0422109686209953,0.9356890961028411,-6.105162439643405,1.8000009608674115,-0.6132464492626301,-2.313933311192193,101.51
20690,4.134640442230731,2.620824217963351,-1.5373064571613315,-0.6681154744202792,2.3860222024400217,-0.9113752597656378,-0.6646341091262014,-1.2364392357603189,2.2191141427580745,3.0362885027555575,0.7397416998945778,-4.077033224227755,-0.9833391310245297,-2.3243222776997716,-1.7816865301126703,0.5334663533746103,1.957073165729494,-0.08385880164270212,2.552816093089834,0.7278348563419597,4.9050452587607225,-1.693465149029693,2.3937941407303502,3.1310836946236247,-5.907439325277938,1.259879744306729,-3.131234498741267,-1.039242263470287,-3.84542897528547,-2.638057624724988,-3.0768166506281314,-1.7206631097949934,0.13666273404709392,-1.3297968884765212,1.9694474973818064,-0.26744575610761834,-0.25300283220934927,-1.903713031398553,-2.228278528077909,5.514022618593093,-3.7033426853618225,1.0252995508008993,-0.0760022961550432,-0.9963874377681218,-0.03637602031769471,-1.0944692111641094,1.8574465203002277,-1.5304242231085456,0.46448205391842573,1.6046595104172956,3.1571018630553143,3.2761277584059685,1.6343285522404223,0.24688866967639822,1.9791836167280121,0.7602257876055675,0.8360769034426612,-0.5656319036090272,-1.3227759746122099,5.117080443656771,87.981
20691,3.531032529464876,5.898008260811521,-5.213817797956747,2.6181883539078075,0.011376153044648521,0.5813430690869137,-3.869933311680837,0.4892912270890934,-0.8190379685543072,0.33557649284434754,1.743749432557575,-2.571356419192044,2.233299015041592,-0.1347417221335797,-2.0637481233170596,0.05676316491958501,-3.574301613036149,-3.880797217825969,0.45730226954173975,0.19257968375514062,7.280222968873955,0.058337040408538654,4.415984534955224,4.528960418260971,-4.126845180351564,-1.6875616157977384,-4.5291298812669325,0.040253200629282934,-2.040664598263557,2.352802042021806,-3.9409444789260264,-3.4785554371710248,0.08438603499929012,2.0294850304304592,0.588591251887971,-0.18823507864500855,-1.9690599335863561,-3.262746347044581,-2.2120562499778593,1.360963811440826,-2.435653643535236,0.6651915270093198,-1.036116297555128,1.7673990877577574,-2.2107352004489487,-4.183820879981603,6.864256135273656,-1.7669907787720955,4.244367061334231,-1.5929179397779216,1.4679831906986498,3.3173140942600847,-1.5892696214826925,2.6485827243796267,2.887745554782788,2.4882602749769496,5.9374952725371,2.7909618087788495,1.9354920395147843,11.054909541118528,129.394
20692,-5.689707714578806,-3.720517016883516,1.1082963864771112,0.41956676415899163,-3.2486249152228925,2.4772370096041767,-1.5942250582508672,3.193314575024017,-1.5654730152567737,-4.422164733311288,-0.46195957282262107,3.9758952554767406,-0.7296217148046665,3.2040864977162093,2.7922220775233004,-0.04191604250959432,3.2121272973773327,-2.5110073794633685,-5.549728254446071,-2.091444023613162,-6.153575077935392,3.539032567706847,-5.279280926610384,-4.903419346865133,4.902065741660086,1.372998835184396,4.455325047371663,-0.30420811962087785,2.217619299847535,2.798123902700544,4.2470710515953805,3.300271531777922,0.05298302733012968,0.22335991460498403,-2.8221341822008625,2.4668525029558563,1.251701506870825,2.3590138775258573,0.1168157954522469,-3.97497335942051,6.485730493722436,-1.4986774824097946,-3.8184069131334484,1.0222958164237106,-0.38362734786184366,2.4883364981847307,-1.8136839467871564,-2.867671681896462,0.008301697041641673,1.3573137390244268,-1.6409477561767054,-2.3665350618929124,-2.9673457966419825,1.1664061844073428,-1.2256151408100298,-3.255100699018069,0.9431335981376419,-0.5432582643279225,-0.2840306140469888,-4.5064597405976095,6.327
20693,1.5971481544969994,0.12146042938652266,-0.17027105689117616,-0.7817898506168569,-0.5943373227586758,1.8639176825700274,-1.5578010900638983,-1.2237618534058574,-0.4005624483899624,0.4181085756270546,-1.5141312860023728,0.2373239708612043,-0.74600324493083,0.6036376918064325,-2.5313656058619594,-1.393566233009086,0.16301383320170065,3.014589916798092,-0.31930701747731993,0.9428698821074318,1.5624740917207736,0.24211724276575458,-0.7772226006630367,1.3790667071782836,0.8107740294225851,-0.5744324292522669,0.21020602360706928,0.3170253406687743,1.3525371142230125,-1.5074292147903303,-2.4254945907124035,-3.9782280283021665,1.2424581317569476,-4.708337530152665,1.3480356775732547,-1.4864633067420743,-1.6404871364957916,0.22042973691931977,0.8340122582221031,0.7641746721555533,-3.020912399330347,-2.6069185685582292,1.6141544994314783,2.5934967192574985,-1.0085443673366392,2.517458083160197,1.0512631413076041,2.8281489190867624,0.6470618326655002,1.0672100218989193,0.5422000787028436,-2.1965719995928517,-1.4563156229023262,-4.826425169551946,0.25610878100175494,1.8358746847526242,1.42014767785416,-2.4135900014466976,0.9033897331846708,-2.7714708458721105,67.311
20694,2.772457133826104,5.645005664005146,-3.5996283166730905,2.8016013518646066,-0.8673248435192542,1.0258777157603043,-5.057876131658699,2.722627685075607,-0.8653061289011237,-3.486570538852399,1.377223438991678,-7.390040926570164,1.4790659589804998,0.2442319392966587,-3.0323651759285952,0.3044747786154099,2.1342106178824665,-4.655407259294098,-5.061419215580329,-0.42960002556209265,5.7844506047718145,0.24677946523770752,0.9237636750910556,4.941041264223867,-4.733827784917368,2.861803378773617,-2.7630785595644323,-1.023989533534152,-3.9499447057294588,-1.4295256104035743,0.18116124332897943,0.016962230458660688,-0.6780627341394819,2.1147451860579625,-1.2295395319894917,3.90536707297061,-2.1585155068525794,-2.6088911140833138,-3.474124992681425,4.368797533509296,1.4270559798284541,-0.996395381304036,-1.7698870598589218,-0.7759133030377539,-0.9386430220577915,-4.814304917329525,5.202189729565439,-4.223024603984811,3.9503263340548567,3.7243668174101168,2.0416215679724665,2.147304905254981,-2.9860395427680952,4.889821336213916,3.8510862412165543,0.1557492977346122,5.510570683440891,2.6876986311986104,-3.4875878714509754,11.635637338359206,91.323
20695,-1.1972404218795476,-0.9871716502811958,-1.4035638981859302,-0.587344599837057,-0.36978559831051977,0.36416336942607064,-1.5110849280013003,1.2199368599704492,-1.6516855812046982,0.4778224231243097,0.5701412125691352,1.5518350306945472,-0.8758614497274386,-0.1780497423339309,-0.7043760279913593,-0.32621241637079246,-1.1364818598949977,1.6455648464086567,-0.16576443746726244,0.870854535186654,-1.0171887173330043,0.06299339391435144,-1.4410791464393193,-1.6179300796609364,1.7988400517406185,0.019819031130691625,0.9256127600944929,1.4220994817178867,0.9518817743526128,1.7820076375497151,-0.25511157524764766,-1.712527641171008,1.4801342278873129,-1.4243642522489026,1.1224783429925234,-0.7344356664858309,-0.42025151026623075,-0.7988413089888149,2.0146913880137323,-0.36297317128986745,-0.27984788814233785,-0.3869810543670084,0.21179974323925416,2.0478886917548946,-2.2298214323536176,0.41115917550914843,0.4347521694181231,2.1389147754563522,0.47600474740644705,0.07089372414847081,0.04428723848565094,0.3052894171003758,-1.1317078135194791,-2.0099196380043267,-0.9988589922842928,0.818105674456574,0.9788318990228905,0.05417181038786531,1.504408470920616,-1.2443711924376804,50.047
20696,-6.232065590875311,-2.3619942483819854,-1.8644999954925383,2.3117897932625806,-3.8910233235453746,2.743710793439425,-4.185705085863152,5.592117217758804,-1.4978170110068074,-4.187649901577808,1.0913236141167484,6.571616107045544,-0.13388120065289255,5.421007624131389,4.755057638965206,0.8707883604276558,4.742724219065679,-7.943281540248928,-6.200672503042336,-3.4157603306341393,-3.909776926895372,5.902465413007229,-3.6786511935982324,-5.188558284681389,0.5979817344051274,0.5179339393548104,2.8407291124879035,-2.8548483921362977,0.4470852017052625,7.523120192390769,2.195314843507778,3.268370249902256,-0.17065169205738567,1.8745650796561766,-4.097273358784049,2.3754164541613103,2.1616932440069494,1.1252689022881879,-4.01171443240647,-3.718362238349803,7.047413503130939,0.6665196204253987,-9.621022894169895,2.8903063580558648,-2.3999132333453708,2.5426330498702536,3.688874533262339,-9.503477317364002,2.760960236694639,-0.3347457009197006,0.0662279919119456,1.8516548120346115,-3.1614127011783753,4.81999684574485,1.1747042836452883,-5.091048520982454,5.941708031760743,0.9805247256575567,1.0263228191101752,2.852999213695675,-2.176
20697,-1.20588888032108,-1.9567529865560522,0.9745601804735272,-1.0602292186160271,1.8678421928689293,-2.110255713236919,3.8480424783544485,-1.2899579625450366,1.269280259619367,3.163125984217186,0.8785805143564461,3.4388010369217086,0.13106838189838066,-1.2942303829936344,3.0420161280836178,0.9816878560765887,-2.781103443068113,0.224127974620235,4.976746630131169,-0.06504215470671879,-3.0187242754122003,-1.391070720024393,2.174760974931242,-3.3328976782221815,0.3466542499045852,-1.4209114558364944,-0.21852363374708328,0.17904858397075674,0.39999319267113514,2.5876059229694266,0.4464050528274355,2.127111729600699,0.19295239511108603,2.6462663666410196,0.46577225077173634,-1.6490067814410543,2.1750315051870164,0.30079080019769655,1.1166647609447478,-2.235403049460742,-0.6727723220135758,3.1125626035935334,-0.2704432958022693,-1.1956508167153987,0.7500347983829755,-0.2664212246983335,-2.806616499644841,0.6707776520176177,-2.1529047778558876,-3.653078730180883,-0.4207456434235693,2.247861023744384,3.6391541660940123,0.924625462780274,-1.7733655423452046,-1.2222809132618127,-3.3004579942994505,1.143866791786851,2.4362250770277556,-2.450743129088228,74.048
20698,0.3531142922976107,0.7658100982192502,-1.609041568606869,0.5151817632146392,-0.11944160055737818,0.007019291811059286,-1.0039788739778217,0.07953860150894808,-1.1470374665628285,0.5594594196294929,0.059760765484631106,1.688741169852048,0.9570419992563459,0.3421103718402669,-0.3482389797002174,-0.38751063417620085,-3.0162011883904736,-0.46990066544485426,1.3087626260377256,0.3624165295487637,0.8067299635550189,0.27380850778145793,1.459248658386154,0.15979905999141006,0.12687871860060673,-1.52441644074774,-0.882486700488481,0.40395846195501833,0.6710611380436562,2.244034514820704,-1.2642080114527974,-1.5419597738422135,0.1699855418202344,0.46400424424710657,0.21170436249433283,-1.321573667436789,-0.8279119877584655,-0.6384330180081277,0.1176763452322118,-1.3499848340623466,-1.3607583114507997,-0.1711881914184411,-0.11566941592588882,1.2155161884447072,-0.863951634909756,-0.5909293737729276,2.2015120030009703,0.6959135732954028,1.0510852024210235,-1.992592039816108,0.37313953638217157,0.3808796924509815,-1.1314721608535947,-0.17726349655131043,-0.1567698779933201,1.017358467025377,1.435793070132821,0.7331471380056898,2.1534663994400938,1.5950942657673575,89.008
20699,-0.8885272353086459,1.9928749450069192,-2.395585334351144,2.5202038283509904,-1.4909215396815758,0.8158802068980411,-3.617947217990216,3.150983168362438,-1.4698686220861632,-4.355243992946313,1.1254798079578638,-2.8188478956128407,0.8942286026071442,1.3947691857811424,-0.2200732211758904,0.7117875666348943,2.783337410105424,-4.480728723077896,-4.8742965853310425,-1.688698103173181,0.8762481044670327,1.450949059600752,-1.2509888722771911,0.7260103937316535,-1.3662415856006285,2.391102746764318,0.10299103558714222,-1.1104757740847575,-2.146971643987525,1.1238284242212992,1.899219215895048,2.029048204209878,-0.6254870602435962,2.7755621195811955,-2.4373359811361506,3.249525034931332,-0.20214094142620126,-0.7110206564189399,-2.2894662230613534,1.2045614486697989,3.961423167302852,0.1154435497963838,-2.966896679586426,-0.526014827402989,-0.7812971920904545,-2.3357729758398507,2.6318875695478563,-4.9179007710373,2.521999204520188,2.0626779625456946,0.555783474499749,1.5151686492770011,-2.4786742509135626,4.928374307751666,1.7091144369014966,-1.8917421150989466,3.8182642708142147,2.012035540469337,-2.139752039686522,6.675594440210211,59.122
20700,0.24857825505107434,2.1634752856819004,-0.6933434310989764,1.6276186505424657,-0.08230949787343322,-1.2661567545006087,0.5225682267532515,0.781546540694509,-0.8756993816443277,-2.0991291574511135,0.7507334266773309,-3.734922956834197,1.3511389126320468,-1.0683488969943145,-0.8608918464826644,0.6949258964529039,-2.087755626038269,-1.9331965571255934,-1.3408556123364475,-0.42070499447477916,0.17725100678264247,-1.437237816236307,1.2786905830073618,1.8960696987517565,0.021374020710915403,1.049449769583531,-0.9434506605635908,0.6921213129752877,-1.5000609602355384,-0.7638799709466563,2.3821465665772985,2.527193937804392,-1.519635642725797,4.594064307924707,-0.9662756190385483,1.9538354602826713,-0.29448687221861114,-1.3560973821413507,0.35146432311093034,-0.11726565803174167,2.1735861350878745,0.9519634908194751,1.6154354996533011,-2.5206748282134814,1.027959190323774,-4.63504107446268,-0.8238086320398863,0.3125341943912807,-0.13605815096498539,0.14007420838087345,-0.7190631991181535,0.34773472553624596,-0.48023635332725023,3.8395565091405954,-0.17252510786009762,0.1762545910639454,-0.8682789953561177,2.957167504488693,-1.926780811195176,4.2603543355874205,99.88
20701,2.067768810906574,2.895019270151034,0.22762745619441063,1.6888704450089937,-2.9435776058795255,2.4000765422536885,-2.5203741420175056,-0.4925500609920924,-1.6922306751824572,-3.6451637212031396,-2.0556889004381573,-1.6689268378729736,2.3766454538949495,2.696886888508523,-2.8779318362614066,-1.4014558709138032,-0.4771033891038597,-0.1154932626271532,-4.2928954986133885,-0.007492054901524436,3.0837640458391844,1.7274192825337655,-0.40358153181152756,4.576755834792549,2.2905424048317613,-1.2271049943856818,-0.30097953590851795,0.025529714150504118,2.0579706768879134,-2.8991344786721385,-1.3760878141299213,-2.4935307326916827,-0.06257349099331497,-1.7731894106580126,-1.6243783403898067,0.7082800246594206,-3.3221197821445014,0.6931529767674013,-1.0367978334337038,-1.4671502694233793,-0.04264615437399668,-4.5365214147892505,2.6641229227817447,1.2357691514257823,0.576500080261408,0.4523019486894727,2.55161275055279,1.087982564554085,2.672680390103671,0.8600866816431078,-1.4352098287847206,-5.106761813299887,-3.2678572667766073,-1.9659415786068226,1.212315602272363,1.465838601204348,2.7572752302154733,-1.602568912858959,-0.1997228591316683,-0.012162155921010609,115.188
20702,2.6785305706189,1.283948456052611,-0.1885100090756743,-0.918590746270314,1.6273436452287675,0.08372417177822905,-0.08746530155877422,-1.8303250414977978,2.516932912209547,2.663242621727908,0.08719169648936023,-2.0116939568042973,-1.2524400202786345,-1.2469559038093596,-0.617195264230563,0.13405573248197283,2.476060272551499,0.7145207808473721,2.376586709675867,0.4721528210271045,3.122419471964503,-1.1770100011504483,1.39023369451328,1.6337886032760056,-4.708609480829879,-0.049864230094916445,-1.9629259540049622,-1.152571412919319,-1.643659858494623,-2.3688221294187617,-2.951611486727299,-1.7281777267044092,0.029954861406912003,-2.2684463324468793,1.5771872526863826,-0.6825391827972276,0.3914892373708172,-0.7270295380709133,-1.8745567889936803,4.146835763114123,-3.79828364208152,0.3935435604237564,-0.6334350714577422,-0.21262166507301078,-0.20778200358794655,0.575555255550708,0.9071621170131419,-1.0388306973332089,-0.06205381557841211,1.108547058354619,2.2512932343165906,2.1219757851802936,1.6534412793503184,-0.699571893442348,1.4384803242544009,0.8955647216268159,1.1059342995599595,-1.5644994549105495,-0.7761921778812454,1.6210641412973148,77.596
20703,1.7213455984030788,1.5069094542017853,-1.5294844951704731,0.5453410135929037,-0.7519868615402394,1.8443286953153222,-2.593832354812325,0.09357908083245339,0.4415369267213087,0.03919221833119589,-0.7668949400349938,0.7096326409820217,-0.23962754610152834,1.7341747504443101,-0.6975689229973642,-0.6594398534040313,3.200444231777583,-0.9652732960936837,-1.5368417322749444,-0.43650241936203743,3.2754312284602687,1.862973022277608,-0.5106075796173714,2.0743863369819686,-2.778793295076829,-0.6245150098452623,-0.3547659178882461,-1.8564690505357797,-0.3073533264617208,-0.16735526149487662,-3.141421122356408,-2.8717606194418215,0.581335712760636,-2.983856353458166,-0.21276346730656917,-0.04905369957909901,-0.7999801349395478,0.4611354674212083,-3.006776896254557,1.5658270600038822,-1.776163781026541,-1.4337619988293755,-2.2611956976902823,2.259594408772661,-1.1335601045765658,2.4793896284192605,3.6907695451708524,-2.8961260787472707,2.7610766196058596,1.2415700868519577,1.4022684433197732,-0.1154701144282091,-1.2166546815082004,-1.1407452458541187,2.4456735467661117,0.019074888269080825,3.726295555690528,-1.862557043970044,0.2600839380686724,2.0274208242766787,67.111
20704,-1.8125685937773435,0.34005074650101447,-2.4741214513729535,1.0936933568638323,0.3120897815716908,-1.0945491333311324,-1.0656571502595191,2.0077795913562864,-1.4340979906825284,0.2687384801301972,1.9419146731791486,1.3518940675043067,0.1466862371297496,-0.48517900259199265,0.9073665608524702,1.1536024234796975,-3.8496300383308104,-2.2270958595048542,0.8633494856121889,0.05409586527018946,-1.2985851726639697,-0.4598856990596637,0.7763237272465271,-1.9533029468126513,1.129212782419281,0.19030035275857043,-0.6069188596737549,1.273460300932264,-1.0462190563658247,4.696273795146789,1.3064229478836715,1.620539244154731,0.12106570687009924,4.226924636767216,0.09760722971254862,0.36175413748256324,0.7027774004567542,-1.500713339567498,1.3881699328692754,-2.058786205461395,1.6315689487404161,2.1268638283413535,-1.4047359895631042,0.2991398291269406,-1.5383190068559256,-3.3585762231004073,1.124255733257936,-0.048771068568933346,0.3703870123215796,-1.8153226907936666,-0.1535328481154154,3.285220375585296,-0.37506200504231635,3.222387665521131,-0.8303243160422652,-0.45404709075339944,0.6844332282608571,3.5764232904702222,2.036814465670752,3.765304822843417,68.715
20705,-1.3733227551331835,-0.3160067308287531,1.124344049071952,1.0793618962198006,-0.7552776684869922,-0.2529079309181024,0.704835261787609,1.0272595926268429,0.36739060123340095,-1.9372648677475057,0.32486751517243684,-0.9017490971474824,0.6826367704750758,0.5207281557616803,1.7508040604508002,0.8455142058519891,1.6785781154370198,-2.4816958931262945,-2.3105017402602295,-1.3479135466512022,-1.5785433248999086,0.44290572184468385,-0.4300527669541102,-0.5368351484527109,-0.33687607460546176,0.9414429430635007,0.4529195429679297,-1.069020479186621,-0.5175820668516695,0.4741506978586576,2.12484145716791,3.2139619170522575,-1.3973552774241111,2.9263912637165266,-1.5164780763997108,1.7175631432084195,1.2806153703369743,0.7430607267254394,-1.4222930458993281,-0.7963065267342242,3.6187537537131735,1.0101599862807482,-1.4729951882414931,-1.9266140651034434,0.9676621138048407,-1.05986994948587,-0.7283861914285565,-3.046449902272511,-0.32710928688359886,0.05264559606514663,0.036290544475732434,0.1921940002672124,0.26500276222089114,3.294585042218752,0.051151944376513686,-2.228719780578036,-0.4118973457671406,0.9533056376259412,-1.2663189874016607,0.9999975542512036,69.057
20706,-3.376211056904894,-2.3531117059911395,2.7688656179517475,0.012758003610450706,-2.0124825400980466,0.8243233925537885,1.2668388112701447,0.8048871905993151,-1.4483848689638437,-3.1052236915126277,-1.1583671354499918,2.0884659791817786,0.46472061357041117,1.6881785059142755,1.3095001414801377,-0.31861733118119284,0.31090804955709855,0.7011922952958807,-3.0710885019742813,-1.0553946704526138,-4.517023065448559,1.531016345626887,-3.1214683577133893,-1.9871873777148972,5.2839961023907485,0.41831272895106253,3.4249787966573124,0.6811903773516984,2.60587257583374,-0.011119973495953839,3.19400204873289,2.159759475723837,-0.0927947883040309,-0.07827769401897058,-1.8517480626648615,0.8067939934403255,-0.02608840635413498,1.8735621523513213,1.770183334021963,-3.2472261781102794,3.7268262616120538,-1.4871114773310876,0.3669581481551015,-0.5180804240442729,0.7005973430736816,1.5903329084798603,-2.9720988273961093,1.1139730188463317,-1.0067526856936715,0.4337480957979289,-1.9926572547996588,-3.751912125925853,-1.270781552717353,-0.5060929210002573,-1.4271092461328707,-1.3973991947129154,-1.9606793077076512,-0.9193233072993252,-0.7530653131662077,-5.239313194766415,45.748
20707,2.09088122773776,0.8919324714113528,-0.7533241623763286,-0.5965871206173556,3.613213178968926,-3.116874174529319,1.9808022872089992,-0.790086575383782,1.119694139421948,2.69563324261057,1.7505786496676117,-5.750940486396457,-0.5744014497014523,-5.035427662638729,-1.4162087997158985,0.8847656859239427,-2.184422605590987,2.117380634370846,4.205766913909485,1.8879210853272512,1.0206601688074213,-5.071617484957713,2.1592521816272763,1.0652842975678196,-2.2959989161726884,1.8206319393925212,-2.4640440505932033,1.9602718451752534,-3.7036739408639474,-2.6670524693027975,1.071417269044101,1.2398256154251364,-0.5112682963487684,2.2910220897785782,2.4722638699469526,-0.23648950943998376,0.21878094430796302,-2.5632030352102606,2.388108420572351,4.24862658192604,-1.8744028481319528,2.5100878565829285,3.633860694280333,-3.4646631717414715,0.6998614247602896,-5.128362267527004,-2.3238451674630722,2.7294382409248072,-2.1516941959483513,1.1106267326237562,1.1464373965895285,3.3278427218047453,3.275521109847827,1.7766860101912512,-0.5018295923791117,1.396723849141653,-3.6811166512274567,2.3840889223019404,-2.1991869986070194,2.9230662074441596,84.899
20708,-2.6603851390429747,-0.6045542225515059,-2.3386835982659555,1.1326411801590495,-1.4267417369956437,0.8605179798671102,-2.5862176768691847,3.2722743740590854,-2.1363731013832075,-2.5094120348544533,1.4125583730021813,0.6523964507674428,-0.17442079480578077,0.8330706752674445,0.3816187893251239,0.3558054364391538,0.3522653958690309,-2.2380109705182036,-3.2600830938578342,-0.9673997428409371,-1.9176746120311015,1.3226962532568827,-2.2690406299765704,-2.063687971864793,1.4741948341420117,1.4241680625037094,1.2474405091568828,0.4831315118234185,-0.07146336465251169,3.221251404403387,2.3049086044178524,1.5639514340989717,-0.13631600462106616,2.0190190788480975,-1.327929046126259,1.4841882750732247,0.35515974866676625,-1.0660379114346132,0.7320001979125011,-0.7735299043207596,3.8435073797530985,0.2284632264072617,-2.8208193436826328,0.91065666586435,-1.56321738023333,-1.3178038641953058,1.3909735435367503,-1.6933353669053117,1.14718282233473,0.7544991467559288,-0.14957416279724567,0.8194490557023271,-2.346459056069739,2.7222696264146795,-0.33260276041754544,-1.226683718826774,2.5068018888726664,1.8985337742821555,-0.029540180692806846,2.5174222873065304,35.409
20709,-0.8763520383102439,-1.6942379683798892,-0.05986419562868629,-0.29114381394942535,-0.10962764971558697,0.4517829075144776,0.49314721357919744,-0.10446897703426598,0.4732646984652084,1.4786558251671897,0.05326424901401889,4.9801917331186525,-0.616557134470571,1.0800784131993453,2.454127715439296,0.11753289680147076,0.8716810186546391,-1.2033370591022274,1.2449923221451484,-0.9321917559706703,-0.8329388455248766,1.7812649120887203,0.1477230184668388,-2.339516927367392,-0.9077112778543724,-1.6603175374145838,0.11815400347624203,-1.349908831847426,0.5135827320353019,3.347676255941631,-1.6890657129577167,-0.28252110450729573,0.518209260627515,-0.88190169060232,0.16812216613554168,-1.1316495864436993,1.4405481636240922,0.8256593343709925,-1.3178073452633645,-1.3565707870514663,-0.977553600674214,0.8353790888395083,-3.608974993411173,1.8598993505633903,-1.2605658347855315,2.9384882567447166,1.2434930079937563,-2.3518610015877726,0.33958032286575085,-2.1758151536080947,0.5017065025613094,1.8060730917958663,0.6744921899837453,0.033289516352278614,0.37487585640493915,-1.2071910607979641,1.1823437396414154,-0.7304762404625679,2.262317346697347,-1.1582438121316496,55.869
20710,-2.138434970194691,-2.310090921544297,0.1353955493283291,-0.553583988893203,-0.8451561628177839,1.5819378794633248,-0.32609804693171723,1.5794742758991875,0.9045218232668106,0.24160231010173816,-0.1908374882110592,3.9122462217569143,-1.7401989722489541,2.1436707897056753,3.254542081098899,0.08114857151416091,4.537877393771414,-2.354229117227767,-0.6245636838098741,-1.3491655265947768,-2.172119746692289,2.5858548356820634,-1.9144848513840307,-3.9023833556697327,-1.6820187529816564,0.294698588237736,1.2135940615688239,-2.4060198949546194,-0.06220340412175305,2.6988372763777555,-0.21552661815583338,1.1201639361563218,0.22161023793507784,-1.158918026604551,-1.0307759209793772,0.42069919697259706,2.1343885450593123,1.4961608445631858,-2.4360028157219955,-0.5568357529175416,1.6738455906746488,0.30560641708432307,-5.2852577227304245,1.1569828050988153,-0.6014574937439308,3.938195249485855,0.6789927986658657,-5.036627352552787,0.26927258784110497,0.13097330208796243,0.9255820821532054,1.774699424731866,0.5432359274400923,0.6331268072170884,0.68113229545464,-2.6899998300142656,1.4970797932825823,-1.194452475391723,0.6713094568870515,-1.764851684894367,18.037
20711,-2.2560184943852,-1.0852009022272138,1.2479585950774488,0.88762440092175,-2.725458829504137,2.707478824086722,-2.0750853876340996,2.620532738759701,-0.3764133181488354,-4.908834637564719,-1.0144768868169702,-0.03863074836656358,-0.6734161076505039,3.364382636564023,1.3973842775416752,-0.2954581448191344,7.505068942150405,-2.810114230369901,-7.035552301900324,-2.559465834217593,-2.184055274748273,3.3258074117770406,-4.662889427683657,-0.9210354744751723,0.2752858379046145,2.5631040561473735,3.085604867250515,-2.736414073977308,-0.03173102883684774,-1.3589478641902135,2.4899020289170246,2.5553910894027405,-0.98239168056101,-1.4422448617516272,-3.603232856736915,4.097598312907616,0.6009198806817304,2.13162383956369,-2.861101782924083,0.797411427899988,5.458539281246585,-2.3100051484061606,-3.95917281074688,0.025095924886357174,0.5131448541442394,2.9437634845681426,-0.03920036530781805,-5.181025788294712,1.4461163007239928,3.598119787603537,-0.13413907016298776,-2.159148195550764,-2.5242573068763905,1.5440553176007281,1.4169598009213504,-2.9117413127738176,1.5956765721662636,-1.4815829074936777,-3.7107205730046178,-0.8075621155268549,19.646
20712,0.34956995302268806,2.8834043824520377,-3.7586804887940133,2.5252044040021113,-0.6226569962497854,0.6585801759657066,-3.297121441427267,2.1193291516271295,-0.38264935539465983,-0.46763185492785897,1.6382779994358165,0.6765648445154951,1.2221592746337977,1.5297481782536217,0.7910408208578696,0.38802756525198767,0.1690171647148196,-6.0462835717250005,-1.1974364642721849,-1.4346713849413664,3.575749006187244,1.9750635183018126,2.2973613521156193,0.9693882349085549,-3.9452126404055683,-0.722321403428404,-2.465603285900628,-1.853326910035917,-1.9969497952508815,4.461853476032031,-1.9331584607864336,-0.4794951491996594,-0.30757111281353794,2.171251233307955,-1.3156599404393774,0.4829843502442434,0.27721748947694297,-0.9012135692311998,-4.196537795000044,-0.13520558312524192,0.8096618500210802,1.0709767627653812,-5.170759470210721,1.619390996348827,-2.104890871907202,-1.148761995588215,5.736381507113252,-5.998497132173928,3.724451954241395,-0.9931210271837485,1.2938968872545695,3.264844538209634,-1.6908863387829647,4.415993337184635,2.49192978823822,-0.908945785621434,5.6494402381123505,2.037448845630871,1.684657838096366,8.556285912553065,80.821
20713,-3.3671476055472493,0.09011945448119374,-0.1613402057277269,2.242190670201946,-4.1360984912008325,2.6057676458964596,-2.251909185501338,2.3716036656265436,-3.068890571597566,-5.268042142627826,-0.5709638686165637,4.242811638349131,2.321848791343126,4.561965989720767,2.1369372305999947,-0.4108612621335337,-0.22339946497327104,-4.176632462105456,-5.585225112300715,-2.508644505611889,-2.3160301606825455,4.319811304900831,-2.218281508003473,-1.5026965831266053,3.919215942816554,-1.2488865313391215,2.3570069488550223,-0.8738178227062335,3.1271604657602965,4.264179258617856,1.821210297853581,1.7639271624735013,-0.6789576616056356,2.0098720025495305,-3.4512142301677002,1.7945776681154215,-0.31176411911083923,1.8105070302392043,-1.508779183543993,-6.208225230428848,5.39399990981901,-1.7946950397037977,-3.0762047571090334,1.7099054237926956,-0.48162240865120065,0.9551560730773903,2.0725496092250673,-3.282295897715818,2.1707826096562783,-1.4148581950805936,-1.9334573142154174,-3.1416938734345963,-3.479915332026072,2.270823197616755,0.15671469014936248,-2.3163022688560457,3.2863005862593067,1.0850806879910433,1.6199558756153767,0.1673418815836541,64.626
20714,-0.2338503964067359,-0.004844531755604568,1.2022046828860211,-0.05700504401280154,-1.5970908796997139,0.9591638929819448,-0.3368968349820963,-0.46539810046012375,-0.905295513354164,-1.7757728977362726,-1.28398405456864,-0.7715403872264297,0.68688287275952,0.27523555808837485,-1.5573880896932657,-0.6015962216324441,-0.325453107849352,1.9148216090261452,-2.277366164644103,0.010417469279336011,-0.057052407655603266,0.6010396579577223,-1.4965978691655943,1.3991997407054253,3.139708456941511,-0.3984074320926695,1.2596236505994272,0.8386820372833544,1.9330034722507772,-2.2185930167777643,0.6282201092896269,-1.2604039224012267,0.3837649524769784,-1.8680608220727728,-0.35189524693683527,-0.23397357219008222,-1.6384480607320622,0.7251510816649721,1.3328273294539676,-0.9308348536850231,0.05941588385920052,-2.4813409132769264,2.4375845559155973,0.4964333027735419,0.9570450259397395,1.075663209483214,-1.0362575549066173,2.859055286801777,-0.07779063243837236,1.2758049101019895,-1.1886941375531577,-3.8518598217283926,-1.7248509173470272,-2.5499906315279555,-0.6949636425612511,1.0427290199701504,-0.3931414270226154,-1.260802930424556,-0.7580509084704334,-2.939120913650866,73.924
20715,0.4958953851639818,-2.8926540120998165,4.4155314080644565,-2.5330731276986707,3.6889088552948093,-3.2361508465543656,6.439960674548854,-3.056393164320006,4.145162924443513,3.5882191794164697,-0.26893912621406774,0.18156417289843274,-0.9820241263565493,-2.5400493986397765,3.481153430744363,0.8790104363118191,2.2616926505407067,1.5507993385077017,5.2692625747727195,-0.4479281723907892,-2.4478738630095567,-2.417365716095841,1.1915094354486324,-1.5754749333906004,-2.7524135264790432,0.38729314886829386,0.0793479327294035,-1.2013395387987442,-1.5133462810258982,-2.9005979495680605,1.3040340139082416,3.642122136327033,-1.1888319237876082,1.1697016033839926,0.06559170045693552,-0.9284858409769289,3.7055367836386903,1.6289782003080941,-0.5096627444400772,1.4035784383340777,-1.2827284792877078,3.326579515861294,0.25663404530392986,-4.165391978423168,3.168202384612283,1.11406649005702,-6.25999982210311,-0.8187307042564785,-4.2219728846359486,-0.8792909465451215,0.28102895236189407,1.5966494036294225,5.9455439065195765,0.7857565798363135,-1.4874275170158466,-1.8524199352150041,-6.74090351000261,-1.010458606723182,-1.5495965882943439,-4.9785797297732195,73.271
20716,-3.280655484150078,-1.5315729566967602,-0.6840349932948336,-0.06134937853782534,-0.7555438462959532,0.013936135461816046,-0.45865475318763227,2.1082232704207797,-3.4942395618684396,-1.2150710292577491,0.8021111697356862,1.3300814396226077,-0.36727032654306535,-0.20762215012854124,-0.7491574280777756,0.19458541817300973,-4.056295723089378,1.5353356168929446,-1.1019035299038906,0.5660276894088181,-4.06720777061684,-0.4926681677583671,-2.0395516931273496,-2.932050043009498,5.624539545949925,0.710651058759805,2.2225767356065056,2.9457041639344763,1.8967367225243317,2.497658969560519,3.2328481164325145,0.5798481304151499,1.0256667420120833,1.5071430327287558,0.6016454750460974,0.05562600983434576,-0.5501085131026089,-0.8708773989857774,4.304034622124621,-2.998242356089867,2.5188230655518833,-0.13673527633790358,1.9108805148754957,1.1336585642366324,-1.1144102243630394,-2.2378472657509287,-1.1605313308755691,3.86690432154252,-0.9539148530158288,-0.4096263309520421,-1.877642788196717,-1.0557957417921144,-1.885415034235024,-0.4646602060746028,-2.6444712987656507,0.5166317364428827,-1.2792006837208785,1.676339927712577,0.9826337976217205,-2.0410218417340444,45.256
20717,1.8581524907264642,1.302121248198035,-2.431624102446608,-0.366175603824289,1.6568091026607068,-1.4352886809927945,0.38486248355737745,-1.01293187223461,0.38959750486002387,2.430969732469801,1.1582299198840291,-0.8824897788412855,-0.23998250526867765,-1.7029089709367315,-0.18741953681837475,0.2504891750860798,-2.8282226044671397,0.4272702143066136,3.5158246463311884,0.8211523385665374,2.2569718641964696,-1.5415202137406763,2.966366112549216,0.9695397367163819,-2.3886783844479798,-0.8800606742680387,-2.516175670834406,0.38915039757920505,-1.4417622489832276,1.1778853010566912,-1.9641006828185152,-1.1820965451530967,0.3936862542675413,1.0525912239866182,1.5364336122116207,-1.6046862978729846,-0.16159471712537649,-1.5242741306888434,-0.20339916593049073,1.1334830825361584,-2.8305910879947676,1.7682513775418376,0.3257424836826623,0.14456382775226653,-1.0514773401414914,-2.012187698978953,1.451107122597919,0.63740237245477,-0.11208668286551884,-1.598810506668244,1.150021978510764,3.229189838137517,1.2840353225445198,0.4807906487514647,0.5405374508849432,1.4498813798719672,-0.000927494446986532,1.1548827300616054,0.9887684492888599,3.218509101918991,100.072
20718,0.5656757116162667,1.130507378605643,-0.08104221374817282,0.9228710182970639,-2.3357815413495047,1.1147214917176116,-1.044410418601847,-0.34080025155131244,-3.435661582525928,-3.0353216121296085,-1.29126383188766,-0.8100584329865125,2.0861582569738406,0.6835024179541489,-3.9914629045528285,-1.6135417716371085,-6.535774779496565,3.3348940955434796,-1.9804618224478927,1.2345787912358896,0.6168215263285497,0.24374492091076544,-0.13771962985412006,2.4568784480252477,6.870917354028895,-2.027673559534185,1.1300740747162574,3.2720575727444903,4.1541621483607925,-0.5602314438956981,0.11210124888056099,-3.077748286113529,0.9118248798287485,-1.0407009851433173,0.08799801084026587,-1.3996680370943335,-4.259475829338715,-0.4181453300085097,4.7429741635947735,-4.03814090151749,-0.6229155958774591,-3.8304470558130115,5.941435201718118,1.9233376213568762,-0.7762356613917852,-1.1956470559909518,0.5981095458847713,7.302877693709971,1.084518992658006,-0.7651193979049584,-2.6868911246620035,-5.830772096269839,-3.6781536846079295,-3.92409512038921,-1.5417849545603775,3.694328798271548,0.4124401506613982,0.46407953288195425,2.217677991848699,-2.7344811747273656,112.236
20719,3.933267077237321,-0.6364730779516807,5.128542197955687,-2.1196283524104063,1.341574766194931,-0.4168472189304968,3.984726940596338,-4.884947422482243,4.186881138135522,2.611530143441624,-2.7599331519714005,-0.505748836109846,-0.8287363983957118,0.04532672248966803,0.7059887070052991,-0.24776578726359594,4.838044525930118,3.392039015168244,2.483612547603317,0.04304487773346061,1.7321957985997112,-0.35010619564316947,0.9930823369371206,2.3775064840010125,-2.924683285288691,-0.7535020313185382,-0.32063968549056193,-1.9752307082026583,0.2588847212224036,-6.504010654959714,-2.5496298994843762,-1.2357479457296225,-0.8094627253841247,-4.483126204013242,0.23525551276286735,-1.0439523349147033,1.0509655670349252,2.948593392823577,-2.730352377665233,3.0381026854934494,-3.8834146470606212,-0.8583781780276628,1.9414615561505997,-2.0698762894031684,3.551694147994042,4.522110365243246,-3.4553614887859343,-0.30732358207960403,-2.045546140102352,0.7437116727172318,0.7623085615222356,-2.4887692747326087,3.475066182742517,-3.476214180836712,0.639529641524612,-0.1843192399269757,-3.640611316330101,-4.784927773439539,-2.0294462090608425,-5.979253158042018,89.578
20720,-2.43202465116118,-0.11501909936546716,-2.2524210941587395,0.973801461189401,-0.30747640342989224,-0.2637714590852285,-2.067570184235326,2.9906375389656237,-2.5814917957600994,-2.7982308346133573,1.9183197022773508,-2.777251003651004,-0.2780320858545331,-0.9526393088500456,-1.380700574254614,0.3772033875588334,-1.4008006877619468,-0.42314548998443685,-3.1168100435016792,0.08334499217555791,-1.9136107097679718,-0.8174584972642861,-2.426552884778258,-0.8438045961959395,2.0885574356960843,2.520334609599089,0.8441298356318453,1.7126934888663645,-1.1598067776009415,1.2812637951436858,3.484276467865954,2.1402859722407017,0.031698820115538734,2.6294214000346674,-0.3305076325426664,1.9688186300428427,-0.732109336464374,-1.6479800788910102,2.6657326931606824,0.23225411931281925,3.552498574957678,0.26704754242774653,0.4812578768946008,-0.6726530962513166,-1.221543681947738,-4.095602021500642,-0.11078379761753446,0.7902714876094078,0.19517818785329905,1.8062537755455659,-0.48011472489297335,0.5001181665829276,-2.061094552967562,2.8557247415673697,-0.7314958684178776,-0.0837842171189691,0.6134679391217276,2.5397576866170226,-1.7654954452144813,3.100929725813028,46.706
20721,0.2960373158008949,0.9490843610593007,2.192886998810549,0.7905701368131419,-0.7413081912339746,-0.3141246188483146,2.0744577862251043,-1.4318916437876283,0.16045023077957074,-2.425809536434825,-0.6194736564734644,0.10966928845304959,2.90073799149047,1.1008294329424992,0.8774830391796113,0.5228367410124016,-2.3044818578625073,-1.6269951263496287,-0.1279100989605398,-1.0559939213680472,-0.27126734769174454,0.4554011228602002,1.7968084450238555,1.5852093972332677,1.8927182357366061,-1.6361859204492284,0.06193934968130477,-0.09573911925940395,1.4279565804656795,-1.2954391847184237,1.2564882940652493,2.1949059089488387,-1.515386117451895,3.1073581728097155,-2.0432548932432284,0.24534529540487252,-0.09683259972988197,1.0974440260990106,-0.6258399305497343,-3.310588859996594,1.4037769557707087,0.07184303575850975,1.821539296564864,-2.097782800787395,2.4387759223128844,-1.0464475471452799,-1.1812401949684759,0.2936573501394916,-0.3123677490543632,-2.188783630514908,-2.0251230636520514,-2.412838829378225,0.3337896202627086,1.9031209933805937,-0.85383294279976,-0.16796877905363775,-2.090135309982464,1.4857952925761444,0.3044399370437576,-0.9453140652338798,121.981
20722,5.407512085913931,0.41964762229921715,7.491892770404467,-1.4350567545439008,0.3872108104515708,0.14006730882888094,6.282776121426786,-7.041438300354707,6.104092561437032,2.0423275210523966,-4.488860050012428,0.8352130135126211,1.8309505762395673,2.0029665031233117,2.176724602250905,-0.2500219773144147,5.266563328739422,1.343873416765393,3.2882439398821393,-1.046627350048638,3.6681951201250924,0.838368378471769,3.309534350295086,5.369637847924624,-4.456387114056919,-3.5773306494725374,-1.295917779160406,-4.365539262747588,1.1311282916794452,-8.128293301569691,-4.498273244993792,-0.2934364235752607,-1.7838511306462823,-4.077034789047098,-1.6717764330687674,-2.0119269885245683,0.9766473538596616,4.397613484227347,-5.988463740647838,0.8528015089166069,-4.882774174450313,-0.9747692695330714,2.099096048413644,-3.341447355355627,5.0934506986998835,6.4541877369054586,-3.042696870838285,-2.314237133131285,-1.8052684984625407,-2.11501919141999,0.0330215545815316,-4.63959617587016,4.671305880090591,-3.149775167974203,1.25178625587703,-0.6578941568186516,-4.660895443131038,-5.508393278661531,-1.2160376598462175,-6.891241160831167,149.374
20723,4.5235175372547936,-0.02514973604259789,2.4126719451334973,-1.6634847056333129,0.9294649952300437,1.4233949877157368,2.127495564961733,-4.8138745280388315,3.6558374347984546,4.354627208484638,-2.879822809214156,3.157008959497639,-0.37162035339722005,1.6615444227318565,-0.011776515632003826,-1.0507441565936728,2.352962831207921,2.8304734070499515,4.298959998914503,0.5242370193887598,4.412949857054883,1.0637662033538509,2.5268970964755364,2.2997302495781193,-3.4071589692497133,-3.5218223426546285,-1.4124238168682912,-2.136863860084994,1.5182237846973734,-2.676073573033272,-6.65771040383889,-4.816740558636864,0.8003042660484702,-6.477269687558449,1.4995613086572313,-3.4992422165690513,0.08643366668961197,1.9976287171235851,-3.2896014809520993,0.9990260398058213,-7.042114949359927,-1.5370946429050527,0.06823183982928033,1.9552659860997599,0.9671570265657418,6.6796028250691135,0.9744830113785011,-0.09699365314528496,0.0661204490637807,-1.7579629909985088,1.5138868707009427,-1.4569157401610189,2.4813499940709334,-5.980688272125016,1.3332316561959716,1.2816243974952855,-0.12853746536597668,-5.260779462283116,2.072619644520477,-4.777954853688977,100.655
20724,0.08409765682174734,2.3609013598423436,-2.25845593666057,1.6877942533309576,-0.729172007047393,0.5146249581569841,-2.0900510419640774,1.6586045935744713,-1.9438868970530698,-1.994258257765593,1.2411017515314007,-2.1972280854034607,1.0911560646062848,0.35879192097675167,-1.70704470724616,0.2680916195744804,-2.276780603549144,-1.5477045238614253,-2.23340631145747,0.4917641371936852,1.1691935078538451,-0.22768402383368416,0.07564631571829541,0.9403581774141958,0.826226611067843,0.35510392794472756,-0.7314097056987874,0.961389753056413,-0.39224642394018006,1.1578233704461705,1.117850483407082,0.2782972058840319,-0.3872618679336445,2.166794559094701,-0.5938989979828522,1.1497182133188208,-1.3465010165247504,-1.8315995231177506,0.576964508857565,-0.7417760188822705,1.5877818818564184,-0.07750101165733897,0.07457363016204643,0.3628873735716174,-1.0896001075823702,-3.078035128409925,2.0859582719639076,0.23613237068800172,1.5559229450665202,0.09914318500978961,-0.6237650985779654,0.43180348789813516,-2.201700489678331,2.576113714898283,0.45126540125452397,0.5439837212546735,2.060238125746675,2.402197794643845,0.13585415258695566,4.408137810924001,87.57
20725,3.296646583004749,1.2672893265966763,5.760785773950264,-0.8073299480896406,-0.4387021212699148,0.36611577550399155,3.140967445246491,-3.793735703357359,2.316985715521736,-2.6610122494286244,-3.111546849444709,-6.370281602765222,1.4363158440257353,0.1867362282314267,-1.6339865377660605,-0.33051955603866,4.840520929993908,2.4628231725304675,-2.8367230686009264,-0.23754322556871973,1.5757938770658169,-0.4739707507324971,-0.6020327210761837,5.069173505697536,-0.5092734421751142,1.3562067446900963,0.7659968929848436,-0.9092811518369979,0.20542625577256274,-10.00494411506923,1.149288625209211,1.188325613158043,-2.393340846272019,-1.7724432985057872,-1.6871608323419358,2.0497374156040267,-0.822774026625133,2.4326959290800767,-1.6303335625204987,2.50507011249283,0.057446986664197945,-3.4175427256637505,5.007443140324646,-4.5859912557463645,4.796849463097954,0.9795870580680962,-4.539603250304089,0.9322141127348879,-2.0663183408204095,3.4715860072244307,-1.1258658474429617,-6.067823074463141,1.0742333890851357,-1.4649055279235021,0.3825434316295499,0.11474201952654878,-4.355979267668744,-3.2389772410812956,-5.129546883524485,-4.33579284419673,117.141
20726,-1.4462497731265775,-1.257235291640913,-1.847520580681204,-0.9098244746736632,0.6922174624645123,-0.017476467704845226,-1.6890929179388352,2.153081346390259,-0.7321916442277826,-0.135663435020492,1.249591670891586,-1.8725619152267685,-2.7954175903906107,-1.2725750335222328,-0.9427675718563668,0.35332436202401873,2.4953400993786605,0.5370012896061434,-1.5556859106215852,0.4439784484841948,-1.6832409234337056,-0.7557841536821317,-3.0250922317857407,-2.3295149510297226,-0.3207307065811964,3.1234631824916725,0.9394660984713976,0.716040147796285,-2.110020100927611,0.529149880988081,2.122533571009744,0.6600811484122713,0.3868668947570816,-0.4956201261427284,1.0776733419135134,1.5179397663557304,0.47438698852692257,-0.9177017593293744,1.1593750562028362,3.367293617693408,1.3617734690288772,0.17170238825331424,-1.5776631940390324,0.4353968488145648,-1.3194605800378902,-0.7979296426443978,-0.5900314126593642,-0.33980777296358594,-0.3463853275890896,3.8067151863269517,1.1068928962814708,2.478560046920458,-0.43906782027197877,0.2490032009815186,-0.1476357440424434,-0.4050965260057343,0.5628907095729488,0.042477042876219326,-2.0697914645625413,1.0450665399038166,12.917
20727,-4.637118976570687,0.23105180937999797,-3.234729390593747,2.9825861654350954,-2.530740904627126,0.5641629399916788,-3.3297882328209423,4.9343463294277,-4.344207025040898,-4.7057849860625245,2.0172218667798862,1.9751369858437247,2.0144502644946596,1.524993094533063,1.1363131878707615,0.574804403435207,-3.516679936375625,-5.0111059480807345,-4.212094752769281,-1.95278013885675,-3.2440789306726674,2.150729682591796,-1.2229721345570423,-2.366488800959249,3.789418485784079,0.5619812846375374,1.077127028131768,1.1456041038047904,0.7050289208546605,6.3373501263659975,3.978608768548557,3.235596561705062,-0.08578646028170217,5.743708091209558,-2.503453374135985,2.2994356185521516,-0.2706267883096263,-0.9378487611908424,1.0880189435779237,-4.802779197037452,6.534111651091127,0.5462163876406955,-2.8331803890393434,0.953265327891969,-1.9279747366520528,-3.855768406887699,2.369645488160929,-2.088567784049625,2.237020767636987,-1.097709208846043,-1.658526533318168,0.7998600756401688,-3.4056400256391166,5.5485682051419785,-0.9370252300004929,-1.3633561664851213,3.1303925101160015,4.587446006751881,1.0764242359368854,5.101859917492038,52.817
20728,-0.15131984250921385,1.137588690470342,-3.1613583605322813,0.7901290576326075,-0.5771852866722867,0.9925407116744729,-3.6531588396535994,2.219876744242199,-0.5166103743048458,-1.1300277708700515,1.0141791452890074,-1.8394187895601772,-0.9231479521899386,0.5281679613247762,-1.0633476612443724,-0.0932130766403999,2.615782318724367,-1.9408573995715146,-2.5031447844695793,-0.2896017362277537,1.48421223701097,0.6995998233585059,-1.2408756368355913,0.29190325342440365,-1.7942261589357782,1.786394481627646,-0.5679456078348788,-0.7103510355077303,-1.7555502516155514,0.9284580647745119,-0.2611516547340556,-0.8336685527413846,0.1312332447014264,-0.274674965101972,-0.3454318331559722,1.5080334949493182,-0.40545662609124666,-1.0727248433735206,-1.5504254436029576,2.358309911212174,0.6631282889151402,-0.3678753742730144,-2.52515556597412,1.0795331627666447,-1.7504324021740683,-0.741424747389454,3.0681549946212434,-2.826819301074237,1.9762720080216791,2.6804857732125793,1.475402576141569,1.908292042230764,-2.1145271075269196,1.7333784339328209,1.8076945779431886,-0.28588777515213704,4.026275122018967,0.3871042823162164,-0.984526682829895,4.704480579671413,48.238
20729,2.1093921149329287,1.526103068535902,-2.9226681075230774,0.14717414422528308,0.7095929268012703,0.97758738934585,-1.6335905972483282,-1.2032727976894761,1.3142812853403036,3.687446900029937,0.23387245807903473,3.814353966194611,0.02198637209428514,0.6859660397420773,0.6606392838019042,-0.5645365866859259,-1.5409728267177982,-1.0927249714114196,3.679156639267725,0.33256526321614127,4.647638919752305,1.2218950125884986,3.2797732887193263,0.8110658630506753,-3.649871380830013,-3.0812635587067354,-3.142351436914001,-1.1824021524436297,-0.01242801902645944,3.45652192285742,-6.27204132613787,-4.499119880765984,1.2929068492544553,-2.545609349417824,1.593571581088846,-2.80532048162923,-0.03660007662871459,-0.4617135693403327,-2.7753971170293044,0.1847424653290477,-5.451374949310862,0.4238793792061652,-2.835125814971904,4.0366276529533724,-2.38652745869978,2.6771349748552407,5.168573282490855,-1.539089480094931,2.3101729564252818,-2.967829396173064,2.604415872656108,2.9049982789906044,0.580046628122499,-1.6231990622546324,1.8318939248977775,1.6630663968909114,4.126053070755972,-0.9418972966891598,4.405941271601006,3.1598698143064374,91.915
20730,2.0988961895340004,1.370976766317301,0.16325129269860775,-0.11421041077962996,-1.227869912099504,0.7110462818600156,-1.0950267860528884,-0.07788112616831955,-0.5531035852976949,-1.3809548713412456,-0.6118397257837669,-3.212859704075903,0.7352415291879257,-0.3772021334490002,-2.8551468341199966,-0.4262349601761676,-0.003292530778622571,1.665679145983768,-1.91137931548747,0.5768360893276536,2.02160956885988,-0.5160917071698022,-0.20779944447455434,2.61278333695852,0.786180244099097,0.6968160884933111,-0.3434174058459859,0.6361275753536216,0.491268664484116,-2.952263101846749,-0.16377756398202778,-1.5150171014005658,-0.3351598423636956,-1.4917555930765711,0.17423171352528843,0.6935087766724188,-2.1750425803615294,-0.5718655978003984,0.7472195619198883,1.3413997338688184,-0.3845464971768562,-2.107690052768638,2.6069085242537215,0.18239092321302075,0.23365508863346887,-0.7582552402710092,0.3726563195589432,2.102500372280724,0.8020099201705525,1.3944212293949663,-0.015980600119544164,-2.293629876670004,-2.1022849858002193,-1.4126332006641091,0.3104755079509115,1.3834573677538125,0.9824131036097103,-0.3716699473802516,-1.3924638567063083,0.4344518929959487,87.873
20731,3.3846652714261225,0.2829177732080738,1.733470933913619,-1.5301703302690397,3.3989277295310534,-2.211460256943494,3.28176188489421,-3.4176790472163057,3.0036339700469035,4.421937415411177,0.006243393021915223,-1.6905631951514903,-1.189859972078285,-2.507598608252211,0.4650046756403154,0.2723601525610717,0.797709022524134,1.4057080781011682,4.8933747215333545,0.8170075716524472,2.086663536652236,-2.4652087753028873,3.1975048292573476,1.768712129744372,-4.401120143324983,-0.49814194090499336,-2.9577314889549564,-0.9386013955310645,-2.24375372697711,-2.627457937690206,-2.5174496899435996,-0.34189222084386794,-0.09237166708377187,-0.7574909441183324,1.8036295351470242,-1.4696958204132458,1.6109725524999217,-0.010379659613182907,-1.544062814999762,3.283276090954051,-4.486968194808656,2.006032868710516,1.022423647468348,-2.1984110685018448,1.451797960327903,0.15420157549698804,-1.1623145942029653,-0.1990329614874404,-1.9894754912507626,-0.8276737710543585,1.5272687924116262,2.6950022784932193,4.1981866640843535,-0.2694886986875853,0.8055430084577431,0.19801036762158614,-2.951176816208335,-1.2422450275637962,-0.3092455257396696,0.2465304840444626,106.707
20732,1.326018491757292,0.1737881495833636,1.2614174204661825,-0.6151053759322754,0.3820065833738542,0.09199950995387139,0.6872017544605941,-0.7998716233543457,1.573957129744673,-0.058544472953828294,-0.4815135484918468,-2.2378956359862197,-0.4860824445948847,-0.1379355016003734,-0.3059963338040472,0.05327231509517659,3.2105194207277488,0.6098219381631207,-0.6773090989072087,0.02513508022774394,0.9010630440472173,-0.01046663057565847,-0.22449904231331108,1.2270933090264853,-1.8149037084626884,0.9173369596357663,-0.28767733243352384,-0.5366930900632887,-0.6868887366182101,-3.0200171333481394,0.0030876040890775586,0.31548941319771195,-0.8123577488436338,-1.166322530054735,-0.442017078845527,1.0103214795232502,0.14879049040162684,0.7629701407696161,-1.3438988597642227,2.1520193935486347,-0.35354529360481385,-0.4407108011903196,0.409922265916157,-1.5141969190946523,1.1659807616236602,0.557064589121503,-1.3300372639469689,-1.0405291114470232,-0.2727271660487758,1.7831639394431933,0.35470961549319163,-0.44508491832770397,0.9818810234404693,-0.2340287470312124,0.590553507871709,-0.4204717374842738,-0.7665119782892205,-1.4077474485330201,-2.5952561552154885,-0.2848546283252799,69.178
20733,0.7382352268441357,0.09987021886961481,-1.3328474208879144,-0.6712466566809048,1.5008307961155483,-0.893469845867454,0.07864127630769889,-0.2861891821092331,0.005533341053663231,2.9913752397156443,0.5480884139154137,0.2545340570765223,-0.8148058987279413,-1.6882789745025213,-0.7498199564078972,-0.19437933600322677,-2.3288309293567293,2.263967010070588,3.1792702570155145,1.3376977121497429,0.5694253643639198,-1.4458780945093808,1.1279052222535944,-0.5546190856344624,-0.16086907004247697,-0.5396519712773291,-0.926220720039998,0.9365741962305466,-0.047896137821773405,0.8436544758140507,-1.3120613810731185,-1.7231536610152227,1.1270661042578252,-0.7060703681834096,1.9864637686391644,-1.7629896217270173,-0.2768455013226917,-1.337933110161381,1.39770250079318,0.7979828751325532,-2.5953943949292446,1.0695497107512,0.7915643721545146,1.029332574924475,-1.23663419054483,-0.623863201033925,0.36656437951459475,2.4273201997592926,-0.5077788084705608,-1.0616359826410473,0.843961587502529,1.7872662676665045,0.8509144728243345,-1.7285668083266916,-0.2569505923098426,1.5090888082129714,-0.4098219912805686,0.41091022439908476,1.6609095674565342,-0.13692145920275386,73.874
20734,0.8765439806541617,2.429749568924595,0.04083464358539188,1.3804104081854458,-1.6699698626246466,0.9466322930185261,-0.9408385267891137,-0.2130066623307559,-0.39594848744535943,-2.3077030237903173,-0.7970228212555889,-0.33517475502500144,1.7954418384505368,1.5713441961449635,-0.5264356367393396,-0.5537878000117091,-1.3433193297525516,-1.4361378396642148,-1.6035818913001556,-0.05452513954754812,1.8475848105251444,1.2968900263009226,0.9117377914613979,2.43532446343131,0.6250954620106349,-1.2613876187015214,-0.4708336652086706,-0.12045649103658317,1.0536427054738438,-0.441523757696941,-0.5893033171797748,-0.44530458772001796,-0.3373403518666628,0.806257377344546,-1.4445853041107624,0.0686946015501379,-1.181624015540391,0.0701558363807692,-1.2804767968999113,-1.4215505775412338,0.4929135383132883,-1.3728551873475903,0.35065323861241926,0.09502137469088279,0.48257489324183456,-0.6098044455804958,1.8246768139039562,-0.5464166433381693,1.4856828182271584,-1.2089764618756584,-0.7725389520138596,-2.430061725920852,-1.5470629272361343,0.7340425906349186,0.5966611714504033,0.6474191054876589,1.6289730264321756,0.34873117732345915,0.4318716032400262,1.5982084708071136,114.253
20735,1.657528787404806,0.49668832284763975,1.107382469282617,-0.7548450944331208,3.057041794854329,-2.900507444432758,3.2033472683103015,-2.106376628159951,1.3807033487502038,3.130223911413709,1.0671795863848117,-2.412001659573125,0.41563795152421756,-3.1098790293756053,0.1386226273781641,0.911509800405659,-2.469430185074473,1.4837254281839616,4.583057577442089,1.0392182125519887,0.5118520360315857,-3.3328920256287353,3.338240360017566,0.7451345549105657,-1.8562371115715566,-0.17677638155326375,-1.8672026293324546,0.9571402202743441,-1.6085485671892796,-1.7787628591414402,0.06299116197246298,1.0193840308759088,-0.8977568227027202,2.617057145206322,1.6188155218745834,-0.8003239870613388,0.7785068089212142,-0.9875855943129441,1.002311826768439,1.2949769028494438,-1.8703822464834128,2.6383574769190403,2.8657109022392646,-2.866458097144585,1.1120274199693414,-2.8467691897218446,-2.3020680827630207,2.1230720104408514,-2.5606944082859653,-1.559535375287639,0.37029100411789295,2.0190870429204173,3.5255050677885644,1.1453674375669172,-0.6697052006520463,1.0471968465124948,-4.097870793678555,1.4981106838578073,-0.3825457539644307,0.8110220495524946,107.833
20736,-0.7742276004821077,-3.003962661274808,3.332001023198118,-1.6109716904585836,1.6959386426366254,-1.4191738938073197,4.537124900248244,-2.0033847485650145,3.7106818236514947,2.4095471195536176,-0.29130870605286885,1.6162243685648838,-1.233056931123856,-0.8564594467680833,3.97098363771977,0.9342867922250698,4.123156005582477,-0.10931842461226932,2.891216010208121,-0.8493509080576784,-3.0301904232186114,-0.4315405269188246,0.4371848310364457,-2.2810835209529903,-2.1538201631130893,0.5223831853879185,0.8657010112711023,-2.0345949852888765,-0.9693578593017014,-1.7450189009603618,1.2040927886649218,3.6524172752067248,-0.9512890146841012,0.5799493375709656,-0.4717523822084866,0.0506826891164574,3.527752188979777,1.8851171542579581,-1.2777725418774515,0.9008213745092766,0.4485729151418769,2.3624665116515438,-1.848914710628578,-3.2403418245187035,2.628583002312249,2.460303337389186,-4.388310359325306,-2.8245386339411356,-3.074261986323032,-0.7012736344233372,0.18460275494356632,1.322313915962271,4.332223207161305,1.0886185771633032,-0.7760432756551716,-2.5774521987327286,-4.640933250645131,-1.5243381108525167,-1.5176356848976575,-4.4483940659945524,56.244
20737,-3.055318023646239,-0.14845425238550822,-1.388174844411505,2.044404236606457,-2.248835245926393,0.05409323512490577,-1.5957821009209043,3.1111725249018485,-2.4614968522527514,-4.359377189366278,1.6834976619027366,0.5803437820537107,1.2800176381821549,1.2098350896799825,1.116545389486025,0.8150511597964508,-1.0791332570656536,-3.930008127783839,-4.377600612177135,-1.5113912707440278,-2.9064519071200223,1.4997284458282307,-1.9012445256425619,-1.5664254939743996,2.569964464305495,0.6506764433310346,1.5810877731253428,0.426065503129252,0.07994962036098938,3.1936892726197708,3.646276782162445,3.0996621862528255,-0.9304959723841068,4.3116571740125185,-2.7953337184305096,2.4971576490045946,0.21216494472440472,0.1447001141498527,0.4333250569057161,-3.1155227119626048,5.579572857089717,-0.052824052032942936,-1.4809110376683812,-0.504102958216073,-0.14318009107107194,-2.7717921265627408,0.5403416714853105,-2.0205387830106942,1.092175892881528,-0.037537925187683854,-1.5116606331774738,-0.19634149742151258,-2.350281862291303,4.715559803583683,-0.7674719135923429,-1.9363187165493891,1.2046384020127996,3.114770437162675,-0.3351769784239534,2.7005468838435673,52.887
20738,-5.659928352972932,-1.7239326861948896,-4.606699153840308,0.23815550447781092,1.5263211163268586,-3.309722380276733,-2.1181083874282294,6.678764876656827,-4.16876523755551,-2.4558715158001005,5.258984758152975,-5.77895036465852,-2.3754452362256337,-4.893514739580966,-1.4492604816368582,1.7968325275688986,-3.580072419143962,-0.19306326750471048,-2.6569800038366025,0.9053468271512185,-6.718136328466824,-4.118784965517282,-3.6038601476206624,-5.437495117685266,3.6805251950176183,6.709540992118493,1.4192386558987748,4.743936460133224,-3.903995145963287,3.427482379973102,9.563298444421825,6.429407304638471,-0.21819784701049497,7.856725921228178,0.38441537096089073,3.813815720167034,0.8059310655698231,-4.534798738536681,7.161746753897171,1.3192879146045837,7.53121282622001,3.621287348431707,0.679705468918082,-2.8774814862526217,-1.7664700222696292,-9.719578426327,-3.1796792364651885,2.932877657310984,-2.7424826155748834,4.195644905228701,-0.5203907370323135,5.077272719723431,-0.9501272363136959,6.674153528686491,-2.67044741083523,-1.066132612128361,-2.207655594693969,7.215788338948272,-3.1552382614779106,6.051015824658881,-11.28
20739,2.351798455403682,0.1467095643028753,2.3364878318779936,-1.2241227579300065,1.0003844555608958,-0.4360006811117907,2.3226989306382895,-2.2740806149028336,3.197883934575312,1.5938362367917376,-1.271316581179414,-1.5260082367457926,-0.45718672529160365,-0.3110170430801374,0.9102750009031196,0.18838293219633076,4.23547064111002,0.12598919990461266,1.2054215752441193,-0.22810122799059207,1.6865297168919249,-0.2194842175912313,1.1975408583722935,1.8235329032215684,-3.4825581484585824,0.5062747177142902,-0.9003778648741699,-1.6868779888200605,-0.7859248489993699,-3.9883996974111637,-1.7078149207346676,0.30244271443262954,-0.7311454647264358,-2.036402563902401,-0.18855793723717162,0.08623598038472755,1.0245543365674858,1.324733851797462,-2.482802280712037,2.768289205236877,-1.6423345074649054,0.6757948409814822,-0.6052776870543266,-2.088918223888461,1.8466259397437481,1.925372539767325,-1.229328765734925,-2.044340873199763,-0.8771061877570187,0.9387233100851211,1.1595607128802135,0.21932448922467823,2.9011355636752514,-0.8931681752179983,1.1453172661558904,-0.6417907374479881,-1.660913241104572,-2.184793632277392,-1.6977781530976923,-1.3208183442916508,84.526
20740,-0.3084996427119505,-0.8965249775390718,-0.9819478009968806,-0.0856599757439417,-0.02041447885817005,0.8879593850345164,-1.3536532839687443,1.1595658596196303,0.7856598486754531,0.5884507454049664,0.2597167640271236,2.1295448182680774,-0.8588103171201855,0.5844279591799768,1.1639177885690408,0.1481982903763273,2.0921733401332308,-1.118998212593056,-0.4478075006612098,-0.9042695536282397,0.18680125234916126,1.062779843703615,-0.5069031665318297,-1.6896254223566687,-1.4972019532864547,0.20803131666226216,0.02713196022738358,-1.4184087953583537,-0.6601552528699884,2.0312182509391223,-1.0599702810620535,-0.4942003382356426,0.42001801623780666,-0.8100538548851836,0.06374841978938314,0.329212622243221,0.8530074920429134,0.2792477123949001,-1.7653257296070943,0.715146621947896,0.10972305314048289,0.9064677063972683,-3.382921324380393,1.1671675621120958,-1.2889152141654985,1.4827374372591535,1.639233721024535,-2.972448347152979,0.8959955091439945,0.22998268551694911,1.257179321161753,1.9248357613447562,0.05192972884187699,0.38168631142773235,1.0855434644945263,-1.2802825420094495,1.7148647224857134,-0.5562753899870191,0.6203909131479151,0.8500231242248504,45.319
20741,2.155438746689536,1.0445277414749805,-2.5261853245105077,-0.49161989299759157,3.059718465771493,-2.097582975122404,0.7051267133726024,-0.4025222720842166,1.8523756225653878,4.5271981276861775,2.055721005542397,-0.40499833438977695,-0.825407132430023,-2.6862301578927106,0.33247191823904054,0.2839921290513321,-1.7560972357888094,-0.49767994824569456,4.9279092489594305,1.119803556605821,2.6646569407963288,-2.5100525210237756,3.3376732757671848,-0.03724598992021358,-4.881693530133159,-0.103006127493042,-3.2328674634273296,-0.07844300115128046,-2.586153769586498,1.5238216557754716,-2.500155043718189,-0.8508981361113634,0.5149961046929334,1.3496235608186984,2.185864454711044,-1.430175854454073,1.0540951117871948,-2.155125544154788,-0.30163664374031496,2.336191674415344,-3.602979818998687,3.385480067518788,-1.031081348395383,0.009166336136219422,-0.9136882398649289,-2.0652534128356503,1.6974026808633336,-0.6188169131144983,-0.1908183989329838,-1.349349150592781,2.002766479631863,5.48906082658731,2.3609272753018797,1.2255470485261983,1.004186519891947,0.9647384804016563,0.07981183354600001,1.4478081243779728,1.282257889229642,4.8012551556212975,86.068
20742,-0.3093299918638598,-1.2106758580718773,3.87870715763064,-0.9283316805210581,0.6260028354791853,-1.6895608931185713,4.187831347143122,-2.1145108817796294,2.3890912097066135,0.3894181386436055,-0.8640256859457454,0.7836305471620155,0.6202313651698347,0.10467748226862164,2.4958847176480874,0.8622848521993814,1.3912398488395117,-0.2404284426915012,1.5605500333570064,-0.9460183364058417,-2.2066791247069912,-0.22217038181256235,0.5526622911390273,-0.2718374279538097,-0.3269431770407467,-0.6826424131839619,0.9793440201239854,-1.3922778463368197,0.023858941151944424,-1.9258170742705534,1.5828687432958974,3.3018281860157073,-1.333744890900887,1.4136526991452065,-1.159804707931238,0.2647488196608714,2.2788423197171204,1.7987477874217976,-1.2947883460677185,-0.840943233234686,0.7054776226201225,1.390067831763464,0.06334857488725185,-3.1181425665512337,2.968351626078445,1.4600318410388904,-3.8655937089648327,-1.66371071461213,-2.0078204211116724,-1.4867501483100047,-0.4170706478622036,-1.3536150308351882,3.1116522880942568,0.9847677057500053,-0.5734427248996623,-2.078478508010879,-4.493768676194371,-0.6698268337899023,-0.8106326118884055,-3.675976599342137,89.67
20743,0.6330008433219088,0.3235913864185077,1.5442882308812873,-0.2767589886168908,-0.9391586740235485,0.8880609231185861,-0.7342617686060194,0.18382862035600467,0.018269245888878294,-2.86266962766792,-1.2203611781145116,-5.196785985383596,-0.564201110245818,-0.030899817753449105,-2.7325348182340665,-0.09045060392557802,3.6877493196501305,2.041868824167079,-3.7613024010276117,0.3920658378904852,0.26037308637447365,-0.0013261945019038823,-2.841712082633539,2.1623956382957426,0.769029374745432,2.629576189151205,1.3127743666501255,0.170914848087941,-0.3599728704854672,-5.274485341007253,1.853639306845066,0.6075601877515147,-0.7226073484510388,-1.8301703502838658,-0.5307601187964376,2.365575272162818,-1.463871842578865,0.16858020892376052,0.2942740654140873,3.366803583559741,1.4287300172456772,-2.6922658127364323,2.577086954272096,-1.4442673484846422,1.2926931752218755,-0.17193098343050375,-1.7699422276955032,0.7853810517318629,-0.7566930229009856,4.405871538123097,-0.5023047375361056,-3.1867046705911,-1.4773497482183249,-1.0165246028782027,0.4469058315517207,0.056603449194104316,-0.8172869824151787,-1.6076465011955408,-4.106095710435984,-1.4149770086161446,59.116
20744,-2.3118962675132084,-1.2861218283520048,0.8730248338091025,-0.3236525779743147,-2.36246706738786,1.2366822556839567,-1.0758689907354115,1.064873155986221,-4.006186505189212,-3.698257455578879,-1.2104870174369409,-1.6565739606856156,0.11877179970058069,0.3452815503607293,-3.4231649847646852,-1.098362654217606,-2.86693885559951,4.75811158143632,-4.1509938834667235,1.2774433371125933,-3.86578759125928,-0.3031372080817363,-4.435263775699333,-0.39674165678797124,8.637133841446241,1.1477692877206185,3.6488172468868254,3.722614643906936,3.4771310950862317,-1.6877531215252368,4.110525508102792,-0.37605341554672667,1.1676312198585688,-1.7263201169745679,0.18425140488966618,0.3403697990143755,-2.8933432060587556,0.153137079101187,6.097413693195396,-2.705389815264737,2.5519646944399703,-4.299775948761329,5.677942361810933,0.9112817825431657,0.16282824241718236,-0.9916728567219626,-2.670252087727004,7.64367119576616,-1.098391834415721,2.5261745822225463,-3.0563515553868665,-6.267973829365667,-3.5260644137867576,-4.055512579460251,-2.932010265194355,2.2430150040089756,-1.5568676635199423,-0.28430261908556187,-0.9859808201933514,-5.651371458026172,48.777
20745,0.9155744974915665,1.6666733148487585,-0.25011965624206545,0.6934317176998914,0.8200696079419448,-1.806425713810636,-0.36349566430103136,0.8691155630791297,0.2606634919505426,-1.9364784806693087,1.4087405257693502,-8.545568632837158,-0.5961120479049534,-3.029182943520723,-2.3894508692629235,1.212735735954102,2.5797155421218956,0.29037412448543476,-2.709224950115109,0.47222415620678426,0.37220849782814225,-2.7685625362176416,-0.6193370443092601,1.8783091330601387,-1.930741362530339,4.444725530665341,-0.5101326853196193,0.5510855293521543,-3.8676222313460342,-4.804260104505591,3.7206650847907814,3.0514571577378615,-1.3637748225933235,2.771887895416727,-0.3979109960242537,3.320005920108553,-0.37551814771973757,-1.778642687147524,0.4409177267749301,4.816249565840654,2.444824948148178,0.9940250485427942,2.263322147284574,-4.123849037744592,1.6747335719857455,-5.280805674026936,-2.2018437156193733,0.2544983585821316,-1.1018288386386963,4.535572225339331,0.942213868814544,0.9144233763716422,0.11556299087129354,3.502067998700952,0.8483807809624244,-0.012925949456594393,-1.823588998637016,1.8278454791038101,-5.858427205742906,4.405128576850251,67.608
20746,3.5458632919341695,2.3785942217892226,3.316033612334806,0.4507079773672604,-0.19780087022194914,0.03099673402493655,1.7208263389055818,-2.6997242138991857,1.978717578754218,-1.800794360948886,-2.1694969389094925,-5.442983048218488,1.6272034190668885,0.2122675927828548,-1.581102991776384,0.4589660327321795,3.1850120222129727,0.49132502869739014,-1.793141138160796,-0.14988843987582687,3.1325041687275053,-0.5083162830144456,0.6552226041466687,5.530045490643555,-1.4914159063821606,0.7306633632194677,-0.40013849950496294,-1.1236849668423843,-0.9227797970745583,-7.335329410026899,-0.5964173766654288,0.6744900567197456,-1.6064106678106214,-0.9727871467397992,-1.4941105112618531,1.5781918502973022,-1.4194105958075154,1.12212759045042,-2.5627521687338986,2.410064807454833,-0.8022657886629836,-1.9690830248171478,3.4154815077890786,-3.478575352065032,3.299866497464891,-0.04192082119407178,-1.6283230250783898,0.09213425133764226,-0.21161346174489556,1.9719112416785614,-0.22429770907220603,-3.973476337419017,0.6070100744496746,-0.14663911358646955,0.9446066262482516,0.23592553089943533,-1.8350900022164807,-1.7376226516357431,-3.549012835129184,-0.8763213882096865,115.344
20747,0.1835392726418868,0.41738964518163924,-2.60895222739082,-0.8086761050409258,2.523091355161151,-2.0028895492272887,0.6688873663117223,-0.33319211423497397,-1.4024093908620028,3.3529563863730605,1.8097768064742847,-0.46491952359162564,-0.5961648249556424,-3.676619557027325,-1.8459930870373535,0.1415553237056799,-6.941547580243926,2.9110934508686,4.923427081351887,2.521059760096156,0.18793037847049054,-3.7970734560560957,2.0855860092308043,-0.584291107085753,1.403824186892837,-0.37831224578314715,-1.764989317841018,3.5918029312990982,0.25197938372074313,2.190365572488008,-0.152605257876753,-2.054668558506491,1.4265895123826458,1.396513802177229,2.9670371157322535,-2.5922923038552965,-0.6634601449340849,-2.6627163008676535,4.91773648803129,-0.024808189282765403,-2.8192882752771133,1.7051416055486388,3.9634139140468414,0.5305059758386055,-1.5940093140605656,-4.0325737784909546,-0.15834685052238728,6.2854961373760405,-1.1522451930650282,-1.9020175959068977,-0.14326189267815667,2.6766856272405777,0.4945752166535512,-1.2721179673760572,-1.7221934193536461,2.786805614562448,-1.712948005949893,2.516423215080543,2.3825148602358652,1.2620874000422995,80.654
20748,-0.15406840911293107,-0.8058080833880121,2.2825969517130673,-0.3421599575922264,-0.5548733220480639,0.5526457213711141,2.546801985720675,-2.909997234975643,-0.43532878205071557,1.8125520891207483,-1.94511278845591,7.089040434128469,2.412525249912038,2.247918469726277,1.4453747919477848,-1.009903130679956,-5.407964752732324,1.3753448425311365,3.479098971134465,0.35641103205092645,-0.09213697605544824,1.4658829343965842,2.4985817547708242,-0.12545776838173395,3.369087350280572,-5.576626221983323,0.39880513497519116,0.46961591027612903,4.882055771844241,2.447039694809855,-3.166128740953025,-2.6253207864422623,1.0435882569296553,-1.258855546296922,0.6142114100477964,-3.697896148076617,-0.5493181593073417,1.843444473926408,0.9629408870488102,-6.877098871383365,-2.90464917572474,-1.1319522797119441,1.679078297074147,2.433444379436337,0.023696349684961815,4.068227019337904,0.3083072261775487,3.467781124315602,-0.29264510866728266,-6.016721859893943,-2.0042579665107745,-3.432025197159761,0.6283578636331856,-3.8598372966624552,-1.7276400310970972,1.670802374242511,-0.6991472138650278,-1.4654603362306715,5.604915010133496,-5.8578860114028775,125.599
20749,2.358164399088558,2.2773328294060913,1.2523788209722209,0.09838278347875745,-0.544095165371826,-0.39454099071293164,0.750327426662845,-1.8781251612387715,-0.994077466535278,-1.759510706727886,-1.3216029450943751,-4.218258840770392,2.0381489423619126,-1.0278333709920302,-3.6854312394238495,-0.689709064277783,-3.6196302585448707,2.9819155680613116,-0.48089306022896805,1.3767601023122258,1.8475550918246908,-1.8019365355185364,0.44305156047761873,4.386006375559205,2.864237445774246,-0.39348817362580724,0.013030141725399902,2.0454877803837945,1.4386701904378192,-4.592302806158171,0.3730630116902945,-1.3512846850567475,-0.571409581244037,0.01393238680127927,0.5727324882532848,-0.23571203582128675,-2.807144976050313,-0.20250626309902614,2.7288838964672353,-0.8218042205903411,-1.0708168726823561,-2.9000126558249137,6.436002856331528,-1.54479581172728,1.5367815955885935,-2.7218323944616554,-1.1528098512744323,5.839173461560711,-0.4824308798014373,0.5330969970352861,-2.1698686831674063,-4.573002509440426,-1.0017002525941132,-2.1762696350308106,-0.9556457220041606,2.791991921172802,-2.1063304682008894,0.06958967255796483,-1.1412441860316755,-1.1889336528224599,119.938
20750,-0.720996584835428,-0.798642555713538,-0.29765455321222173,-0.6746806551169284,-0.14239788523112243,0.1199835123070499,-1.2886703445053453,1.3878033133339895,-1.5301223822088277,-1.6978082413225692,0.1881495138262968,-3.7268573093351556,-1.5409737807070476,-1.2696858956778116,-2.0024445579956027,-0.32906506501746485,1.1985884774492064,1.995878208479441,-3.0426597747509128,0.8442192727229937,-1.5139485984087802,-0.8260567864015272,-2.9537149132373326,-0.27672147823609217,2.0709962704879583,3.154522120074477,1.584094444847727,1.499695072934795,-0.4806620676144659,-2.2103393610927964,2.5808867468653185,0.3101792946657408,0.4022720662409981,-1.0857954958146359,0.1270429032097885,1.5266732796818867,-1.326266367107151,-0.4935803195012649,2.20509646908782,2.198776960616969,1.614019811367241,-1.7609479929840077,2.055244025336965,-0.17919334482067156,-0.23582440376551106,-1.2784378643836576,-1.5159692962097453,2.25144796236671,-0.6160059146411998,3.720167746616227,-0.25350776395864566,-1.625264429079221,-1.8261916953154071,-0.9569019828581915,-0.3929167789657051,0.5664526582638437,-0.40975368103881227,-0.49536958609919096,-2.737425057197637,-1.1021322407788339,32.944
20751,0.558582328857297,2.4333785322575796,-1.0677286075672172,2.1724530087735334,-3.022422785906281,2.766347443790376,-3.3756038646491704,1.177076125336063,-1.780740441721812,-3.6156533340460117,-0.835587098699489,0.8448397070323115,2.495283753439291,3.5110918808550724,-1.2503742827678894,-0.9125547014308473,-0.35706606259041107,-3.0272976400696554,-4.373683881188077,-0.9552617590676615,3.1709440369110404,3.6651430260660347,0.4450845554454325,2.674020319405193,0.4437828586957686,-1.5320683174188248,-0.28024278757775684,-0.4451231219805757,0.9895147264192707,1.3645240676278136,-1.9346400218683588,-2.131033217458149,-0.5487471981716407,-0.5477338809658077,-1.8230340457879235,0.5619141709210946,-1.8915224213164161,0.5632080270416159,-2.6106441759866383,-2.3915777595909704,0.9634778877827149,-2.658528914569386,-1.5519609941455257,2.5296402926529433,-1.1187819240755061,0.9608355408877066,4.33188116891716,-2.035070726969613,3.7880578053926572,0.09122997624838189,-0.36237560828216325,-2.8617303968185555,-3.5475747718493835,0.21327940192540068,1.5928885724705526,0.42061571409840753,5.102950673324167,-0.33248440329925205,1.0388647717835604,3.0632513623920277,92.178
20752,-3.16002065252842,-2.642869232819821,-0.8758830648672751,-0.8354720084643044,1.7745631904810806,-2.327828364684516,1.8061660317080055,1.348478558226238,-0.04964521872308553,1.7627245384736805,2.1419326215940058,1.9484521822577094,-1.0652526358834333,-1.819685435262366,2.818437552604006,1.0140190816829289,-1.190138371603406,-0.25917101186243113,2.5165901366294987,0.45194473348988284,-4.504862733225208,-1.6891521368293874,-0.15456655441665343,-4.498660680687663,0.9383174495596274,0.684264888333316,0.769114091609534,1.1369517930384774,-1.0059577632972645,3.3850327777420843,3.0876765696427846,3.572106403193609,0.314971312210112,3.387735363893339,0.48245354511190663,-0.14576765361787827,2.400885271207826,-0.8651851260749429,2.4524498334498253,-1.0281660775524513,1.8764954634902598,3.4602928279684266,-1.5070923434009516,-1.4614052716989956,-0.46757429892782887,-1.9713880629554188,-2.488600404409043,-0.07820612529871543,-2.3658393335930237,-1.3245986512370211,-0.5177150403277108,3.738824590723093,2.135184410054103,2.554739352751732,-2.1726828240945273,-1.569353072875192,-3.2035382667303325,2.548160060659446,0.9831807836325408,-0.5218664837238063,38.58
20753,1.172669090190062,-0.44912354758798567,2.836293822966864,-0.5627177781805067,4.137070260277075,-4.81464009057674,7.187243292128713,-2.5706900535872483,3.913077393651928,3.787997607812546,1.5104354382155345,-0.4980960918455619,1.4182464121979277,-2.9339438433053457,4.348403974673705,2.4770006372378623,-1.2090121370349665,-2.1632283777680854,6.21023876425034,-0.9409623304452426,-1.2448488175408672,-3.450541281799477,5.024364390960501,-0.39849617025226114,-4.390832922234698,-0.5428814927896309,-2.293879030449558,-1.2119139769079925,-2.9164788873586107,-0.7339205871658769,1.8507024068833455,6.025864930849739,-2.421061586050837,6.664459943515543,-0.1639100207719806,-0.43156287854576303,4.22867898687887,-0.0742941527057649,-1.2455877674632008,0.03581210953119966,-0.43042271872564597,6.023779941218478,0.2580559108734725,-5.726607312141517,3.1964167176054232,-2.8934159247212743,-4.566163624148304,-2.5360311240395386,-3.454582909641541,-3.7765348268966257,0.06989082840988947,4.26982747800358,6.55074699647545,5.995577935706343,-0.9461670383618571,-2.0895551063879263,-6.385221929698153,2.6324722732384864,-0.7562377919132806,1.322158554090588,118.721
20754,-0.7030909324440707,-1.0382819384167274,-3.706399856700972,-1.5902229448417138,4.869928655571405,-4.00328796757844,1.1931926179060475,0.9045036762682602,0.16246675943518912,5.621393440179368,3.5425559205319104,-0.08543042075586194,-2.6646157964514545,-5.545377610467902,0.18999992432401913,0.9892985931123477,-5.199495450100934,1.620053020802208,7.11101330129476,2.4134116350759296,-1.5657925571517355,-4.92332183588212,2.546099842670958,-3.7364447719981935,-1.8485163306414394,1.1804765172950964,-2.27969095379355,2.681951314538999,-3.430292606989162,3.95209551916142,0.4393606274068395,0.20456264023754378,1.5062529793036206,2.8439534666664468,4.364916470793103,-1.6647175821117457,1.9825466718605793,-3.5510613570380762,4.232744881655174,2.3011539263972876,-2.9644351433647955,5.273350192520932,0.5378526099301617,-0.5098738874061831,-2.503956987591169,-4.841678544082089,-1.0327677128956192,3.3698839833660124,-2.188619184902964,-1.5025367643400942,1.8923757990708536,7.673873421302835,3.120120781908643,1.244422897034583,-1.820299183690573,1.2107955117534897,-1.920622299472192,3.900762580321411,1.890809673027435,3.6862693300300746,50.291
20755,-3.20291213202594,0.18403296135269695,-2.131303830413134,1.2802662059367207,-1.070471972296826,-1.327436909649999,-0.9661600422362906,2.3197681178790175,-3.966277578790501,-2.059491889635317,1.5889133454747042,0.024716964405202983,1.0633808920779952,-0.8877352012583237,-0.39417849903604263,0.230045071496568,-6.6539060146801,0.15710016073155478,-0.9313669748075609,0.7082173424822173,-3.226031590131089,-1.178780785905824,-0.6041741220564083,-1.4968825138744262,5.308981629290449,0.038360375570675315,0.6810937859906612,3.7209345469377446,1.1965045818107047,3.445270362610071,3.9403088399115864,1.1943998839909356,0.23300433932424192,4.465698088330568,-0.17354505974426407,-0.11740344489053331,-1.0030019776450665,-1.8132878698679349,4.939177379697701,-3.96457649045664,2.96436963608362,0.6758244307298577,2.4458768437642324,0.3676668248435548,-1.2960293510889367,-4.7701716259245055,-0.3342946865887633,4.2010814015566105,-0.4226816393368599,-1.3442136185097497,-2.302658107881148,-0.24252637994738047,-2.329709711055918,1.7624685710375805,-2.400433242651172,1.1940575616010727,-0.5793691229064505,4.208933813925622,1.7304751305588453,1.1567059707621783,70.397
20756,-2.1706644228227208,-2.9010280754328,-1.165373306252291,-1.5909425751444968,1.278894053791462,-1.0171637548474597,0.052236978651270916,1.5448599053878158,-0.5443850496782817,1.604801164255973,1.3291066881490488,0.21136672848147595,-2.302815279201984,-2.2787637911416185,-0.2266887463289861,0.029266815009339378,-1.2230441937859375,2.7810941361233503,1.071414982863243,1.495466939962188,-3.871797346629431,-1.8696976167034458,-2.2584734818187937,-3.9745092970407483,2.3656126647577165,1.8770410560573396,1.772000443307322,2.196631201868419,-0.32129501248665054,1.4628756390399242,2.282551154648694,0.35524239629941656,0.8871819033179583,-0.4543987492759578,2.1742851693937038,-0.318499212122361,0.7702811281218909,-0.9361359994067963,4.013518539524231,0.7097909018882572,0.8957653919323121,1.1888236401061871,0.42857797695599104,0.1832329712191732,-1.0541440662238806,-1.221459820045009,-2.335100846678931,2.6951478526716657,-2.067936566202373,1.3598400693748756,-0.10590718439814745,1.5296301356921684,0.35030161592784426,-1.3334651932301587,-1.8265744150143386,-0.09031917981782217,-1.8298292857347722,0.5136885519550634,0.07576829865592875,-2.5085538637474385,17.528
20757,0.44675708430378414,1.065087539791509,0.2307028081266259,1.7878372137266674,-2.1100850542031537,2.460964710888019,-0.47245465457923363,-0.5572762097512063,0.27571381490697944,-0.39957585201407164,-1.1825627732709865,7.084946241480087,2.2446607722028173,4.647848832459393,3.0098575585970595,-0.5546762776507872,-0.2166715656539577,-4.324933255640707,-0.05844164730048122,-1.9243504712124055,2.1694607704166966,4.368638389998085,1.6309711496866164,-0.049002411080286745,-0.8021861698650563,-4.597506124056902,-0.42746394507877167,-2.6786410259372833,2.9817690499392047,3.994715652966673,-4.0035274770856075,-1.5144617046342685,-0.15071368740060292,-0.4238491187425733,-1.8930896046429564,-1.5532228078349923,-0.12164804585316596,2.335837775124322,-4.232376973757959,-5.0743008833833825,-0.3431141258420025,-1.134630949575822,-4.292282997135845,2.951021261237123,-0.8516351246416103,4.512398627300367,4.379109672217545,-4.732346100107577,3.1201819967372675,-4.593722800981093,-0.4038820460619096,-0.9632379557471018,-1.0199953322581048,-0.32596060950417843,1.3149095033778966,-0.9877967392299393,4.0528721285398825,-0.9870921017467155,4.413640645744601,0.08818958512793558,102.845
20758,-3.5902261937342543,-3.1827244449893204,6.124131411044048,0.10099283600976142,-1.3530337310044729,-1.1189778213744486,5.0489767973787325,-0.39667991757953885,0.2431347163005435,-3.4057852288883654,-1.1501634118809791,1.2267118971889677,2.0054411442774724,0.9418982316109447,3.9807140217825028,0.7684987703223602,0.9557777600434805,-0.9194960956911857,-2.017431137897436,-1.9800514048421176,-6.701086462618705,0.958343917188573,-1.8883529605798899,-2.1987087660087954,5.291224738778939,-0.01378597574969126,3.859822207251137,-0.06420310681145502,2.476046702366381,-1.8818039596107434,5.9878556755982695,6.8109869693638165,-2.0409800676714767,3.8194196499088906,-3.4063510101261785,1.6107878366869608,1.9599325145469255,3.6194585722746395,1.0883228098584332,-5.1874544586495634,5.708163051079853,0.3162010979369906,1.5375944251303293,-4.339971587797812,3.8846746431864996,0.16358305611291885,-7.250913622869359,0.07191636150720383,-3.247715515545835,-1.0291289312936343,-3.7786890431874958,-4.443079897454794,1.161846115098631,2.8010840869561164,-2.8045659648560854,-2.96101073640639,-6.503098389869249,0.4821838334737314,-1.8349087392161119,-7.11233037572619,75.969
20759,1.4934832782890044,-0.8447688775441639,2.8822093463043954,-0.7373076017971292,0.9875909464793515,-0.7855205776281603,3.7999879445219964,-3.4400315092446587,4.102398531262425,3.5628182811627505,-1.1697616344813386,5.493005919724488,0.8729874221088103,1.3438924123385434,4.779330350111279,0.4984162354730819,1.914531534104919,-2.0242652982383404,5.0023306232575875,-1.5600430685090694,0.8006112294096072,0.9958236428766449,3.525243725728458,-0.4332952380139275,-4.361263564566881,-3.5735903215742226,-1.0989232696533673,-3.289733566423551,0.25132812069805704,1.1826595991138804,-3.616083429568422,0.7727595378957939,-0.6148470219372332,-0.10000195698493124,-0.7850520991058142,-2.043503173762771,3.128305911772567,2.0291574751681947,-4.5892453546386935,-1.551816659778606,-2.8368525163307163,2.8674500895083574,-3.2842484555458182,-0.9345729321657403,1.5235992908921658,4.532379252048947,-0.1356351701331156,-4.517543379420756,-0.7946637204154025,-4.751428762070051,0.915814045146901,1.690051652926431,4.747776389970896,0.8318558224749325,0.5405241330375785,-1.8393507010035637,-1.385131925940313,-1.5583804682716382,2.408475613502033,-1.9635799338164073,101.552
20760,2.8748240170677724,1.8760305747799673,-0.09974040469811207,0.44703609724796467,1.885001151114879,-1.6152426371152184,2.241638830919765,-2.5459888406691498,1.0179172687595597,3.3251628444059054,0.34251525587690973,-0.14500985608585454,1.4869859629670008,-1.7572692351513894,-0.2712413977064671,-0.0726583401195505,-4.774380909884727,1.029168217412017,5.02095017789146,1.0990159766271144,3.0359455877566996,-2.0253775231866062,4.307745908491916,1.9122704299338078,-1.6266720530446732,-2.4229515530383527,-2.8229230759037836,0.8211832508287362,-0.14635369941500942,0.018115971846186407,-2.492236531259891,-0.9379436220955979,-0.1737849966467436,1.7039085588410614,1.8395653670310563,-2.3583451265167916,-0.22403023671902117,-0.927594958496186,0.801344818382575,-0.42447873138985664,-3.869238824616355,1.8355173985661888,2.1766018249562955,-0.5500877491559055,0.403380781871518,-1.6391511242485208,0.514281388250304,2.2532889430569862,-0.15301620669661392,-3.4313400330414985,0.2587363248070317,1.1447977086642815,2.3720774897570145,-0.02513363026027629,-0.1480509495477252,2.0275756090209245,-1.5719985382234243,1.1283914118123137,2.6254169446364797,1.2630002319611393,129.95
20761,-2.8352601337130867,-4.382244949055402,2.5078754838196744,-1.1809730115881458,1.0410133975494538,-0.5870099780208242,3.4673810315983746,-1.2552766650053926,1.8806352372532775,3.318069067382848,-0.28802181467407295,7.479118123262026,-0.8182550273003766,0.9172312464091164,5.419288505050586,0.808595273421111,0.7296686308597615,-0.057773854336944985,4.023652305019233,-0.8403370655937313,-4.548402461890957,0.9396236050152671,0.10620585697685447,-4.743647469453679,0.3301842211036368,-2.036431188640301,1.5765599169721154,-1.2539427459923385,1.4080285159395318,3.0974216209464216,0.04788569932879938,1.6969136266033416,0.3320222694894353,0.12414289995003519,-0.019100072055176682,-2.229806256047813,3.877212455548918,2.1594339535168956,-0.12548927366499185,-3.2053309549574256,-0.03352925426375683,2.6812363507803623,-3.2452346907603173,0.43717975430064676,0.9210532567688774,4.456965762218878,-2.2404416618384455,-1.6953117248649425,-2.1864885167944994,-3.8074883707638842,-0.12135485042646199,1.2790779958194092,3.2745212600652267,-0.5980209563488482,-1.7342061231279855,-2.414026398772949,-2.881451141648692,-1.349900078760207,2.8200965708624826,-5.913128375722004,45.496
20762,-1.75825414262703,0.507708998355235,-4.69341108255861,0.6758854566632118,-1.6103114679901307,2.161951242455889,-5.653325690659339,4.169924881882967,-3.995877042168705,-2.940685900899147,1.050434576535915,-2.4510719767558866,-1.213147050088593,0.14842513409438424,-3.7111520983367283,-0.8439645809391801,-0.9424677643062193,0.8182765541860533,-4.975249352174452,1.0583550598669742,-0.39611652154116456,0.38362840489967,-3.640960198819032,-0.7763144628951131,3.531725585242563,2.5461479783492895,1.122502605835308,2.2197748911744695,-0.20352691138015971,2.1093993779357483,1.871379851260519,-2.0373145448915944,1.7748447259977354,-1.1095453487093068,0.7827525162860626,1.6638540588010406,-2.8189386234983465,-2.642326005202898,3.1858326890617037,1.0824426462304964,2.2664434393193784,-2.5709969757964046,0.21309955775660783,3.4663315534920014,-3.582061564743911,-2.448487301795124,2.7856110569212533,2.229919781525568,2.1479155781182397,3.5838342794478875,0.06097277198193855,-0.1767787316316608,-5.411591839649317,-0.8839113609191704,0.6872146424448022,1.4059992742554028,4.298279475232352,1.0504820527544274,-0.7180265013844809,3.5679936702200425,25.469
20763,3.3270441535656223,0.8062953635828908,0.8331876737864456,-1.1438508667256062,1.1309212381493932,0.4197084986118521,0.8562262972004689,-3.318912174337778,1.9568648311549501,3.181521415357169,-1.8619579196527622,1.2113012173872422,-0.28321722566887286,-0.25328804437912655,-1.397372794134784,-1.333458797192674,-0.18582537479736677,2.974511162422562,3.651779356622149,1.147847487702649,3.648653802426895,-0.3988164159571281,1.8156098058859529,2.0883903419374126,-1.2532278329045092,-2.202026171804307,-1.4338523760469555,-0.10649240539692914,1.0995498407412243,-1.7595044095467751,-4.932014207534708,-4.641728731930192,1.1930889919987455,-4.856331529212406,1.7798868735035138,-3.0190528528483047,-0.6551869992535155,0.4203104720306786,-0.8269014860738761,1.2655797167343914,-6.120363857959719,-1.4629028875179706,1.7242683828144352,2.111934485165226,-0.0012152669410755018,3.5962843537223006,1.2013289703915393,1.953422718393037,0.2876836011499987,-1.1136125672009993,0.97558872249323,-1.0786802048356139,1.0358586682382471,-5.166227227027112,0.952905138588997,2.307662267508196,0.4613508505929418,-2.762528985004451,1.565443313824497,-2.6410614106886747,99.683
20764,1.6789366832449089,2.297142995738239,-4.696688371338818,0.320062161689,0.675485200116389,0.5464972973373114,-3.481101926124903,0.6890000966798835,-1.0334309167004152,2.3192061044368466,1.447163198622353,0.27042252879979656,-0.39440867301118193,-0.7724261240844384,-2.194873336252916,-0.8073641516684743,-3.374372902769442,0.055814598971769325,2.386236627194628,1.377392725519425,3.7432434237200747,-0.5943898634969615,1.6478872224602124,1.0668634762617635,-1.903769556995592,-1.051980161411089,-2.623391407360786,1.2476147001423155,-0.9042796202620544,3.1898376667565564,-3.3161391387293584,-4.299980356623565,1.4823079382843591,-0.9976791924113458,1.966460861619202,-1.5563893675548586,-0.9925889783933843,-2.55809411762114,0.3252261197735497,1.3511442689435356,-3.3464389260580125,0.4438207662940467,-0.8227326009437989,3.074724457131411,-3.383624090537486,-1.5549252843972718,5.07163918571395,0.8353967994656788,2.5697492073852803,-0.43239900161843736,1.9775319143640735,3.280704181807236,-1.1834039714043172,-0.8218431044356688,1.4497352975077185,2.316419640303569,4.376592860137824,1.160502771200594,3.128500898566416,5.859267967204731,74.972
20765,-0.4415093647191324,-1.6420628630530785,3.0510821047837684,-0.01563376918778092,-0.8195461064891287,0.722663531246283,2.7721478984049317,-2.341955146564057,1.3425900699754791,1.7478404934084915,-2.3592378783420376,8.16438458307954,1.616673753825292,3.044382632569031,3.926885387431043,-0.5668431886516191,-1.427334904107362,-0.6399982271578426,2.9449243284132463,-1.3581238291969924,-1.083139638150451,2.6905753436643898,1.4006220750065226,-1.0762476089013102,1.6404703607687887,-4.838563049235405,0.8064766713875327,-1.341185863069237,4.247789824124171,2.75732329064841,-2.970967448933202,-1.0511813621229642,0.5773399219346418,-1.5222566656156997,-0.8095407645995247,-3.2875275650424705,1.037668694862219,2.8654934525387454,-1.6033313914263185,-6.005878220039186,-1.6796332370158646,-0.3458648135628468,-1.5597604860119263,2.1228570516482326,0.7645806700100608,5.485955240126526,0.3294800560197742,-0.5037186782026454,0.05865971418253694,-5.572656426711816,-1.6856545557136882,-2.478337793674045,1.0664181573859015,-2.958109756337997,-0.8404730547629337,-0.6111624809365347,-0.17206981771132915,-2.048571641518213,4.797963755691681,-5.931470317007882,101.119
20766,2.1265158881215385,1.4008153596880293,0.3272923734962407,0.314204576195115,-0.883068386570838,1.2257592081420716,-0.41089858394343637,-1.9064542155507982,-0.048977668230706484,0.7422920474909916,-1.5895255038511806,3.47427475842285,1.2842315471426424,2.2743329675183426,-0.43399990159857665,-0.9725800436083774,-2.7164691565003496,0.1487594192192447,1.4747413630572768,0.22419975153214133,3.0964141172961197,1.535940768377799,2.56120868755855,2.3234311996742494,0.2318225828568472,-3.7155395049666167,-0.8862551087747531,-0.3793485557092158,2.6545447386496703,0.5756002678489379,-4.389804452860255,-4.052207447662425,0.6929305295012753,-2.3543061518238986,0.3130006883875166,-2.531199652930051,-1.5132047905252997,0.5850415034781775,-1.6877843655275584,-2.529260863831817,-3.7711206453038515,-1.4006771410046475,0.5434905945670324,2.9185356721056355,-0.8087516240870468,2.8578195759471736,3.008319118359288,0.9366346274863148,1.8474894292607666,-3.2266885447950253,-0.42427462671289096,-1.8166157622246917,-0.6500801215509162,-3.307878709825867,0.8860922440709869,1.6885876215208533,2.1004827897364033,-1.5909306970954333,3.2147239389044704,-1.0216707166428693,117.286
20767,4.484101748186562,2.7343672360671643,-1.0047220747056564,-0.4006579667863668,1.9480522283002772,-0.7964581283447768,-0.13889504161892532,-2.6602972409840673,1.5352050585407895,3.6297248336720234,-0.24474549676419027,-1.0376753496914628,0.2679916040306129,-1.5027884951245967,-2.277892540912956,-0.8032010555652033,-1.6848122176373557,1.9271903843871412,4.209381046164074,1.27123906609707,5.632070394997516,-1.5204942809587239,3.5032924910516856,3.6260126696703248,-3.493450304745798,-1.974676565705185,-3.5391839041706072,0.1161693269971597,-0.6758082418235729,-1.9151251531096958,-4.968945088430694,-4.5355424757895575,0.8062445352669795,-2.730354469141933,2.1894960995105954,-2.895387194911646,-1.143257606238038,-1.5049019354611624,-1.2533660362090895,2.503832444172494,-6.188402203840856,0.1424522360880177,1.9817828543417884,1.2121952103358942,-0.1533307500747812,0.36322715203263156,2.568470195041695,1.7439018414835248,0.9493498037513872,-1.5687889637590047,1.6500183941010955,0.9375097921081224,1.1203875885254095,-2.9000906364120658,1.4794608459580403,2.892446994199265,1.1985437413110642,-1.2562221584246884,1.301424415412116,2.3612968572795556,116.213
20768,0.9735999555237866,0.9126530385884444,0.5708908937677752,-0.06167420414399523,1.435472174534535,-2.1465385502308,1.906690602122403,-0.8993069937820577,-0.8478657172321657,0.1562734163883325,0.7096915132518622,-3.8141515815246207,0.949925950009466,-2.965592777532617,-1.8411965887709427,0.4263339732113084,-5.053336541397102,2.6849771012056665,1.5674827794812114,1.5306659903533426,-0.2673631707367669,-3.457513328269277,1.381868098760759,1.5181580916239648,2.259756318974326,0.24036211893982923,-0.6900663339424347,3.0579486855838827,-0.0866284221834201,-2.5062752870090295,1.7534012394833316,0.7704501668728485,-0.41708413240077397,2.5212772540379507,1.2498875908503702,-0.32682091204422237,-1.518540638772484,-1.247438418319668,4.059754164189955,0.01242007036859849,-0.3833909007064129,0.47125672969611104,5.658556749832979,-2.2137019324838403,0.9362327475131242,-4.409566233113846,-2.7383541511831804,5.623009822002202,-2.226973689061643,-0.5093612051091484,-1.3408677598896526,-1.09407991496489,0.6038434491117645,-0.2104675477308084,-1.6567228600693065,2.22526789987715,-3.232618638264747,2.162332235274292,-0.6089318156090113,-0.27863945230727033,110.206
20769,-1.1248317546217648,-0.2788318628555215,-1.2239420124725622,0.3584486357614422,0.4956279132306054,-1.063798839731694,-0.9703401977892372,1.6781724238798852,-1.4088569251415306,-0.8399847737781865,1.7182002501484004,-2.924788091387594,-0.6093757032788754,-1.9631826218467996,-1.214491042603086,0.5153397951343975,-0.9600599374833525,0.4371520305487615,-0.8615986562302873,0.4946401604281413,-1.737236353839223,-2.116985453103024,-1.2944478565566129,-1.263015322353567,1.2634425349143286,2.543583123187185,0.5571869921035322,2.0309145703144473,-1.4358216520651748,0.11422327069148114,3.080079252578454,1.529936579382313,-0.13315512289299639,2.167448467708364,0.38848013281283106,1.671415486807941,-0.27115570790690535,-1.6689813356229766,2.7475257838302656,1.5918864311917336,2.0048734721315613,0.505671961764099,1.0767789643255663,-1.3112006127961315,-0.6995889096338959,-3.3392221449840687,-1.2519071341906338,1.3925357507149978,-0.5919250580736446,1.7381701074887486,0.11690264238359466,1.3386752115727785,-0.5288059845018673,1.4395371104157202,-0.9644871720152538,0.1178394696004682,-0.8470590505886655,2.5783786118882155,-1.3596969247058914,2.2229970219081374,52.594
20770,-3.8095618775589046,-0.2888745557528411,-0.28131694518710115,2.2241504881017526,-1.9029649988937447,-0.4373570099842111,0.06285075536580764,3.614065549290852,-2.1483542229940538,-3.658293312241023,1.5307232921665266,1.3107214807261511,2.4452197411908894,0.9526897123828978,2.5934182543128714,1.3016195688026568,-2.028118485242738,-5.167690775452009,-3.115099374046125,-1.9286672201218449,-3.613909071143052,1.3614177939241539,-0.2358450506438806,-2.310285726765687,2.551640221318371,0.7008137501589958,1.536994899528692,0.14163800601988868,0.26536837286569653,4.095176741498002,4.737507447787804,4.968262587503131,-1.710877198005107,6.812702276759883,-2.9467307311294846,2.5153926214686835,0.8839916512909936,-0.5114099044526451,0.27557238349532953,-4.277070195803505,6.200691704861082,1.6371559974122842,-2.4949241201633425,-1.5741313208342793,0.2728671277609597,-3.4343681134207444,-0.2829463971927526,-2.8334205625758666,0.061357862995899626,-1.496738268595975,-1.6546198987317695,0.5568533336990545,-1.4549681245277855,6.4366665053223775,-1.0824523277939542,-2.525156980448691,0.012267838064427328,4.2613908000245315,0.08623548539324401,3.382395107391866,73.004
20771,3.6044287367236385,-0.5353718246565543,4.010981613832529,-2.2557604312265207,1.7644335702463556,-0.9110191632821816,4.910722536591737,-5.804057194232455,3.3905326540599265,5.052396595202985,-2.2869421013959634,2.7914490225213338,0.4904896787769557,-0.6457539936300332,0.5400828364091166,-0.7817285970499058,-1.543226695167121,4.129281897644182,6.638594065489765,1.2679851145167917,1.9165317790043135,-0.9672323881872239,3.4419206786995753,2.205824512326495,-1.423848114064467,-3.8437465839172664,-1.294136977627041,-1.0449376534111483,2.218582807167347,-3.1677873289420493,-5.100530312954683,-3.2275040737030074,0.7441585032280056,-4.155658003737738,2.1183180619483037,-4.582432682222991,0.30514613039076055,1.9587182089312198,-0.4116505284459118,-0.2116740394895409,-6.820700000588246,-0.15350720990702033,3.082249223592975,-0.23920449576187955,1.9925775988333716,4.38309819790299,-2.1574225748799156,3.459981751730334,-2.071218223223568,-3.315808594262109,-0.15697635673794114,-2.276788551798151,4.323502061976899,-5.542734737937431,-0.8290188936040056,1.6213744570470021,-3.2823184244016983,-3.5343673825733473,1.9275003591491036,-6.842693392206868,124.386
20772,-0.914751423201921,-0.7803627979386608,-0.4742133855006805,-0.3560571592236164,-0.8877578010788297,1.077248025830952,-0.8520809076562474,0.31055213447051944,-0.3255042528880648,0.27620416192618213,-0.559062577728674,3.664197171762072,-0.2330283021624829,1.8443506772497167,0.665947624003791,-0.4016464209266345,0.7216525033226417,-0.736304940677804,-0.320666508565345,-0.567382264035275,-0.5612967456348819,1.9723277901897862,-0.4092815883404436,-1.4188930233032084,0.3209216448393049,-1.2270124935206959,1.0093838364921563,-0.7705561218263688,1.0232177963196007,2.2159280875819594,-1.6338265299312607,-1.2693855808968033,1.0098356955367238,-1.7412277507479519,0.0860322664063165,-1.0955443144628032,0.07793991684411264,0.6721484628284157,-1.1053748815719653,-1.2204196613629672,-0.3821405415527647,-0.4913772954590769,-2.2287695799618246,2.2276835895250846,-1.5612167169499807,2.3410088332621664,1.6355393639916305,-1.3880899501789954,0.7558654176763743,-0.8820842035727654,0.11203966140922385,0.08656759016683141,-0.6465775745783409,-1.4425697111243196,-0.032133436001623605,0.17500854688333545,1.892050013606873,-0.8704595889209331,1.3971967781720698,-1.2130705965508881,61.172
20773,-2.1828176894651694,-0.31117035248271796,1.3980403961281722,1.8169596887488526,-3.0781822884805576,1.8421359458671565,-0.782012296462899,1.1589863000689065,-0.4509707063332178,-3.7918234652363396,-0.9355609514230774,3.60041780471787,2.3422222916080084,3.9424296669465297,2.2858203323748083,0.06544510079704248,2.3650913240297755,-4.313037105721304,-3.8365545111124315,-2.318419372011701,-1.487679539481992,4.192269647652431,-1.0145356939521926,-0.7212488444285586,1.1642622466882175,-1.3183470949984053,1.58094490887905,-2.2709840771950716,2.050508294710988,2.227246357112395,0.7744584055111241,2.456135772251499,-0.7529269468484681,1.2623152612753106,-3.385959343994249,1.4168851628178514,0.8068612290744317,2.2650099642008295,-3.0694684490499253,-4.114679470381966,4.057450305730947,-0.9258009458779084,-3.302834949822511,0.45252850215782525,0.6803314227021238,2.071146331714403,0.7717109327667455,-4.886520618653416,1.574247514434133,-1.229689561357199,-1.2685740453045573,-2.075128057796095,-1.5475791868626383,2.09299704540932,0.9151291536410291,-2.4596652979435243,2.108699377149581,-0.07040546589753988,0.42266106938644415,-0.0564769714863671,72.069
20774,-0.47508745015646225,1.3148177405287214,-1.024023592571509,0.7157102125437191,2.432653562561463,-3.998932388083537,1.7636410496923922,1.3306861573578195,-0.42209347007838005,0.06820863291848415,2.8175071241602403,-4.983964070571209,1.2178250822713315,-4.29279271930798,0.0036398063166564465,1.7774703150481943,-3.7005864085451767,-0.8619350791151555,1.3892101837642128,0.6260242107500275,-0.8428120859018541,-4.14191567514032,1.8729978040526278,-0.16433705048433636,-1.0866274671101575,2.5802052543961866,-1.6460510997390723,2.1005096966732464,-3.6610163030880325,-0.2751403497582242,4.319328406967169,4.573119137587707,-1.4390054401941883,7.099481520908699,0.13586128955029672,1.799741633298214,1.0363899271687642,-2.6787362617117,2.314110670179127,1.0406572762917043,2.713427038346727,3.8929326473011847,2.351551930390787,-4.251323419653552,0.9158217978521294,-7.4687596871559006,-2.330183412756779,0.9632965268197766,-2.1892963941644967,0.24533529562244338,-0.3809971794351028,3.7834160069161435,1.6399555646657225,6.185177234018776,-1.0784219570516218,-0.3208046118371994,-3.4758439599494397,5.3948543643885545,-2.4581208409336717,5.685111838402835,86.451
20775,0.983532100944856,1.992145220756103,1.0173058937391521,1.3719999010276038,0.9810037720034757,-2.13802168592853,1.6835527330997082,0.2390838722303959,0.5856672176783353,-1.8322644332548974,0.8162504857195223,-5.408415551690984,1.2514551137550218,-2.032613975544365,0.3089942045673535,1.5394516439444705,0.2979728552977845,-2.3159145112917816,-1.2433802823718756,-0.7739572888031809,0.43881194163567916,-2.080929301616174,1.0197847703980913,1.9254249521778002,-2.0436163482918435,1.9901826129529316,-1.1467971758122049,-0.344924309278227,-2.6161258351618923,-3.168209138772664,3.107058541931589,4.578584790046149,-2.1880531636382363,5.245389733377587,-1.4321758423759836,2.6241208453866,0.5467640444605485,-0.6117200396841027,-0.7485411099161493,1.7186506005195232,2.7070332966728343,1.8498049179241196,1.3889433696088471,-4.92339477529745,2.608113063882222,-4.684016206439727,-2.248037477657339,-1.8996989132187745,-0.7260070815649007,0.8529775158666791,-0.18686960822976148,0.9403259296297969,1.4340955773249415,5.518423539177274,0.15851514336836098,-1.170034576062055,-2.039370364504045,2.6617871130463087,-3.5376761112014745,4.878408575975193,100.194
20776,0.9862890746074098,-1.5791463561323504,5.558438019092594,-1.3226511490102983,1.2146115969691942,-1.2499976358238658,5.07275087482243,-3.0890621169722885,3.9243672005877883,0.5780781217578441,-1.432006318102398,-0.4030401405640591,0.4519592657013646,-0.36142259732071363,3.34923286974099,0.6409572180362544,5.1788170587262865,-0.6066878511049336,1.0745216234740258,-1.1281654405481225,-1.607864654948405,-0.18671370955002248,0.6278872076849428,0.5124949442602845,-2.5767637053790273,0.3745524382093536,1.0319321359258664,-2.4740434670830176,-0.7815895847809822,-4.964042260941143,0.9732770078027646,3.8801264802942304,-1.7814712697197639,0.06774962030501264,-1.6304120775776654,0.6061591436657141,2.3685501089121135,3.043534310404624,-2.847095305967379,1.0840244238916885,0.3299448898946574,1.1484184905470776,-0.19482829120835599,-4.486081081902935,3.9370563453554883,2.645149771829187,-4.559438308035227,-2.7892596856751988,-2.8289525372036763,0.09388163862114443,-0.37810252746532946,-1.194850171089969,4.131373831781105,0.7304527667069975,0.054632835201419816,-2.6962999809171175,-5.1773321984805625,-2.0643318794806063,-2.993931373454407,-4.341876779992365,83.69
20777,-0.07366843540949124,-1.0675828454292022,3.1984535324253374,-1.0408596258871685,0.9703516514355921,-1.7825753332459144,3.9911358008998112,-1.814142291234678,0.8065570358647443,0.27697053150182255,-0.7487177248056149,-1.5302913891128318,0.3151016458895363,-1.6052446856687312,0.6162809013025398,0.4063964800421135,-1.7771510072366588,2.362125067070824,1.7383946791766023,0.43778448495202066,-2.2620060443999512,-2.406611168998384,0.2947360489524691,0.14643896303006038,2.2773180151848313,-0.06402103661488262,0.8825982112085273,0.8824169302597457,0.8098290360176378,-3.211592028432321,2.330397419437301,2.9400460533831114,-0.9654859878501831,1.4946322129796696,-0.2955724599585982,-0.12752734313968633,0.4541681667897105,0.9002050627230808,2.0958187983447427,-0.9096193834818305,0.5311624866988846,0.8350271147503565,4.016245659926641,-3.409064739667924,2.6166749893500865,-1.0737725476260462,-4.866665169293955,3.338903531084038,-3.2176695740307673,-0.6381884793408207,-1.8754213346327269,-2.092001263031138,2.496532055218871,-0.28625293609170954,-2.2045844852512673,0.14583907170996369,-5.330394497068178,0.07909410806930103,-1.4981278660270323,-4.653252383651873,94.444
20778,-0.3757757742335311,1.302753670754087,-4.5391569961445315,0.09505346375670548,-0.7356054150256158,1.5877246665067473,-5.255409294067136,2.83182430718682,-2.491327856200255,-0.7080142687303318,1.1160463444100266,-1.9314917657694302,-1.8476219662486657,0.17433681928541883,-3.259822514491394,-0.27016536232701793,0.11261305447676948,0.7235464294837176,-2.859533745169058,0.9736880070695034,1.690320092728273,0.4020102469342299,-2.029263910688035,0.03848020822915905,0.3006303291963592,1.5390667153400788,-0.18209495986836566,1.2317036941633184,-0.8650679440001144,1.6308615230205807,-0.8680580162672222,-3.0073873357034753,1.6032386323303092,-2.012701507385647,1.0891184311465743,0.4516536271622878,-1.8368876434219445,-2.18395320081728,1.3787424505182795,1.9873152728255226,-0.1652485880449251,-1.4878990674283459,-0.6897617639165432,3.2890802767331704,-3.075714572032389,-1.087103368822787,4.070531537204167,1.0115030106836038,2.48085902996714,2.7959754078819086,1.0019530877880987,1.116039272459886,-3.8030155009230664,-1.2197657566085118,0.8147330821730864,1.3765225612866514,4.430522433491697,0.3759386518735355,-0.18036661619422573,3.870530360218929,33.312
20779,-0.4408616852812536,-0.429384792814688,-2.3336106048483387,-0.026910528397460387,0.7741697642273355,-0.25052557009464016,-0.7956776875097382,0.3836517891586235,-0.19867653067328067,2.1670514192974553,0.8971206644490132,1.812774944405393,-1.017789896947473,-0.8437925599618312,-0.007752414408825903,-0.028691808182563,-1.6744856529824315,0.006893682973788784,2.5540474159982387,0.7947744833882476,0.43145252577546456,-0.5733788446407179,1.0577517946761403,-1.511128797751702,-1.0468459024116465,-0.5087566799331538,-0.8452810173962134,0.7708093102581931,-0.17217124491005012,2.8922061654815177,-1.2357217076286617,-1.5992218474516418,0.998831435527036,-0.07706210238868316,1.5707151970310589,-1.3958386693500666,0.3492614775237998,-1.1318809948059587,1.0746454238228524,0.40240641705663605,-1.5601691514595428,0.9886264822866069,-1.0103048349272,2.002494290694112,-1.7096212848236876,-0.18093947166272806,1.5975846909329043,0.6415270576296888,0.6585855549894195,-1.1341115726395643,0.7056315068822356,2.9083520166335606,0.25702491288177387,-0.8347631868610664,-0.04876988615694451,0.7038122873806418,1.3952527729300974,0.4981896623450417,2.1282614655261867,1.3051165744896618,63.074
20780,1.5264630994017425,-0.3500606452322548,1.224410501701039,-1.3188881598838977,2.799282956699673,-2.4645804500968103,3.307753019141376,-1.9653903644528918,1.7157725454490729,3.1256339414154053,0.2942996840839935,-0.5007274358206317,-0.550947607442854,-3.057787585123621,1.2550369058858106,0.5665831982908467,-1.1955895150282385,1.6230112732085564,4.886560518294042,0.8959206983752336,-0.3984733717650145,-3.2013309567845347,2.0998355070479717,-0.4279268476792919,-2.161752353193899,0.07081225712909704,-1.1260343325303912,0.29160171527140755,-1.7243041894132656,-1.2291575927179195,-0.06773676189569752,0.8263968604423827,-0.2740896543694853,0.6965793771925175,1.6413694160518377,-1.3040801999238163,1.6548291154036217,-0.4591715765025582,0.9814036556278845,1.818486341593386,-2.5046826209789472,2.3805233855857226,1.867869373276096,-2.121537916375608,1.3947647147305002,-1.2691068377845662,-2.8262913118530704,1.2611392232141818,-2.667032737255313,-1.4866975804675082,0.4285308920223529,2.570699935638948,3.5027848540355584,0.2529310302155668,-0.7214807896398988,0.24044239055965022,-3.988432175167359,0.7094480694033481,-0.1090807547215934,-0.6990905031712795,91.291
20781,-1.3416992070388136,-0.7843781385126215,1.565373408189077,0.7776213359221416,-1.1086964977986633,-0.24753462765422163,1.0755202409146496,1.0501249558689076,0.3286379535444806,-2.6846551829690015,0.30164424534058354,-0.11566071688016294,0.8225537665394489,0.8778494934666209,1.7901354878593585,0.6296779975906236,1.9806993939916082,-2.2436603642585085,-2.6752930484703863,-1.4776635767734938,-2.328411082491275,0.839325724406717,-1.2478018029095617,-0.8124749345952427,0.6984284497897908,1.2293013723394146,1.5141480198629949,-0.8189848781958277,-0.17271863735994752,-0.4835632600846729,2.8725473341540564,3.4797314247757405,-1.4871007220775412,2.826038318877788,-2.0552183085552387,1.7614459080977791,1.0768683176763123,0.8310940672688831,-0.5883311986313022,-1.2665313014782282,3.8231052351395203,0.4320164573932652,-0.6698096493429135,-2.494496137150658,1.5933871331054512,-0.7979000879873278,-1.5938378585858937,-2.06537235998324,-0.7714266093726545,0.3651889992399015,-0.9463021732785368,-0.7712347656904963,0.05072466035045745,3.1656918563956684,-0.5529006857318075,-2.07039550144437,-1.2500404708438297,0.6491652121023326,-1.6832974692482676,-0.3228436219965211,72.056
20782,-0.4767238895863197,-1.04727883379126,0.5743446612213285,-0.7023201792459017,1.9195588166565778,-2.2472378251586678,2.443472437821997,-0.7595606349614119,-0.02540839505611727,1.9267377418621643,0.8639476857540623,0.6175777927332761,0.06851194991570658,-2.3817019773591137,0.4022111625012602,0.34571125008885206,-3.339178900387724,2.0149766377513894,3.2600573922871794,0.6413589096487209,-2.3144527661946093,-2.148820525321315,1.1299871842725049,-1.6190478478395514,1.4107574961116747,-0.5560183035397377,-0.1633715051600342,1.9276659959961913,-0.004981782628307646,0.6057433394185754,1.5157152566737093,1.1195928527135408,0.17464397966650194,1.945184528797971,1.2145369452325043,-1.2927634339056135,0.7898781262245862,-0.6544228815521571,2.9768806065637006,-1.062883417813183,-0.5004850290127558,1.9165756015501467,1.816715877498896,-1.3688030780856564,0.3436728795491256,-1.8921991021971754,-2.8365786028934026,2.7754859962314162,-2.362744436150062,-1.5375973771944238,-0.6782149118321541,0.9417346758366029,1.9053762182389513,0.06352248445573677,-1.962592965904083,0.3849283478400482,-3.9068609965673717,1.4958540510851732,1.142197891701801,-1.864505885389318,73.315
20783,2.2925668931776197,2.388849495852261,-2.6589886139253784,0.2530633679900611,-0.4345459817549379,2.4549780060545063,-3.967091715049147,0.12006186041670538,0.7889677849870095,0.9315723197743825,-0.2615469085015837,0.5698969818043594,-1.0000203099296836,1.5056870817491224,-1.212698263890413,-1.005774374032649,3.4884250427951473,-1.6391676214171296,-1.0166224268399044,-0.16582182321372493,4.686438266365903,1.8831730177929153,0.8778811304160288,1.4286610951248904,-4.895190606745601,-0.1323672554744032,-2.066725423704428,-2.093841553350805,-1.233869124236586,0.4637416166487264,-4.8069404059160705,-4.593220667488441,0.9199296081136528,-4.067817650451155,0.48132721459988004,-0.2994794228456036,-1.1651764411374348,-0.8442232447409884,-3.5908179836166116,3.3388888828326597,-3.046750481347456,-1.49778691207343,-3.8660150487769234,2.9939797753302546,-2.393187556377451,2.438807556857549,5.725747863494134,-3.837216954390706,3.5607763865294833,1.7356009226364337,3.2988361863878497,1.84468231690846,-1.575547364652198,-1.7785174682318952,3.1364329625666603,0.5073645466874737,6.26743648813534,-2.2496772497858806,1.1232311201973266,4.19351613778734,63.653
20784,0.21565065423204766,-1.513741917407082,0.6332601122337547,-1.497419743252594,0.8507714951223448,-0.026572290385538797,0.6188902788347136,-0.6771972107226987,0.8705192565630685,1.4265991844837975,-0.37973730267544054,-0.0908544494894592,-1.3432743946810117,-0.6801619887845071,-0.4509499839995191,-0.40181393911314345,1.1571483329978782,2.492739174443765,1.3378559748514947,0.6461763404652916,-0.20702090546565982,-0.5306057063451531,-1.2505343500392825,-0.8402371195051417,0.3468784306077895,0.4756517442322163,0.24102016999593173,0.02141372663785568,0.01214431460220998,-1.135652224599763,-0.6813485582581884,-1.2831708773056625,0.2877169381057959,-2.764025661835746,1.1781288696748269,-0.6707631563414516,0.21569143472833088,0.465645449278984,0.6554048251718039,1.7101139708469508,-1.6372985396058126,-0.5576347986115467,0.8755194734308177,0.7965433867820638,-0.020098936378594428,1.4104567741573673,-0.8674773419060658,1.5244874411999758,-1.1811516589126498,1.0624042606051711,0.4408040167835253,-0.22265705147075954,0.6068331713817072,-2.785573780752147,-0.08081598175138172,0.40857026026213683,-0.9838246932474224,-1.4781466442709006,-0.3792253274461063,-2.9838188975704396,49.942
20785,-1.654674299507676,0.8638300049298518,-2.6582155137648034,2.207985329916154,-2.42658378224736,2.330544805637379,-4.2032815677620015,3.343841208975374,-2.6245837348555328,-2.9214796532682237,0.7277003383604973,1.7512950832522218,0.9370866294751874,2.747791586945438,0.2690671674013199,-0.05169308171545442,0.7921181597667803,-3.955817363129694,-4.054622942831961,-1.3166661105708066,0.43068540012045714,2.9319329677327346,-1.4344925404323874,-1.0457424597106126,0.36678116145809303,-0.055711309946437464,0.6286056362073477,-1.0302056950798788,0.09727799125693129,4.004648743646394,-0.09941490188165858,-0.5775085785152936,0.5161440965346209,0.5585258917830784,-1.6572827349030446,1.222846547530145,-0.7098687634533862,-0.6105352446780951,-1.6637593118984602,-1.5219488857931367,2.597832907369058,-1.0272197365954443,-4.171304707951835,3.029148600801728,-2.5635138366156935,0.11846248145619415,4.4253800426453,-3.6768397459243847,3.181612977374947,0.20936624116515737,0.3262156344164022,0.6938811489993643,-3.551369463729528,1.9587811060810845,1.4144346563695964,-0.925242663330121,5.473970739218739,1.1876260417159423,0.9469129608168724,4.206912909078744,52.238
20786,-0.5299805171813368,-0.2511509635813311,1.5959972576720909,-0.5842056763311709,2.0841103115405786,-4.067604710413319,3.3049111178862263,-0.09856347292972804,-0.23081348350326444,-1.3937067977620805,1.5848594572868306,-7.052003657608936,0.45384974539592593,-4.592362211906333,-1.2106940677433655,1.2831941872529429,-1.9815212651727898,2.073173552489603,0.1464620091124999,1.123631867793699,-2.726155406151355,-4.7891227154893965,-0.4239901259342625,0.5172655646747609,1.8759670604548526,3.8909230068892247,0.4988668882695469,2.768774529211738,-1.9455663710942908,-4.530614717560989,6.055199507123366,5.287131102874525,-1.5953242474308993,5.1946620311142695,0.041596937300323766,2.3230808574497503,0.15815478185421447,-1.122867801879651,4.118535968356654,1.8708435407377506,2.4425231355256485,1.8867554844976195,5.3516348202891715,-6.1293894473867505,2.8585458086092537,-6.755273048149838,-6.0014108439812865,4.454654436751527,-3.9292043204159373,2.379442910072158,-1.5899751605876957,0.07125018372666804,2.011744509666516,3.8500999077206077,-2.322531437697363,0.2007565938423232,-6.6343507663032995,3.003671906281929,-4.608288580778658,0.0037048140039884284,83.206
20787,0.6873125347670404,0.4983414292861692,0.5386048273709598,0.31398916374255503,1.6561425707480553,-1.3231533682319931,2.1943558676413946,-0.7424545512180277,3.1784749005335717,1.705887814020968,0.2501854103892803,1.318871446318119,0.3959063644284492,0.04845783439752519,3.683918769263745,1.5689673466501144,2.044583075414885,-3.954585757442635,2.421806357192534,-1.4948603333489467,0.9733513297705348,0.3107713886320013,2.7685299821139204,-0.2799462936264556,-5.130245987351285,-0.7953561075412187,-1.8127394485400172,-2.8455945909624187,-2.4054275660660283,0.8695336560762801,-1.2089275922248486,2.535853277788064,-1.0866330873954264,2.792037335200951,-1.2244025089941488,0.610151870609628,2.6685177552667803,0.8560325796055328,-4.263235641951967,0.682429392702282,-0.16621203522124545,3.2559996201391073,-3.7199192699421038,-2.1635547057776763,1.194704940573506,0.42530874914426736,0.2831155167372272,-5.716700056719302,-0.2157130076914837,-2.1223952946205644,1.242069580763786,3.77153190670929,2.758576576964448,4.345496603843254,1.0167559900906167,-2.3939326496212217,-0.21579942266401222,0.5164287489633217,0.06818414399289832,3.364661973339464,87.973
20788,-3.3562485235769297,-0.8372893979840951,-2.300354572691696,1.7871681688524839,-2.31698454624082,2.3968879862224255,-3.7339629803154883,3.3487244679028274,-2.5163370859786545,-2.6122893777209244,0.3453618111392382,4.522556512570533,0.06142172902459116,3.4514735019038305,1.5799229833413568,-0.02228141292903424,0.8268246968874636,-3.7120107813431873,-3.7865672013550484,-1.5487520103593404,-1.5457434291303143,3.557264791882548,-2.439084243422368,-2.625236837507598,1.7483396954239074,-0.41212882047897437,1.5792780887911018,-0.9642828107534072,1.0306729276364377,5.353503395868651,0.03890167673580977,-0.5317839823467143,0.7357492902189424,-0.1674983387801045,-1.6841542560436569,0.6241388960816798,0.1625639459199421,0.4680945979349299,-1.3618143035987704,-2.81683679692714,3.2857068414909216,-0.9242625328076453,-5.286028038877421,3.4019298723297613,-2.6702884927647683,1.9647704760303089,3.8403731543335144,-3.6665153382923226,2.7796997143472453,-0.24866136891578017,-0.2515859551563893,-0.04974227667004036,-3.18182679656299,1.218022656095131,0.6632770020865572,-1.4027455767144708,5.168556451107327,0.5599435688644996,1.9374594993510792,1.4123112487374407,33.171
20789,-2.5255974144234745,-0.19228705049325426,-1.948596771584182,1.0394758092368863,0.11333092221823846,-1.088407193864456,-1.5983106835407692,3.37359245207901,-2.5144072239725537,-2.5164924507450706,1.6567298089566047,-3.6943693462227185,-0.24270759698649313,-2.1049993797205975,-1.078242512684327,0.8464049105171406,-1.8120060112021423,-0.25151641001751146,-2.7069540643375536,0.2678486327827611,-3.0895336541711798,-1.4287594745361765,-2.2549657133304613,-1.8393492120346842,2.4615351606789977,3.0593709000381955,1.3388638014649743,2.057798080800648,-1.3330360290906575,1.2835815616336372,5.0026867167341145,2.8582926412644647,-0.27872038752813927,4.150526317102278,-0.5431197466615657,2.536147875836205,-0.25264565894200175,-1.6198133431930362,3.3857891589551676,0.39521703093973076,4.4097748482056645,0.6847198726928753,0.857163854252851,-1.4326999125480462,-0.8365784296731021,-5.20918469773963,-0.9697200407252815,1.778507354121264,-1.0918096610702417,2.1759345419915777,-0.9159725134942813,1.4457490228431613,-1.5409181158122915,3.5974485037528754,-1.3509939240675048,-0.48331639204326843,-0.6788132265361682,3.2962373069828543,-2.0787053816764005,3.2781204543109417,40.06
20790,-2.449323165833082,-2.130119400867057,1.2815112600950103,-0.3233925881833305,-2.967250705309504,2.720320010898494,-1.6347864688687717,1.5270706048765743,-1.4705039552460546,-2.8773206271875766,-1.3796954954623808,2.3787737164457963,-0.7002725032483096,2.799265700201851,0.1703799201174002,-0.7408763009816599,2.937573915930937,0.30391940846552823,-4.298198575875145,-1.0903728871803526,-2.6626213740086047,2.9364489437458556,-4.132831345043943,-1.7366148635965175,3.5138459591274858,0.30772781301540564,3.31900497574554,-0.35918311075258436,2.604552675074114,0.40356148085077137,1.4244382897962007,-0.39928417564288404,0.328245914544063,-2.578381218427217,-1.5391780319336354,0.8480303940582599,-0.4299083566205397,1.902138931722522,0.5442914638074112,-1.8074070409975918,3.108312152770017,-3.0796552587957966,-1.1222021870181822,1.6885573550040163,-0.29908014828755813,3.53362890288553,-0.6898410228002204,-0.43963649312203024,0.656288085446423,1.3483059650179134,-1.4658798455212798,-3.765576969410834,-2.4096198590416815,-2.39076816549215,-0.32932434709182334,-1.1538630003256407,1.4728378325032971,-1.9576351951725064,-0.49277322287023506,-4.658915377944038,31.706
20791,-1.8793398528514547,0.037675132697828795,-2.9166242407122227,0.41681478989484927,-0.8807622158437767,0.8794157670518297,-3.2657238455742066,2.53602458155369,-1.8408929603602646,-0.7643909581738502,1.0466756986816381,0.46575282589889555,-1.008421291571364,0.5306771221608866,-0.7605890079500834,0.009967304072242056,0.17623231430442127,-1.2289929609030086,-2.0942922151399195,-0.08733357938085287,-0.3089925606921863,1.3057289062166764,-1.471822139001324,-1.4801230059253998,0.4752058234570876,1.185028720492493,0.43700382704443547,0.17313360228509,-0.1948555948455183,2.495448682475134,0.4251653815720481,-0.9435204794507335,0.7770891108398574,-0.8740945033639129,0.34182280036071544,0.4276489015129872,-0.6340336386658331,-0.9607037311271374,0.4761607492322493,0.5538769031987647,0.9631257737321564,-0.5133617436510245,-1.8730497314708612,2.13461951436788,-2.1952720787403486,0.090419420035801,2.2856480107937562,-0.44499884557788405,1.595885672309483,1.2386922635131015,0.47201332655783856,0.8812178642051273,-1.9989045750260626,0.32893789976472165,0.514012044334168,-0.08542452406756537,2.9403354080711845,0.8755282430379747,0.6211710525255849,1.9457423774659843,40.04
20792,-0.07765529008401298,2.0680376351466285,-1.8066282087216265,1.6528087597606416,-1.3137177234102477,0.22810624910805433,-2.332838088792631,0.8799009177348585,-3.014305252035184,-3.5531641833239878,-0.03896790032676675,-1.7757450424192163,2.029356636110159,0.48235082951968633,-1.8775762168049368,-0.38308780026054745,-3.3042151480574637,-0.8252796042825414,-3.340025545807532,-0.26108040408925776,1.000480397753013,0.37178055671956295,-0.494761775188978,2.0539768345710856,2.8316932069974134,-0.10297730782473459,-0.1342845701785896,1.7428659954282295,1.010868742881913,0.5703184409959767,1.3341341839381016,-0.6183370074079955,-0.5019948557417059,1.7522852647120297,-0.8033253045061798,0.9880075948694117,-2.367164321644272,-1.254585472168872,1.602236999334009,-1.5753111821460293,1.633113013573928,-1.5429418967792534,2.122328723564261,0.4606665397420469,-0.20580359447563934,-2.596211516526431,1.6128311886895994,1.8320874926406983,1.4864664810924841,0.1512886941650531,-0.815136061788622,-2.127885527953771,-2.8455778252434993,1.0907415070429793,-0.37273573416160566,1.341678291462773,1.5741995395641142,1.6872303238845783,0.03123340173564612,2.3981791155348025,95.928
20793,-7.368123713193294,-5.264828672990237,-1.815159015174093,-0.25811564528343045,-1.4384710018624964,1.140679263860013,-1.5761487197758728,4.793550860841915,-3.1163295573926506,-1.0092190048295187,1.8060185053954851,7.530026211826494,-2.4438200641910157,1.4431873819346934,2.8854423490337204,0.09069062446423456,-1.1497851686862748,-0.6847415835426602,-1.1199099996673658,-0.6993236252368665,-7.7521624462108365,2.207209420875251,-4.449158429605095,-8.691225177024105,5.4428820402566584,0.6030407003197467,4.160941493336358,0.9316669107807374,1.9834957324351152,8.59164790402087,3.4617867486604648,1.7691722344665672,1.9433290645153647,0.6956168897977482,-0.07047069424084026,-0.038799272164969464,2.1610509248671783,0.2236768613251452,3.3927498107655536,-4.882118466238994,5.16645812177623,1.040061123409485,-4.870672486493848,3.600985150190884,-3.294886562677398,1.4981390168371593,-0.28402460717961037,-0.3610794872876703,-0.5575372016164571,-0.8867904699290341,-1.1271658934468587,2.0418515787870084,-1.815132980459482,0.08646489154508816,-2.475861194895784,-2.3469198886733786,1.3139592581568504,1.378804078317187,3.3278442544985833,-3.3622659449333914,-17.243
20794,0.7031840593086267,-0.9368286536428819,1.0008862085368844,-0.9561860397806834,1.1932156495434803,-0.28505249681590633,1.8195668092400128,-1.3234894763438367,2.0834278436994453,2.7805064269634254,-0.27112140064967744,2.649286771604216,-0.3445285613580203,0.07832640151277462,1.9970577007849313,0.05730146589932286,1.4257988330009084,-0.31264042727214786,2.7924252668364717,-0.6010725591509777,0.20405011183013455,0.07303149312193404,1.3149197218068966,-0.9874808169953397,-2.356523561423868,-1.122202684160359,-0.5102131375126916,-1.346362952783845,-0.09258686536758717,0.7093760807414293,-2.21128702750212,-0.1745196449946876,0.19685074088683263,-0.8695568966392127,0.5675369796807194,-1.0590800835777707,1.6542262978904165,0.8340553866062371,-1.6847267416084932,0.4198042732870252,-2.016881265919299,1.1001469760962905,-1.845617265621253,-0.09606634847048867,0.3772117266094097,1.90563744350836,-0.458144205378846,-1.900089431215525,-0.5765111647170045,-1.4768070541926699,1.1111313519856392,1.8365326109701168,2.7841250561839965,-0.5851733589640872,0.615119816405069,-0.920143615593622,-0.7293844421818918,-1.4391770622640234,1.0858230734574728,-1.267199719035153,71.391
20795,0.6015251356781207,-0.1897618414600736,0.4119440559573898,-0.4134147613381889,1.3599505153456832,-1.489962186121546,1.4897220436230088,-1.2294301948546904,-0.1475140090941336,1.678608292179482,0.30291326616667125,0.22673370799706727,0.1900840546155066,-1.5175284530445605,-0.20015113159192954,-0.02576079454350093,-3.253359396077204,1.6588439116844764,3.212964274399468,0.8889240987046156,-0.8142358348654286,-1.8186271460516763,1.3177107539388275,0.04868230590792347,1.1070863710013288,-0.9446526084444709,-0.3474482792622518,1.1296257289706724,0.4420401052608871,0.3725162561784967,-0.20606080516797715,0.09149163324769782,0.35122861544811135,0.8505897223579248,1.5933815687433326,-1.415422790459847,-0.2415659451628476,-1.2604417911405728,2.0334294457304103,-0.8210971941625441,-1.8027989748284463,0.9203457185584452,1.8689691234477666,-0.7007678417697748,0.2929340026871008,-1.1220658282668294,-1.434083718561008,3.247157996728363,-1.8003690112130908,-1.5115143156720552,-0.23587412555063905,0.5731373358716866,1.2758447564370181,-1.314662667802962,-0.8605727628299177,1.5499352797375414,-2.068368034986102,1.0365442702886791,1.127793717545304,-1.0066335737995424,92.07
20796,0.7582380936914478,-0.7494328833544749,1.5403651455792815,-1.0932583358451322,2.284723049139973,-2.4679088187529192,4.244653825661851,-2.7150220224366817,-0.45454195404007547,2.078067487244761,-0.08429444124562642,0.1439096151427856,0.7352515308690202,-2.7366500771947173,-0.8109443664983776,-0.5537978104253902,-7.317304865074341,4.918255330080262,5.0683456876664295,1.8441622523662171,-1.771803897219588,-3.572022310540866,2.0354685316484393,-0.10240878293868738,4.22247010463118,-1.8540689706570594,-0.46903903244017703,3.6955728282874425,2.092862813642988,-0.9499765951813872,0.732605118861603,-0.44098528994554165,0.43053615618663477,1.4546261198499881,2.5351985206563814,-3.0726611898717926,-0.4688399437147532,-0.893933554466114,5.322488841140811,-2.3056323296435446,-2.6523204462359526,0.8356094943558229,6.354202641835609,-1.2403231638849135,1.2375910933284149,-2.3847175387633137,-3.6289762172361777,7.593135273542978,-2.895359615333762,-3.240206901678284,-1.9134013281519062,-1.2792491237433616,1.7422163221131148,-2.6249556061860213,-3.3700921452694907,2.363053406223031,-5.445301490604014,1.2700946467493603,1.7622197008150047,-4.557035709772795,113.231
20797,2.575859776781856,0.05729129839309601,4.40420719740146,-1.588195137050008,2.086410507111285,-2.125655579294456,4.263147777110481,-3.1705645331866967,3.816149179505317,1.4052872437993924,-1.0208234597810941,-4.837734917881148,-0.12039131776337664,-2.493417798477346,0.36044142710796373,0.5096574106460517,4.021353893459958,2.118391483834069,1.9005829031093722,0.18185670545286317,0.6412759762472582,-2.7100922985377442,1.1505817725698606,2.525562561818856,-3.607437751148441,1.875755951220444,-0.9579926745526037,-1.3611728328114847,-2.568826683176025,-6.876483544384435,0.842111263890668,2.662838235991377,-1.6780773387948535,0.2547628624223804,0.40876334663825153,1.0472314455672669,0.9554575861438613,0.936729726101263,-1.407216280100362,4.068776177061054,-1.140774624911364,1.4589640210303367,2.4215166020707635,-4.864305217903594,3.9660183301864715,-0.30955183933796304,-4.543611006868309,-0.579640907408239,-2.7602831823054084,2.1959709593605723,0.7396652286324827,-0.145590375773259,3.8772497332726212,0.8822081905383241,0.23367209947246545,-0.7406509682049351,-5.106917281719258,-1.4632228287501405,-4.5451457061977045,-1.720860119991726,86.789
20798,-3.1979919033472117,-4.019441433666105,-0.7103249765450138,-2.877405629039522,1.2716443717859085,0.3100445985681198,-0.9373072410556628,1.6485007608440443,0.04001097036002766,1.2208783114920618,0.8231394151015748,-0.27056983362617865,-4.585486291682671,-1.2375664204438523,-0.39260505499616727,-0.35573574040648226,4.25311526373283,3.2782503529485907,-0.37880253169717804,0.9052629630741683,-4.390930532797267,-0.9151937587559386,-4.547009618329335,-4.965209409786408,0.5081149541742506,3.727734813004819,2.6469884033575175,0.6948923361041852,-1.0906403348542342,0.009038106494998976,2.182157966302333,0.30890633952311525,1.3395356601703459,-3.270514470676381,2.478188256491719,0.7220747422360233,1.2660066226684568,0.13560662706970983,2.7004229858080486,3.37346125609747,1.2308865970171343,0.15016035526575172,-1.7955390933752313,0.8940693484249206,-1.3640338174677704,1.4847631807227442,-2.663956057024806,1.0285674222948267,-1.722471237220025,4.480724293989805,1.396004259400153,1.633011131930257,-0.14154037216848953,-3.0516460338561417,-0.6558880083379497,-0.9906025923006607,-0.8530125637257022,-1.6533908855062793,-2.2723288497489293,-3.9652983657228695,-20.073
20799,-1.6433733610246075,-3.699206158003532,1.6645192770045667,-2.1442776154921934,0.007151990573725064,0.5033962569863648,1.3144032729483939,-0.8009868656035661,-0.10418147881615641,1.516696122974787,-1.257414636634408,3.873253639683957,-1.9178592316760614,0.5546634617557266,0.5443695962960635,-0.7788820870861148,0.4676178878529661,3.6950616011250377,1.2539003445976777,0.5750836281386633,-3.0876003283987914,0.5849736156373944,-2.2419720752012053,-2.858224086744304,3.418154816530243,-0.9002357121024533,1.885693670807974,0.6408336666798408,2.74606999520571,0.6719027729713789,-0.4223902856945437,-1.7998103559101224,1.6134845737102197,-3.956371187295446,1.2906560893002283,-1.9920078403378445,0.33061654194131723,1.5071800497106709,2.5880863481484195,-1.4254073828832263,-1.221002409583133,-1.2522082865666249,0.7807082746583863,2.2092809904681396,-0.3542776220807148,3.888515760047591,-2.0321990337083133,2.9382003405467936,-1.4830652516689704,-0.24588146631853047,-0.7002433659605847,-1.832784743618914,0.4354462768765597,-5.067082631144002,-1.1513040936986585,0.08820526841163828,-1.4662275129287086,-2.433940559806632,1.669058679789288,-7.425593513914972,36.206
20800,2.3510880906530702,-0.30285676303929476,1.8853792746808484,-2.1014926349514664,2.148446618325065,0.13193054345463073,0.9564877148275339,-1.5840510587932204,3.90893903443609,2.092390666199467,-0.4748203230718897,-4.122195261896335,-2.695888894271215,-1.787333198477376,-0.39086803431476924,0.28575741124114284,7.376822010224603,1.7620054466684851,0.15953372535930355,0.1822221422712438,1.5608023902551218,-1.2126216520481055,-0.6018102682882257,1.3383520150348291,-5.077577907409798,3.0226532886247424,-0.4771316981471283,-2.4053027933674813,-3.3077449150739042,-5.740545167460901,-0.7283962234759431,0.3307579712650206,-0.5185927406579055,-3.4788029240471214,0.7707511508694117,1.3175310168636076,1.2198989733865306,0.8737473563464373,-2.855663996980856,7.032809631301666,-2.1054793459488352,0.10741622919509314,-0.5708534371688392,-2.441052067377607,1.9313298742409315,1.957666418968103,-1.7912127461780176,-2.6905841677331592,-1.2733246385353796,4.583885807728606,2.759373800232648,1.4013039936844462,3.1527147787756022,-0.939590648904,1.5778394334704147,-1.0144710818565212,-1.5249813475868472,-3.147823131601503,-4.793592582526074,-0.800118751892016,42.785
